op,variant,weight_format,block_size,size,ns_per_iter,gflops,gbps,sclk_mhz,sclk_mhz_min,sclk_mhz_max,power_w,detail
peak,fma_fp32,,0,40,19864244.300,3957.8598,0.0000,2832.5,2818.0,2845.0,123.65,
peak,fma_fp32,,0,80,20008560.500,7878.3231,0.0000,2859.1,2850.0,2867.0,107.01,
peak,fma_fp32,,0,160,20063575.000,15620.0382,0.0000,2875.3,2870.0,2880.0,107.58,
peak,fma_fp32,,0,320,20094085.000,22808.7406,0.0000,2884.8,2882.0,2888.0,119.47,
peak,fma_fp32,,0,640,20073906.650,20095.7869,0.0000,2890.0,2889.0,2892.0,131.51,
peak,fma_fp32,,0,1280,20028167.750,19352.7221,0.0000,2892.5,2891.0,2893.0,140.00,
peak,fma_pk_fp16,,0,40,19860230.650,6406.7749,0.0000,2889.5,2887.0,2891.0,126.90,
peak,fma_pk_fp16,,0,80,19920471.100,12766.8643,0.0000,2893.6,2892.0,2895.0,112.37,
peak,fma_pk_fp16,,0,160,19509476.200,25281.3839,0.0000,2894.3,2893.0,2895.0,118.01,
peak,fma_pk_fp16,,0,320,20044222.250,24666.3600,0.0000,2895.5,2895.0,2896.0,126.82,
peak,fma_pk_fp16,,0,640,20081589.250,23858.5030,0.0000,2897.3,2897.0,2898.0,130.64,
peak,fma_pk_fp16,,0,1280,20095910.450,23524.4503,0.0000,2898.1,2898.0,2899.0,134.60,
peak,dot4_int8,,0,40,19900419.000,12825.6191,0.0000,2899.0,2899.0,2899.0,121.05,
peak,dot4_int8,,0,80,20011810.650,25560.3134,0.0000,2899.0,2899.0,2899.0,106.63,
peak,dot4_int8,,0,160,20042434.850,50102.0711,0.0000,2899.8,2899.0,2900.0,109.03,
peak,dot4_int8,,0,320,20096685.950,53999.8730,0.0000,2900.0,2900.0,2900.0,117.86,
peak,dot4_int8,,0,640,20078793.950,52383.6429,0.0000,2896.8,2896.0,2898.0,126.04,
peak,dot4_int8,,0,1280,20048300.000,51743.3759,0.0000,2898.0,2898.0,2898.0,131.53,
peak,wmma_fp16,,0,40,19954363.500,27888.7811,0.0000,2899.0,2899.0,2899.0,119.89,
peak,wmma_fp16,,0,80,20020096.400,55502.5050,0.0000,2898.8,2898.0,2899.0,111.03,
peak,wmma_fp16,,0,160,20012155.300,55452.4834,0.0000,2899.0,2899.0,2899.0,108.93,
peak,wmma_fp16,,0,320,20002232.450,55512.2328,0.0000,2899.2,2899.0,2900.0,108.54,
peak,wmma_fp16,,0,640,20006246.100,55443.9664,0.0000,2900.0,2900.0,2900.0,109.15,
peak,wmma_fp16,,0,1280,20033010.950,55411.7651,0.0000,2900.0,2900.0,2900.0,109.82,
peak,wmma_int8,,0,40,19954395.550,27913.6969,0.0000,2900.0,2900.0,2900.0,100.84,
peak,wmma_int8,,0,80,20003807.450,55653.9795,0.0000,2900.0,2900.0,2900.0,96.03,
peak,wmma_int8,,0,160,19997399.300,55655.1654,0.0000,2900.0,2900.0,2900.0,97.26,
peak,wmma_int8,,0,320,19985967.550,55650.2736,0.0000,2900.0,2900.0,2900.0,98.81,
peak,wmma_int8,,0,640,20033419.700,55561.3775,0.0000,2900.0,2900.0,2900.0,100.06,
peak,wmma_int8,,0,1280,19993031.000,55608.5849,0.0000,2900.0,2900.0,2900.0,101.02,
overhead,empty_dispatch,,0,1,376.700,0.0000,0.0000,2900.0,2900.0,2900.0,101.11,
overhead,empty_dispatch,,0,40,288.500,0.0000,0.0000,2900.0,2900.0,2900.0,102.07,
overhead,empty_dispatch,,0,640,693.300,0.0000,0.0000,2900.0,2900.0,2900.0,103.06,
overhead,empty_dispatch,,0,4096,3071.800,0.0000,0.0000,2900.0,2900.0,2900.0,103.92,
overhead,empty_dispatch,,0,65536,45484.400,0.0000,0.0000,2900.0,2900.0,2900.0,104.80,
bandwidth,copy,,0,262144,3115.900,0.0000,673.0486,2891.0,2891.0,2891.0,104.89,
bandwidth,copy,,0,524288,5676.750,0.0000,738.8566,2869.0,2869.0,2869.0,104.63,
bandwidth,copy,,0,1048576,10826.550,0.0000,774.8182,2821.0,2821.0,2821.0,103.51,
bandwidth,copy,,0,2097152,21049.950,0.0000,797.0193,2813.0,2813.0,2813.0,122.73,
bandwidth,copy,,0,3145728,31357.550,0.0000,802.5443,2813.0,2813.0,2813.0,132.35,
bandwidth,copy,,0,4194304,41713.250,0.0000,804.4070,2813.0,2813.0,2813.0,136.20,
bandwidth,copy,,0,6291456,214469.450,0.0000,234.6798,2813.4,2813.0,2814.0,136.88,
bandwidth,copy,,0,8388608,283468.550,0.0000,236.7418,2813.0,2813.0,2813.0,136.20,
bandwidth,copy,,0,12582912,426528.400,0.0000,236.0061,2814.3,2814.0,2815.0,135.94,
bandwidth,copy,,0,16777216,567508.250,0.0000,236.5036,2814.0,2814.0,2814.0,136.29,
bandwidth,copy,,0,33554432,1130550.050,0.0000,237.4379,2815.5,2815.0,2816.0,135.09,
bandwidth,copy,,0,67108864,2269496.050,0.0000,236.5595,2800.2,2798.0,2802.0,134.33,
stride,rows1,,0,8192,17906.312,0.0000,936.9442,2821.0,2819.0,2823.0,134.36,touch=16MiB row=8192B span=16MiB rows=2048 lanes/row=64 rows/req=1 traversal=walk loads/req=1 inflight=1024B stride_mod_4k=0
stride,rows1_xw,,0,8192,30816.952,0.0000,544.4152,2827.3,2825.0,2829.0,131.87,touch=16MiB row=8192B span=16MiB rows=2048 lanes/row=64 rows/req=1 traversal=xw loads/req=1 inflight=1024B stride_mod_4k=0
stride,rows4,,0,8192,17830.943,0.0000,940.9046,2834.8,2833.0,2840.0,130.77,touch=16MiB row=8192B span=16MiB rows=2048 lanes/row=16 rows/req=4 traversal=walk loads/req=1 inflight=256B stride_mod_4k=0
stride,rows4_xw,,0,8192,49909.747,0.0000,336.1511,2839.5,2838.0,2841.0,130.53,touch=16MiB row=8192B span=16MiB rows=2048 lanes/row=16 rows/req=4 traversal=xw loads/req=1 inflight=256B stride_mod_4k=0
stride,rows16,,0,8192,17716.768,0.0000,946.9682,2855.0,2854.0,2856.0,126.58,touch=16MiB row=8192B span=16MiB rows=2048 lanes/row=4 rows/req=16 traversal=walk loads/req=1 inflight=64B stride_mod_4k=0
stride,rows16_xw,,0,8192,73787.683,0.0000,227.3715,2853.9,2852.0,2855.0,122.18,touch=16MiB row=8192B span=16MiB rows=2048 lanes/row=4 rows/req=16 traversal=xw loads/req=1 inflight=64B stride_mod_4k=0
stride,rows32,,0,8192,17684.099,0.0000,948.7176,2852.1,2851.0,2853.0,124.10,touch=16MiB row=8192B span=16MiB rows=2048 lanes/row=2 rows/req=32 traversal=walk loads/req=1 inflight=32B stride_mod_4k=0
stride,rows32_xw,,0,8192,106905.117,0.0000,156.9356,2855.6,2854.0,2857.0,123.56,touch=16MiB row=8192B span=16MiB rows=2048 lanes/row=2 rows/req=32 traversal=xw loads/req=1 inflight=32B stride_mod_4k=0
stride,rows64,,0,8192,19199.442,0.0000,873.8387,2869.7,2869.0,2870.0,121.93,touch=16MiB row=8192B span=16MiB rows=2048 lanes/row=1 rows/req=64 traversal=walk loads/req=1 inflight=16B stride_mod_4k=0
stride,rows64_xw,,0,8192,141417.595,0.0000,118.6360,2871.9,2871.0,2873.0,121.78,touch=16MiB row=8192B span=16MiB rows=2048 lanes/row=1 rows/req=64 traversal=xw loads/req=1 inflight=16B stride_mod_4k=0
stride,rows1_xw_l2,,0,8192,18169.996,0.0000,923.3473,2877.7,2877.0,2878.0,117.58,touch=16MiB row=8192B span=16MiB rows=2048 lanes/row=64 rows/req=1 traversal=xw loads/req=2 inflight=2048B stride_mod_4k=0
stride,rows1_xw_l4,,0,8192,17592.416,0.0000,953.6619,2863.2,2862.0,2864.0,119.61,touch=16MiB row=8192B span=16MiB rows=2048 lanes/row=64 rows/req=1 traversal=xw loads/req=4 inflight=4096B stride_mod_4k=0
stride,rows1_xw_l8,,0,8192,17686.214,0.0000,948.6041,2847.1,2846.0,2848.0,118.45,touch=16MiB row=8192B span=16MiB rows=2048 lanes/row=64 rows/req=1 traversal=xw loads/req=8 inflight=8192B stride_mod_4k=0
stride,rows1,,0,8208,18843.212,0.0000,890.3586,2851.5,2851.0,2852.0,119.87,touch=16MiB row=8192B span=16MiB rows=2048 lanes/row=64 rows/req=1 traversal=walk loads/req=1 inflight=1024B stride_mod_4k=16
stride,rows1_xw,,0,8208,19087.277,0.0000,878.9738,2857.1,2856.0,2858.0,122.19,touch=16MiB row=8192B span=16MiB rows=2048 lanes/row=64 rows/req=1 traversal=xw loads/req=1 inflight=1024B stride_mod_4k=16
stride,rows4,,0,8208,17780.159,0.0000,943.5920,2862.0,2861.0,2863.0,125.99,touch=16MiB row=8192B span=16MiB rows=2048 lanes/row=16 rows/req=4 traversal=walk loads/req=1 inflight=256B stride_mod_4k=16
stride,rows4_xw,,0,8208,18099.928,0.0000,926.9217,2860.3,2859.0,2864.0,126.92,touch=16MiB row=8192B span=16MiB rows=2048 lanes/row=16 rows/req=4 traversal=xw loads/req=1 inflight=256B stride_mod_4k=16
stride,rows16,,0,8208,17814.022,0.0000,941.7983,2863.8,2863.0,2865.0,129.98,touch=16MiB row=8192B span=16MiB rows=2048 lanes/row=4 rows/req=16 traversal=walk loads/req=1 inflight=64B stride_mod_4k=16
stride,rows16_xw,,0,8208,18151.806,0.0000,924.2726,2860.7,2860.0,2862.0,135.05,touch=16MiB row=8192B span=16MiB rows=2048 lanes/row=4 rows/req=16 traversal=xw loads/req=1 inflight=64B stride_mod_4k=16
stride,rows32,,0,8208,17991.993,0.0000,932.4823,2867.7,2867.0,2869.0,136.67,touch=16MiB row=8192B span=16MiB rows=2048 lanes/row=2 rows/req=32 traversal=walk loads/req=1 inflight=32B stride_mod_4k=16
stride,rows32_xw,,0,8208,19058.863,0.0000,880.2842,2869.8,2869.0,2871.0,137.46,touch=16MiB row=8192B span=16MiB rows=2048 lanes/row=2 rows/req=32 traversal=xw loads/req=1 inflight=32B stride_mod_4k=16
stride,rows64,,0,8208,19900.569,0.0000,843.0521,2867.0,2866.0,2868.0,139.19,touch=16MiB row=8192B span=16MiB rows=2048 lanes/row=1 rows/req=64 traversal=walk loads/req=1 inflight=16B stride_mod_4k=16
stride,rows64_xw,,0,8208,27972.166,0.0000,599.7825,2873.3,2873.0,2874.0,140.26,touch=16MiB row=8192B span=16MiB rows=2048 lanes/row=1 rows/req=64 traversal=xw loads/req=1 inflight=16B stride_mod_4k=16
stride,rows1_xw_l2,,0,8208,18750.117,0.0000,894.7793,2878.2,2878.0,2879.0,140.36,touch=16MiB row=8192B span=16MiB rows=2048 lanes/row=64 rows/req=1 traversal=xw loads/req=2 inflight=2048B stride_mod_4k=16
stride,rows1_xw_l4,,0,8208,18167.986,0.0000,923.4494,2864.5,2864.0,2865.0,134.82,touch=16MiB row=8192B span=16MiB rows=2048 lanes/row=64 rows/req=1 traversal=xw loads/req=4 inflight=4096B stride_mod_4k=16
stride,rows1_xw_l8,,0,8208,18386.452,0.0000,912.4771,2866.5,2866.0,2867.0,134.52,touch=16MiB row=8192B span=16MiB rows=2048 lanes/row=64 rows/req=1 traversal=xw loads/req=8 inflight=8192B stride_mod_4k=16
stride,rows1,,0,8256,18999.753,0.0000,883.0228,2859.0,2859.0,2859.0,133.18,touch=16MiB row=8192B span=16MiB rows=2048 lanes/row=64 rows/req=1 traversal=walk loads/req=1 inflight=1024B stride_mod_4k=64
stride,rows1_xw,,0,8256,18714.998,0.0000,896.4583,2861.2,2860.0,2862.0,133.66,touch=16MiB row=8192B span=16MiB rows=2048 lanes/row=64 rows/req=1 traversal=xw loads/req=1 inflight=1024B stride_mod_4k=64
stride,rows4,,0,8256,17889.740,0.0000,937.8122,2858.9,2858.0,2860.0,133.77,touch=16MiB row=8192B span=16MiB rows=2048 lanes/row=16 rows/req=4 traversal=walk loads/req=1 inflight=256B stride_mod_4k=64
stride,rows4_xw,,0,8256,18884.604,0.0000,888.4071,2862.8,2862.0,2864.0,134.76,touch=16MiB row=8192B span=16MiB rows=2048 lanes/row=16 rows/req=4 traversal=xw loads/req=1 inflight=256B stride_mod_4k=64
stride,rows16,,0,8256,17900.737,0.0000,937.2361,2864.1,2863.0,2865.0,135.80,touch=16MiB row=8192B span=16MiB rows=2048 lanes/row=4 rows/req=16 traversal=walk loads/req=1 inflight=64B stride_mod_4k=64
stride,rows16_xw,,0,8256,19836.841,0.0000,845.7605,2867.0,2866.0,2868.0,137.12,touch=16MiB row=8192B span=16MiB rows=2048 lanes/row=4 rows/req=16 traversal=xw loads/req=1 inflight=64B stride_mod_4k=64
stride,rows32,,0,8256,17964.855,0.0000,933.8910,2871.0,2870.0,2872.0,137.91,touch=16MiB row=8192B span=16MiB rows=2048 lanes/row=2 rows/req=32 traversal=walk loads/req=1 inflight=32B stride_mod_4k=64
stride,rows32_xw,,0,8256,24606.669,0.0000,681.8158,2872.8,2872.0,2873.0,138.24,touch=16MiB row=8192B span=16MiB rows=2048 lanes/row=2 rows/req=32 traversal=xw loads/req=1 inflight=32B stride_mod_4k=64
stride,rows64,,0,8256,19085.134,0.0000,879.0725,2879.4,2879.0,2880.0,138.08,touch=16MiB row=8192B span=16MiB rows=2048 lanes/row=1 rows/req=64 traversal=walk loads/req=1 inflight=16B stride_mod_4k=64
stride,rows64_xw,,0,8256,34447.821,0.0000,487.0327,2879.1,2879.0,2880.0,138.27,touch=16MiB row=8192B span=16MiB rows=2048 lanes/row=1 rows/req=64 traversal=xw loads/req=1 inflight=16B stride_mod_4k=64
stride,rows1_xw_l2,,0,8256,18164.691,0.0000,923.6169,2885.3,2885.0,2886.0,136.87,touch=16MiB row=8192B span=16MiB rows=2048 lanes/row=64 rows/req=1 traversal=xw loads/req=2 inflight=2048B stride_mod_4k=64
stride,rows1_xw_l4,,0,8256,17938.532,0.0000,935.2613,2883.0,2883.0,2883.0,135.33,touch=16MiB row=8192B span=16MiB rows=2048 lanes/row=64 rows/req=1 traversal=xw loads/req=4 inflight=4096B stride_mod_4k=64
stride,rows1_xw_l8,,0,8256,18148.202,0.0000,924.4561,2881.0,2881.0,2881.0,133.61,touch=16MiB row=8192B span=16MiB rows=2048 lanes/row=64 rows/req=1 traversal=xw loads/req=8 inflight=8192B stride_mod_4k=64
stride,rows1,,0,8320,18852.360,0.0000,889.9266,2879.0,2879.0,2879.0,132.67,touch=16MiB row=8192B span=16MiB rows=2048 lanes/row=64 rows/req=1 traversal=walk loads/req=1 inflight=1024B stride_mod_4k=128
stride,rows1_xw,,0,8320,17664.882,0.0000,949.7497,2881.1,2881.0,2882.0,133.81,touch=16MiB row=8192B span=16MiB rows=2048 lanes/row=64 rows/req=1 traversal=xw loads/req=1 inflight=1024B stride_mod_4k=128
stride,rows4,,0,8320,17760.644,0.0000,944.6288,2879.5,2879.0,2880.0,134.23,touch=16MiB row=8192B span=16MiB rows=2048 lanes/row=16 rows/req=4 traversal=walk loads/req=1 inflight=256B stride_mod_4k=128
stride,rows4_xw,,0,8320,17699.671,0.0000,947.8829,2873.5,2873.0,2874.0,134.49,touch=16MiB row=8192B span=16MiB rows=2048 lanes/row=16 rows/req=4 traversal=xw loads/req=1 inflight=256B stride_mod_4k=128
stride,rows16,,0,8320,17767.789,0.0000,944.2489,2874.7,2874.0,2875.0,134.41,touch=16MiB row=8192B span=16MiB rows=2048 lanes/row=4 rows/req=16 traversal=walk loads/req=1 inflight=64B stride_mod_4k=128
stride,rows16_xw,,0,8320,18071.416,0.0000,928.3842,2869.7,2869.0,2870.0,134.50,touch=16MiB row=8192B span=16MiB rows=2048 lanes/row=4 rows/req=16 traversal=xw loads/req=1 inflight=64B stride_mod_4k=128
stride,rows32,,0,8320,17405.961,0.0000,963.8776,2858.1,2858.0,2859.0,135.57,touch=16MiB row=8192B span=16MiB rows=2048 lanes/row=2 rows/req=32 traversal=walk loads/req=1 inflight=32B stride_mod_4k=128
stride,rows32_xw,,0,8320,22002.980,0.0000,762.4975,2863.9,2863.0,2865.0,136.69,touch=16MiB row=8192B span=16MiB rows=2048 lanes/row=2 rows/req=32 traversal=xw loads/req=1 inflight=32B stride_mod_4k=128
stride,rows64,,0,8320,18940.956,0.0000,885.7640,2874.4,2874.0,2875.0,138.50,touch=16MiB row=8192B span=16MiB rows=2048 lanes/row=1 rows/req=64 traversal=walk loads/req=1 inflight=16B stride_mod_4k=128
stride,rows64_xw,,0,8320,30110.982,0.0000,557.1793,2877.7,2877.0,2878.0,138.07,touch=16MiB row=8192B span=16MiB rows=2048 lanes/row=1 rows/req=64 traversal=xw loads/req=1 inflight=16B stride_mod_4k=128
stride,rows1_xw_l2,,0,8320,17697.772,0.0000,947.9846,2883.1,2883.0,2884.0,135.58,touch=16MiB row=8192B span=16MiB rows=2048 lanes/row=64 rows/req=1 traversal=xw loads/req=2 inflight=2048B stride_mod_4k=128
stride,rows1_xw_l4,,0,8320,17635.505,0.0000,951.3318,2883.8,2883.0,2884.0,135.18,touch=16MiB row=8192B span=16MiB rows=2048 lanes/row=64 rows/req=1 traversal=xw loads/req=4 inflight=4096B stride_mod_4k=128
stride,rows1_xw_l8,,0,8320,17763.106,0.0000,944.4979,2866.5,2866.0,2867.0,130.20,touch=16MiB row=8192B span=16MiB rows=2048 lanes/row=64 rows/req=1 traversal=xw loads/req=8 inflight=8192B stride_mod_4k=128
stride,rows1,,0,8448,17852.413,0.0000,939.7730,2868.8,2868.0,2870.0,128.86,touch=16MiB row=8192B span=16MiB rows=2048 lanes/row=64 rows/req=1 traversal=walk loads/req=1 inflight=1024B stride_mod_4k=256
stride,rows1_xw,,0,8448,18422.911,0.0000,910.6713,2854.6,2854.0,2856.0,129.74,touch=16MiB row=8192B span=16MiB rows=2048 lanes/row=64 rows/req=1 traversal=xw loads/req=1 inflight=1024B stride_mod_4k=256
stride,rows4,,0,8448,17830.661,0.0000,940.9195,2857.1,2856.0,2858.0,130.30,touch=16MiB row=8192B span=16MiB rows=2048 lanes/row=16 rows/req=4 traversal=walk loads/req=1 inflight=256B stride_mod_4k=256
stride,rows4_xw,,0,8448,18383.801,0.0000,912.6087,2854.7,2854.0,2855.0,131.11,touch=16MiB row=8192B span=16MiB rows=2048 lanes/row=16 rows/req=4 traversal=xw loads/req=1 inflight=256B stride_mod_4k=256
stride,rows16,,0,8448,17625.564,0.0000,951.8683,2863.4,2862.0,2864.0,132.93,touch=16MiB row=8192B span=16MiB rows=2048 lanes/row=4 rows/req=16 traversal=walk loads/req=1 inflight=64B stride_mod_4k=256
stride,rows16_xw,,0,8448,19515.188,0.0000,859.7005,2866.3,2865.0,2867.0,134.46,touch=16MiB row=8192B span=16MiB rows=2048 lanes/row=4 rows/req=16 traversal=xw loads/req=1 inflight=64B stride_mod_4k=256
stride,rows32,,0,8448,17828.480,0.0000,941.0346,2868.6,2868.0,2869.0,135.17,touch=16MiB row=8192B span=16MiB rows=2048 lanes/row=2 rows/req=32 traversal=walk loads/req=1 inflight=32B stride_mod_4k=256
stride,rows32_xw,,0,8448,27609.418,0.0000,607.6628,2864.6,2864.0,2865.0,135.26,touch=16MiB row=8192B span=16MiB rows=2048 lanes/row=2 rows/req=32 traversal=xw loads/req=1 inflight=32B stride_mod_4k=256
stride,rows64,,0,8448,19464.582,0.0000,861.9356,2872.2,2872.0,2873.0,136.03,touch=16MiB row=8192B span=16MiB rows=2048 lanes/row=1 rows/req=64 traversal=walk loads/req=1 inflight=16B stride_mod_4k=256
stride,rows64_xw,,0,8448,45574.941,0.0000,368.1237,2875.2,2875.0,2876.0,135.80,touch=16MiB row=8192B span=16MiB rows=2048 lanes/row=1 rows/req=64 traversal=xw loads/req=1 inflight=16B stride_mod_4k=256
stride,rows1_xw_l2,,0,8448,17743.713,0.0000,945.5302,2881.0,2881.0,2881.0,133.51,touch=16MiB row=8192B span=16MiB rows=2048 lanes/row=64 rows/req=1 traversal=xw loads/req=2 inflight=2048B stride_mod_4k=256
stride,rows1_xw_l4,,0,8448,17797.747,0.0000,942.6596,2881.3,2881.0,2883.0,132.83,touch=16MiB row=8192B span=16MiB rows=2048 lanes/row=64 rows/req=1 traversal=xw loads/req=4 inflight=4096B stride_mod_4k=256
stride,rows1_xw_l8,,0,8448,17704.548,0.0000,947.6218,2880.8,2880.0,2881.0,130.60,touch=16MiB row=8192B span=16MiB rows=2048 lanes/row=64 rows/req=1 traversal=xw loads/req=8 inflight=8192B stride_mod_4k=256
stride,rows1,,0,8704,17490.565,0.0000,959.2152,2883.0,2883.0,2883.0,129.24,touch=16MiB row=8192B span=17MiB rows=2048 lanes/row=64 rows/req=1 traversal=walk loads/req=1 inflight=1024B stride_mod_4k=512
stride,rows1_xw,,0,8704,17769.202,0.0000,944.1739,2886.0,2886.0,2886.0,131.12,touch=16MiB row=8192B span=17MiB rows=2048 lanes/row=64 rows/req=1 traversal=xw loads/req=1 inflight=1024B stride_mod_4k=512
stride,rows4,,0,8704,17794.953,0.0000,942.8075,2881.4,2881.0,2882.0,131.38,touch=16MiB row=8192B span=17MiB rows=2048 lanes/row=16 rows/req=4 traversal=walk loads/req=1 inflight=256B stride_mod_4k=512
stride,rows4_xw,,0,8704,18330.090,0.0000,915.2828,2884.0,2883.0,2884.0,131.94,touch=16MiB row=8192B span=17MiB rows=2048 lanes/row=16 rows/req=4 traversal=xw loads/req=1 inflight=256B stride_mod_4k=512
stride,rows16,,0,8704,17907.925,0.0000,936.8599,2881.9,2881.0,2882.0,132.18,touch=16MiB row=8192B span=17MiB rows=2048 lanes/row=4 rows/req=16 traversal=walk loads/req=1 inflight=64B stride_mod_4k=512
stride,rows16_xw,,0,8704,19455.865,0.0000,862.3218,2866.5,2866.0,2868.0,132.76,touch=16MiB row=8192B span=17MiB rows=2048 lanes/row=4 rows/req=16 traversal=xw loads/req=1 inflight=64B stride_mod_4k=512
stride,rows32,,0,8704,17763.033,0.0000,944.5018,2864.7,2864.0,2866.0,133.18,touch=16MiB row=8192B span=17MiB rows=2048 lanes/row=2 rows/req=32 traversal=walk loads/req=1 inflight=32B stride_mod_4k=512
stride,rows32_xw,,0,8704,27143.711,0.0000,618.0885,2865.4,2864.0,2866.0,133.50,touch=16MiB row=8192B span=17MiB rows=2048 lanes/row=2 rows/req=32 traversal=xw loads/req=1 inflight=32B stride_mod_4k=512
stride,rows64,,0,8704,19926.443,0.0000,841.9574,2871.0,2871.0,2871.0,133.95,touch=16MiB row=8192B span=17MiB rows=2048 lanes/row=1 rows/req=64 traversal=walk loads/req=1 inflight=16B stride_mod_4k=512
stride,rows64_xw,,0,8704,45957.058,0.0000,365.0629,2875.6,2875.0,2876.0,133.53,touch=16MiB row=8192B span=17MiB rows=2048 lanes/row=1 rows/req=64 traversal=xw loads/req=1 inflight=16B stride_mod_4k=512
stride,rows1_xw_l2,,0,8704,17339.916,0.0000,967.5489,2877.9,2877.0,2878.0,132.40,touch=16MiB row=8192B span=17MiB rows=2048 lanes/row=64 rows/req=1 traversal=xw loads/req=2 inflight=2048B stride_mod_4k=512
stride,rows1_xw_l4,,0,8704,17575.678,0.0000,954.5701,2869.4,2869.0,2870.0,129.89,touch=16MiB row=8192B span=17MiB rows=2048 lanes/row=64 rows/req=1 traversal=xw loads/req=4 inflight=4096B stride_mod_4k=512
stride,rows1_xw_l8,,0,8704,17622.569,0.0000,952.0301,2875.2,2875.0,2876.0,128.59,touch=16MiB row=8192B span=17MiB rows=2048 lanes/row=64 rows/req=1 traversal=xw loads/req=8 inflight=8192B stride_mod_4k=512
stride,rows1,,0,9216,19369.492,0.0000,866.1671,2876.3,2876.0,2877.0,128.49,touch=16MiB row=8192B span=18MiB rows=2048 lanes/row=64 rows/req=1 traversal=walk loads/req=1 inflight=1024B stride_mod_4k=1024
stride,rows1_xw,,0,9216,17711.541,0.0000,947.2476,2880.3,2880.0,2881.0,130.57,touch=16MiB row=8192B span=18MiB rows=2048 lanes/row=64 rows/req=1 traversal=xw loads/req=1 inflight=1024B stride_mod_4k=1024
stride,rows4,,0,9216,17651.267,0.0000,950.4822,2875.6,2875.0,2876.0,132.10,touch=16MiB row=8192B span=18MiB rows=2048 lanes/row=16 rows/req=4 traversal=walk loads/req=1 inflight=256B stride_mod_4k=1024
stride,rows4_xw,,0,9216,25803.623,0.0000,650.1884,2876.7,2876.0,2877.0,132.47,touch=16MiB row=8192B span=18MiB rows=2048 lanes/row=16 rows/req=4 traversal=xw loads/req=1 inflight=256B stride_mod_4k=1024
stride,rows16,,0,9216,17658.410,0.0000,950.0978,2877.6,2877.0,2878.0,131.17,touch=16MiB row=8192B span=18MiB rows=2048 lanes/row=4 rows/req=16 traversal=walk loads/req=1 inflight=64B stride_mod_4k=1024
stride,rows16_xw,,0,9216,34909.949,0.0000,480.5855,2879.0,2879.0,2879.0,131.36,touch=16MiB row=8192B span=18MiB rows=2048 lanes/row=4 rows/req=16 traversal=xw loads/req=1 inflight=64B stride_mod_4k=1024
stride,rows32,,0,9216,17635.057,0.0000,951.3559,2884.6,2884.0,2885.0,131.06,touch=16MiB row=8192B span=18MiB rows=2048 lanes/row=2 rows/req=32 traversal=walk loads/req=1 inflight=32B stride_mod_4k=1024
stride,rows32_xw,,0,9216,55026.762,0.0000,304.8919,2885.7,2885.0,2886.0,130.77,touch=16MiB row=8192B span=18MiB rows=2048 lanes/row=2 rows/req=32 traversal=xw loads/req=1 inflight=32B stride_mod_4k=1024
stride,rows64,,0,9216,20177.330,0.0000,831.4884,2890.0,2890.0,2890.0,129.25,touch=16MiB row=8192B span=18MiB rows=2048 lanes/row=1 rows/req=64 traversal=walk loads/req=1 inflight=16B stride_mod_4k=1024
stride,rows64_xw,,0,9216,96511.056,0.0000,173.8372,2892.0,2892.0,2892.0,124.85,touch=16MiB row=8192B span=18MiB rows=2048 lanes/row=1 rows/req=64 traversal=xw loads/req=1 inflight=16B stride_mod_4k=1024
stride,rows1_xw_l2,,0,9216,18849.519,0.0000,890.0607,2893.0,2893.0,2893.0,124.98,touch=16MiB row=8192B span=18MiB rows=2048 lanes/row=64 rows/req=1 traversal=xw loads/req=2 inflight=2048B stride_mod_4k=1024
stride,rows1_xw_l4,,0,9216,17562.967,0.0000,955.2609,2894.0,2894.0,2894.0,124.96,touch=16MiB row=8192B span=18MiB rows=2048 lanes/row=64 rows/req=1 traversal=xw loads/req=4 inflight=4096B stride_mod_4k=1024
stride,rows1_xw_l8,,0,9216,17664.125,0.0000,949.7904,2895.0,2895.0,2895.0,124.71,touch=16MiB row=8192B span=18MiB rows=2048 lanes/row=64 rows/req=1 traversal=xw loads/req=8 inflight=8192B stride_mod_4k=1024
stride,rows1,,0,10240,18807.095,0.0000,892.0684,2889.0,2889.0,2889.0,124.31,touch=16MiB row=8192B span=20MiB rows=2048 lanes/row=64 rows/req=1 traversal=walk loads/req=1 inflight=1024B stride_mod_4k=2048
stride,rows1_xw,,0,10240,30182.562,0.0000,555.8579,2890.0,2890.0,2890.0,125.78,touch=16MiB row=8192B span=20MiB rows=2048 lanes/row=64 rows/req=1 traversal=xw loads/req=1 inflight=1024B stride_mod_4k=2048
stride,rows4,,0,10240,17685.287,0.0000,948.6539,2892.7,2892.0,2893.0,125.95,touch=16MiB row=8192B span=20MiB rows=2048 lanes/row=16 rows/req=4 traversal=walk loads/req=1 inflight=256B stride_mod_4k=2048
stride,rows4_xw,,0,10240,49118.351,0.0000,341.5672,2885.0,2885.0,2887.0,126.08,touch=16MiB row=8192B span=20MiB rows=2048 lanes/row=16 rows/req=4 traversal=xw loads/req=1 inflight=256B stride_mod_4k=2048
stride,rows16,,0,10240,17359.826,0.0000,966.4392,2887.0,2887.0,2887.0,123.76,touch=16MiB row=8192B span=20MiB rows=2048 lanes/row=4 rows/req=16 traversal=walk loads/req=1 inflight=64B stride_mod_4k=2048
stride,rows16_xw,,0,10240,71016.141,0.0000,236.2451,2888.7,2888.0,2889.0,124.26,touch=16MiB row=8192B span=20MiB rows=2048 lanes/row=4 rows/req=16 traversal=xw loads/req=1 inflight=64B stride_mod_4k=2048
stride,rows32,,0,10240,17700.268,0.0000,947.8509,2883.9,2883.0,2884.0,121.05,touch=16MiB row=8192B span=20MiB rows=2048 lanes/row=2 rows/req=32 traversal=walk loads/req=1 inflight=32B stride_mod_4k=2048
stride,rows32_xw,,0,10240,116363.467,0.0000,144.1794,2886.0,2886.0,2886.0,122.45,touch=16MiB row=8192B span=20MiB rows=2048 lanes/row=2 rows/req=32 traversal=xw loads/req=1 inflight=32B stride_mod_4k=2048
stride,rows64,,0,10240,20357.071,0.0000,824.1469,2889.5,2889.0,2890.0,123.09,touch=16MiB row=8192B span=20MiB rows=2048 lanes/row=1 rows/req=64 traversal=walk loads/req=1 inflight=16B stride_mod_4k=2048
stride,rows64_xw,,0,10240,150287.837,0.0000,111.6339,2888.0,2888.0,2888.0,122.61,touch=16MiB row=8192B span=20MiB rows=2048 lanes/row=1 rows/req=64 traversal=xw loads/req=1 inflight=16B stride_mod_4k=2048
stride,rows1_xw_l2,,0,10240,17878.117,0.0000,938.4219,2883.1,2883.0,2887.0,119.36,touch=16MiB row=8192B span=20MiB rows=2048 lanes/row=64 rows/req=1 traversal=xw loads/req=2 inflight=2048B stride_mod_4k=2048
stride,rows1_xw_l4,,0,10240,17603.519,0.0000,953.0603,2884.1,2884.0,2885.0,119.88,touch=16MiB row=8192B span=20MiB rows=2048 lanes/row=64 rows/req=1 traversal=xw loads/req=4 inflight=4096B stride_mod_4k=2048
stride,rows1_xw_l8,,0,10240,18071.829,0.0000,928.3629,2880.0,2880.0,2880.0,120.12,touch=16MiB row=8192B span=20MiB rows=2048 lanes/row=64 rows/req=1 traversal=xw loads/req=8 inflight=8192B stride_mod_4k=2048
stride,rows1,,0,11264,17971.366,0.0000,933.5527,2877.6,2877.0,2878.0,122.13,touch=16MiB row=8192B span=22MiB rows=2048 lanes/row=64 rows/req=1 traversal=walk loads/req=1 inflight=1024B stride_mod_4k=3072
stride,rows1_xw,,0,11264,17440.456,0.0000,961.9712,2879.4,2879.0,2880.0,124.95,touch=16MiB row=8192B span=22MiB rows=2048 lanes/row=64 rows/req=1 traversal=xw loads/req=1 inflight=1024B stride_mod_4k=3072
stride,rows4,,0,11264,17874.983,0.0000,938.5864,2878.8,2878.0,2879.0,127.85,touch=16MiB row=8192B span=22MiB rows=2048 lanes/row=16 rows/req=4 traversal=walk loads/req=1 inflight=256B stride_mod_4k=3072
stride,rows4_xw,,0,11264,25935.530,0.0000,646.8816,2881.1,2881.0,2882.0,128.50,touch=16MiB row=8192B span=22MiB rows=2048 lanes/row=16 rows/req=4 traversal=xw loads/req=1 inflight=256B stride_mod_4k=3072
stride,rows16,,0,11264,17664.625,0.0000,949.7635,2880.5,2880.0,2881.0,129.19,touch=16MiB row=8192B span=22MiB rows=2048 lanes/row=4 rows/req=16 traversal=walk loads/req=1 inflight=64B stride_mod_4k=3072
stride,rows16_xw,,0,11264,35569.165,0.0000,471.6787,2881.9,2881.0,2882.0,129.02,touch=16MiB row=8192B span=22MiB rows=2048 lanes/row=4 rows/req=16 traversal=xw loads/req=1 inflight=64B stride_mod_4k=3072
stride,rows32,,0,11264,17700.674,0.0000,947.8292,2887.3,2887.0,2888.0,128.43,touch=16MiB row=8192B span=22MiB rows=2048 lanes/row=2 rows/req=32 traversal=walk loads/req=1 inflight=32B stride_mod_4k=3072
stride,rows32_xw,,0,11264,58661.513,0.0000,286.0004,2888.1,2888.0,2889.0,127.95,touch=16MiB row=8192B span=22MiB rows=2048 lanes/row=2 rows/req=32 traversal=xw loads/req=1 inflight=32B stride_mod_4k=3072
stride,rows64,,0,11264,20191.679,0.0000,830.8975,2892.0,2892.0,2892.0,126.33,touch=16MiB row=8192B span=22MiB rows=2048 lanes/row=1 rows/req=64 traversal=walk loads/req=1 inflight=16B stride_mod_4k=3072
stride,rows64_xw,,0,11264,100323.997,0.0000,167.2303,2892.0,2892.0,2892.0,126.57,touch=16MiB row=8192B span=22MiB rows=2048 lanes/row=1 rows/req=64 traversal=xw loads/req=1 inflight=16B stride_mod_4k=3072
stride,rows1_xw_l2,,0,11264,17805.708,0.0000,942.2381,2894.0,2894.0,2894.0,124.71,touch=16MiB row=8192B span=22MiB rows=2048 lanes/row=64 rows/req=1 traversal=xw loads/req=2 inflight=2048B stride_mod_4k=3072
stride,rows1_xw_l4,,0,11264,17266.384,0.0000,971.6693,2893.0,2893.0,2893.0,125.27,touch=16MiB row=8192B span=22MiB rows=2048 lanes/row=64 rows/req=1 traversal=xw loads/req=4 inflight=4096B stride_mod_4k=3072
stride,rows1_xw_l8,,0,11264,17663.626,0.0000,949.8172,2894.0,2894.0,2894.0,124.71,touch=16MiB row=8192B span=22MiB rows=2048 lanes/row=64 rows/req=1 traversal=xw loads/req=8 inflight=8192B stride_mod_4k=3072
stride,rows1,,0,12288,18120.185,0.0000,925.8855,2895.0,2895.0,2895.0,124.19,touch=16MiB row=8192B span=24MiB rows=2048 lanes/row=64 rows/req=1 traversal=walk loads/req=1 inflight=1024B stride_mod_4k=0
stride,rows1_xw,,0,12288,30480.299,0.0000,550.4282,2895.6,2895.0,2896.0,124.85,touch=16MiB row=8192B span=24MiB rows=2048 lanes/row=64 rows/req=1 traversal=xw loads/req=1 inflight=1024B stride_mod_4k=0
stride,rows4,,0,12288,17757.435,0.0000,944.7995,2892.9,2892.0,2893.0,126.53,touch=16MiB row=8192B span=24MiB rows=2048 lanes/row=16 rows/req=4 traversal=walk loads/req=1 inflight=256B stride_mod_4k=0
stride,rows4_xw,,0,12288,49306.497,0.0000,340.2638,2893.0,2893.0,2893.0,126.37,touch=16MiB row=8192B span=24MiB rows=2048 lanes/row=16 rows/req=4 traversal=xw loads/req=1 inflight=256B stride_mod_4k=0
stride,rows16,,0,12288,17752.680,0.0000,945.0526,2895.0,2895.0,2895.0,124.79,touch=16MiB row=8192B span=24MiB rows=2048 lanes/row=4 rows/req=16 traversal=walk loads/req=1 inflight=64B stride_mod_4k=0
stride,rows16_xw,,0,12288,72235.510,0.0000,232.2572,2889.0,2889.0,2889.0,125.24,touch=16MiB row=8192B span=24MiB rows=2048 lanes/row=4 rows/req=16 traversal=xw loads/req=1 inflight=64B stride_mod_4k=0
stride,rows32,,0,12288,17732.659,0.0000,946.1196,2892.0,2892.0,2892.0,122.78,touch=16MiB row=8192B span=24MiB rows=2048 lanes/row=2 rows/req=32 traversal=walk loads/req=1 inflight=32B stride_mod_4k=0
stride,rows32_xw,,0,12288,111537.994,0.0000,150.4171,2893.0,2893.0,2893.0,123.58,touch=16MiB row=8192B span=24MiB rows=2048 lanes/row=2 rows/req=32 traversal=xw loads/req=1 inflight=32B stride_mod_4k=0
stride,rows64,,0,12288,20239.120,0.0000,828.9499,2895.0,2895.0,2895.0,122.24,touch=16MiB row=8192B span=24MiB rows=2048 lanes/row=1 rows/req=64 traversal=walk loads/req=1 inflight=16B stride_mod_4k=0
stride,rows64_xw,,0,12288,152161.085,0.0000,110.2596,2895.0,2895.0,2895.0,121.80,touch=16MiB row=8192B span=24MiB rows=2048 lanes/row=1 rows/req=64 traversal=xw loads/req=1 inflight=16B stride_mod_4k=0
stride,rows1_xw_l2,,0,12288,17893.153,0.0000,937.6333,2896.2,2896.0,2897.0,118.85,touch=16MiB row=8192B span=24MiB rows=2048 lanes/row=64 rows/req=1 traversal=xw loads/req=2 inflight=2048B stride_mod_4k=0
stride,rows1_xw_l4,,0,12288,17615.969,0.0000,952.3868,2889.0,2889.0,2889.0,119.89,touch=16MiB row=8192B span=24MiB rows=2048 lanes/row=64 rows/req=1 traversal=xw loads/req=4 inflight=4096B stride_mod_4k=0
stride,rows1_xw_l8,,0,12288,17673.493,0.0000,949.2869,2890.0,2889.0,2890.0,120.23,touch=16MiB row=8192B span=24MiB rows=2048 lanes/row=64 rows/req=1 traversal=xw loads/req=8 inflight=8192B stride_mod_4k=0
stride,rows1,,0,14336,19887.847,0.0000,843.5913,2886.0,2886.0,2886.0,120.52,touch=16MiB row=8192B span=28MiB rows=2048 lanes/row=64 rows/req=1 traversal=walk loads/req=1 inflight=1024B stride_mod_4k=2048
stride,rows1_xw,,0,14336,30353.776,0.0000,552.7225,2888.0,2888.0,2888.0,122.50,touch=16MiB row=8192B span=28MiB rows=2048 lanes/row=64 rows/req=1 traversal=xw loads/req=1 inflight=1024B stride_mod_4k=2048
stride,rows4,,0,14336,17874.308,0.0000,938.6219,2889.7,2889.0,2890.0,122.79,touch=16MiB row=8192B span=28MiB rows=2048 lanes/row=16 rows/req=4 traversal=walk loads/req=1 inflight=256B stride_mod_4k=2048
stride,rows4_xw,,0,14336,49213.910,0.0000,340.9039,2868.8,2868.0,2870.0,124.59,touch=16MiB row=8192B span=28MiB rows=2048 lanes/row=16 rows/req=4 traversal=xw loads/req=1 inflight=256B stride_mod_4k=2048
stride,rows16,,0,14336,17727.902,0.0000,946.3734,2876.5,2876.0,2877.0,123.31,touch=16MiB row=8192B span=28MiB rows=2048 lanes/row=4 rows/req=16 traversal=walk loads/req=1 inflight=64B stride_mod_4k=2048
stride,rows16_xw,,0,14336,68158.263,0.0000,246.1509,2874.1,2874.0,2875.0,124.76,touch=16MiB row=8192B span=28MiB rows=2048 lanes/row=4 rows/req=16 traversal=xw loads/req=1 inflight=64B stride_mod_4k=2048
stride,rows32,,0,14336,17730.912,0.0000,946.2128,2876.8,2876.0,2877.0,125.11,touch=16MiB row=8192B span=28MiB rows=2048 lanes/row=2 rows/req=32 traversal=walk loads/req=1 inflight=32B stride_mod_4k=2048
stride,rows32_xw,,0,14336,108378.014,0.0000,154.8028,2878.5,2878.0,2879.0,124.66,touch=16MiB row=8192B span=28MiB rows=2048 lanes/row=2 rows/req=32 traversal=xw loads/req=1 inflight=32B stride_mod_4k=2048
stride,rows64,,0,14336,19899.022,0.0000,843.1176,2883.0,2883.0,2883.0,121.20,touch=16MiB row=8192B span=28MiB rows=2048 lanes/row=1 rows/req=64 traversal=walk loads/req=1 inflight=16B stride_mod_4k=2048
stride,rows64_xw,,0,14336,146910.194,0.0000,114.2005,2884.8,2884.0,2885.0,121.72,touch=16MiB row=8192B span=28MiB rows=2048 lanes/row=1 rows/req=64 traversal=xw loads/req=1 inflight=16B stride_mod_4k=2048
stride,rows1_xw_l2,,0,14336,17755.810,0.0000,944.8860,2887.2,2887.0,2888.0,118.84,touch=16MiB row=8192B span=28MiB rows=2048 lanes/row=64 rows/req=1 traversal=xw loads/req=2 inflight=2048B stride_mod_4k=2048
stride,rows1_xw_l4,,0,14336,17672.394,0.0000,949.3460,2888.0,2888.0,2888.0,119.18,touch=16MiB row=8192B span=28MiB rows=2048 lanes/row=64 rows/req=1 traversal=xw loads/req=4 inflight=4096B stride_mod_4k=2048
stride,rows1_xw_l8,,0,14336,17701.312,0.0000,947.7951,2886.7,2886.0,2887.0,119.49,touch=16MiB row=8192B span=28MiB rows=2048 lanes/row=64 rows/req=1 traversal=xw loads/req=8 inflight=8192B stride_mod_4k=2048
stride,rows1,,0,16384,20140.904,0.0000,832.9922,2889.0,2889.0,2889.0,120.07,touch=16MiB row=8192B span=32MiB rows=2048 lanes/row=64 rows/req=1 traversal=walk loads/req=1 inflight=1024B stride_mod_4k=0
stride,rows1_xw,,0,16384,30996.955,0.0000,541.2537,2890.0,2890.0,2890.0,121.72,touch=16MiB row=8192B span=32MiB rows=2048 lanes/row=64 rows/req=1 traversal=xw loads/req=1 inflight=1024B stride_mod_4k=0
stride,rows4,,0,16384,17371.227,0.0000,965.8049,2891.4,2891.0,2892.0,123.39,touch=16MiB row=8192B span=32MiB rows=2048 lanes/row=16 rows/req=4 traversal=walk loads/req=1 inflight=256B stride_mod_4k=0
stride,rows4_xw,,0,16384,57904.913,0.0000,289.7374,2889.0,2889.0,2889.0,124.71,touch=16MiB row=8192B span=32MiB rows=2048 lanes/row=16 rows/req=4 traversal=xw loads/req=1 inflight=256B stride_mod_4k=0
stride,rows16,,0,16384,17876.328,0.0000,938.5158,2890.0,2890.0,2890.0,125.53,touch=16MiB row=8192B span=32MiB rows=2048 lanes/row=4 rows/req=16 traversal=walk loads/req=1 inflight=64B stride_mod_4k=0
stride,rows16_xw,,0,16384,73460.724,0.0000,228.3835,2884.9,2884.0,2885.0,125.44,touch=16MiB row=8192B span=32MiB rows=2048 lanes/row=4 rows/req=16 traversal=xw loads/req=1 inflight=64B stride_mod_4k=0
stride,rows32,,0,16384,19142.288,0.0000,876.4478,2888.0,2888.0,2888.0,122.22,touch=16MiB row=8192B span=32MiB rows=2048 lanes/row=2 rows/req=32 traversal=walk loads/req=1 inflight=32B stride_mod_4k=0
stride,rows32_xw,,0,16384,110392.391,0.0000,151.9780,2889.0,2889.0,2889.0,122.41,touch=16MiB row=8192B span=32MiB rows=2048 lanes/row=2 rows/req=32 traversal=xw loads/req=1 inflight=32B stride_mod_4k=0
stride,rows64,,0,16384,19242.679,0.0000,871.8753,2890.0,2890.0,2890.0,119.66,touch=16MiB row=8192B span=32MiB rows=2048 lanes/row=1 rows/req=64 traversal=walk loads/req=1 inflight=16B stride_mod_4k=0
stride,rows64_xw,,0,16384,142440.759,0.0000,117.7838,2886.9,2886.0,2889.0,120.06,touch=16MiB row=8192B span=32MiB rows=2048 lanes/row=1 rows/req=64 traversal=xw loads/req=1 inflight=16B stride_mod_4k=0
stride,rows1_xw_l2,,0,16384,18090.342,0.0000,927.4129,2891.0,2891.0,2891.0,117.63,touch=16MiB row=8192B span=32MiB rows=2048 lanes/row=64 rows/req=1 traversal=xw loads/req=2 inflight=2048B stride_mod_4k=0
stride,rows1_xw_l4,,0,16384,17667.153,0.0000,949.6276,2884.3,2884.0,2885.0,118.61,touch=16MiB row=8192B span=32MiB rows=2048 lanes/row=64 rows/req=1 traversal=xw loads/req=4 inflight=4096B stride_mod_4k=0
stride,rows1_xw_l8,,0,16384,17329.959,0.0000,968.1048,2882.1,2882.0,2883.0,119.52,touch=16MiB row=8192B span=32MiB rows=2048 lanes/row=64 rows/req=1 traversal=xw loads/req=8 inflight=8192B stride_mod_4k=0
stride,rows1,,0,8192,276244.864,0.0000,242.9325,2838.3,2837.0,2840.0,115.32,touch=64MiB row=8192B span=64MiB rows=8192 lanes/row=64 rows/req=1 traversal=walk loads/req=1 inflight=1024B stride_mod_4k=0
stride,rows1_xw,,0,8192,1071130.804,0.0000,62.6524,2850.2,2849.0,2851.0,112.66,touch=64MiB row=8192B span=64MiB rows=8192 lanes/row=64 rows/req=1 traversal=xw loads/req=1 inflight=1024B stride_mod_4k=0
stride,rows4,,0,8192,290030.360,0.0000,231.3857,2862.8,2862.0,2864.0,107.54,touch=64MiB row=8192B span=64MiB rows=8192 lanes/row=16 rows/req=4 traversal=walk loads/req=1 inflight=256B stride_mod_4k=0
stride,rows4_xw,,0,8192,3376872.050,0.0000,19.8731,2874.1,2873.0,2875.0,99.98,touch=64MiB row=8192B span=64MiB rows=8192 lanes/row=16 rows/req=4 traversal=xw loads/req=1 inflight=256B stride_mod_4k=0
stride,rows16,,0,8192,327953.112,0.0000,204.6294,2879.2,2879.0,2880.0,98.95,touch=64MiB row=8192B span=64MiB rows=8192 lanes/row=4 rows/req=16 traversal=walk loads/req=1 inflight=64B stride_mod_4k=0
stride,rows16_xw,,0,8192,4523029.800,0.0000,14.8371,2885.7,2885.0,2886.0,90.13,touch=64MiB row=8192B span=64MiB rows=8192 lanes/row=4 rows/req=16 traversal=xw loads/req=1 inflight=64B stride_mod_4k=0
stride,rows32,,0,8192,329195.226,0.0000,203.8573,2887.0,2887.0,2887.0,89.79,touch=64MiB row=8192B span=64MiB rows=8192 lanes/row=2 rows/req=32 traversal=walk loads/req=1 inflight=32B stride_mod_4k=0
stride,rows32_xw,,0,8192,7655729.950,0.0000,8.7658,2891.6,2891.0,2892.0,83.60,touch=64MiB row=8192B span=64MiB rows=8192 lanes/row=2 rows/req=32 traversal=xw loads/req=1 inflight=32B stride_mod_4k=0
stride,rows64,,0,8192,369777.419,0.0000,181.4845,2894.0,2894.0,2894.0,80.99,touch=64MiB row=8192B span=64MiB rows=8192 lanes/row=1 rows/req=64 traversal=walk loads/req=1 inflight=16B stride_mod_4k=0
stride,rows64_xw,,0,8192,12844939.500,0.0000,5.2245,2895.7,2895.0,2896.0,78.90,touch=64MiB row=8192B span=64MiB rows=8192 lanes/row=1 rows/req=64 traversal=xw loads/req=1 inflight=16B stride_mod_4k=0
stride,rows1_xw_l2,,0,8192,552049.383,0.0000,121.5632,2898.0,2898.0,2898.0,70.00,touch=64MiB row=8192B span=64MiB rows=8192 lanes/row=64 rows/req=1 traversal=xw loads/req=2 inflight=2048B stride_mod_4k=0
stride,rows1_xw_l4,,0,8192,281666.379,0.0000,238.2566,2897.0,2897.0,2897.0,76.75,touch=64MiB row=8192B span=64MiB rows=8192 lanes/row=64 rows/req=1 traversal=xw loads/req=4 inflight=4096B stride_mod_4k=0
stride,rows1_xw_l8,,0,8192,281771.045,0.0000,238.1681,2898.0,2898.0,2898.0,82.94,touch=64MiB row=8192B span=64MiB rows=8192 lanes/row=64 rows/req=1 traversal=xw loads/req=8 inflight=8192B stride_mod_4k=0
stride,rows1,,0,8208,281936.366,0.0000,238.0284,2887.0,2887.0,2887.0,86.72,touch=64MiB row=8192B span=64MiB rows=8192 lanes/row=64 rows/req=1 traversal=walk loads/req=1 inflight=1024B stride_mod_4k=16
stride,rows1_xw,,0,8208,323234.029,0.0000,207.6170,2888.8,2888.0,2889.0,88.87,touch=64MiB row=8192B span=64MiB rows=8192 lanes/row=64 rows/req=1 traversal=xw loads/req=1 inflight=1024B stride_mod_4k=16
stride,rows4,,0,8208,296853.484,0.0000,226.0673,2891.0,2891.0,2891.0,91.26,touch=64MiB row=8192B span=64MiB rows=8192 lanes/row=16 rows/req=4 traversal=walk loads/req=1 inflight=256B stride_mod_4k=16
stride,rows4_xw,,0,8208,330795.100,0.0000,202.8714,2892.0,2892.0,2892.0,92.75,touch=64MiB row=8192B span=64MiB rows=8192 lanes/row=16 rows/req=4 traversal=xw loads/req=1 inflight=256B stride_mod_4k=16
stride,rows16,,0,8208,319840.268,0.0000,209.8199,2894.0,2894.0,2894.0,95.43,touch=64MiB row=8192B span=64MiB rows=8192 lanes/row=4 rows/req=16 traversal=walk loads/req=1 inflight=64B stride_mod_4k=16
stride,rows16_xw,,0,8208,354558.950,0.0000,189.2742,2895.4,2895.0,2896.0,97.31,touch=64MiB row=8192B span=64MiB rows=8192 lanes/row=4 rows/req=16 traversal=xw loads/req=1 inflight=64B stride_mod_4k=16
stride,rows32,,0,8208,327228.888,0.0000,205.0823,2896.0,2896.0,2896.0,97.96,touch=64MiB row=8192B span=64MiB rows=8192 lanes/row=2 rows/req=32 traversal=walk loads/req=1 inflight=32B stride_mod_4k=16
stride,rows32_xw,,0,8208,311558.734,0.0000,215.3972,2896.0,2896.0,2896.0,101.86,touch=64MiB row=8192B span=64MiB rows=8192 lanes/row=2 rows/req=32 traversal=xw loads/req=1 inflight=32B stride_mod_4k=16
stride,rows64,,0,8208,338100.763,0.0000,198.4878,2897.0,2897.0,2897.0,102.46,touch=64MiB row=8192B span=64MiB rows=8192 lanes/row=1 rows/req=64 traversal=walk loads/req=1 inflight=16B stride_mod_4k=16
stride,rows64_xw,,0,8208,301759.212,0.0000,222.3921,2897.0,2897.0,2897.0,102.99,touch=64MiB row=8192B span=64MiB rows=8192 lanes/row=1 rows/req=64 traversal=xw loads/req=1 inflight=16B stride_mod_4k=16
stride,rows1_xw_l2,,0,8208,304465.356,0.0000,220.4154,2898.0,2898.0,2898.0,105.02,touch=64MiB row=8192B span=64MiB rows=8192 lanes/row=64 rows/req=1 traversal=xw loads/req=2 inflight=2048B stride_mod_4k=16
stride,rows1_xw_l4,,0,8208,281969.153,0.0000,238.0007,2896.9,2896.0,2897.0,105.33,touch=64MiB row=8192B span=64MiB rows=8192 lanes/row=64 rows/req=1 traversal=xw loads/req=4 inflight=4096B stride_mod_4k=16
stride,rows1_xw_l8,,0,8208,287486.222,0.0000,233.4333,2897.0,2897.0,2897.0,104.36,touch=64MiB row=8192B span=64MiB rows=8192 lanes/row=64 rows/req=1 traversal=xw loads/req=8 inflight=8192B stride_mod_4k=16
stride,rows1,,0,8256,281568.086,0.0000,238.3397,2886.3,2886.0,2887.0,103.11,touch=64MiB row=8192B span=64MiB rows=8192 lanes/row=64 rows/req=1 traversal=walk loads/req=1 inflight=1024B stride_mod_4k=64
stride,rows1_xw,,0,8256,305436.106,0.0000,219.7149,2887.1,2887.0,2888.0,103.22,touch=64MiB row=8192B span=64MiB rows=8192 lanes/row=64 rows/req=1 traversal=xw loads/req=1 inflight=1024B stride_mod_4k=64
stride,rows4,,0,8256,294691.583,0.0000,227.7258,2890.2,2890.0,2891.0,103.03,touch=64MiB row=8192B span=64MiB rows=8192 lanes/row=16 rows/req=4 traversal=walk loads/req=1 inflight=256B stride_mod_4k=64
stride,rows4_xw,,0,8256,314225.435,0.0000,213.5692,2890.2,2890.0,2891.0,103.28,touch=64MiB row=8192B span=64MiB rows=8192 lanes/row=16 rows/req=4 traversal=xw loads/req=1 inflight=256B stride_mod_4k=64
stride,rows16,,0,8256,310167.637,0.0000,216.3632,2892.0,2892.0,2892.0,103.17,touch=64MiB row=8192B span=64MiB rows=8192 lanes/row=4 rows/req=16 traversal=walk loads/req=1 inflight=64B stride_mod_4k=64
stride,rows16_xw,,0,8256,311195.912,0.0000,215.6483,2894.0,2894.0,2894.0,102.15,touch=64MiB row=8192B span=64MiB rows=8192 lanes/row=4 rows/req=16 traversal=xw loads/req=1 inflight=64B stride_mod_4k=64
stride,rows32,,0,8256,310780.271,0.0000,215.9367,2895.0,2895.0,2895.0,102.81,touch=64MiB row=8192B span=64MiB rows=8192 lanes/row=2 rows/req=32 traversal=walk loads/req=1 inflight=32B stride_mod_4k=64
stride,rows32_xw,,0,8256,392130.453,0.0000,171.1391,2896.0,2896.0,2896.0,102.55,touch=64MiB row=8192B span=64MiB rows=8192 lanes/row=2 rows/req=32 traversal=xw loads/req=1 inflight=32B stride_mod_4k=64
stride,rows64,,0,8256,291457.487,0.0000,230.2527,2897.0,2897.0,2897.0,103.68,touch=64MiB row=8192B span=64MiB rows=8192 lanes/row=1 rows/req=64 traversal=walk loads/req=1 inflight=16B stride_mod_4k=64
stride,rows64_xw,,0,8256,551550.865,0.0000,121.6730,2898.0,2898.0,2898.0,103.85,touch=64MiB row=8192B span=64MiB rows=8192 lanes/row=1 rows/req=64 traversal=xw loads/req=1 inflight=16B stride_mod_4k=64
stride,rows1_xw_l2,,0,8256,302847.458,0.0000,221.5930,2892.0,2892.0,2892.0,103.38,touch=64MiB row=8192B span=64MiB rows=8192 lanes/row=64 rows/req=1 traversal=xw loads/req=2 inflight=2048B stride_mod_4k=64
stride,rows1_xw_l4,,0,8256,288230.856,0.0000,232.8303,2893.0,2893.0,2893.0,102.60,touch=64MiB row=8192B span=64MiB rows=8192 lanes/row=64 rows/req=1 traversal=xw loads/req=4 inflight=4096B stride_mod_4k=64
stride,rows1_xw_l8,,0,8256,290331.473,0.0000,231.1457,2893.0,2893.0,2893.0,102.97,touch=64MiB row=8192B span=64MiB rows=8192 lanes/row=64 rows/req=1 traversal=xw loads/req=8 inflight=8192B stride_mod_4k=64
stride,rows1,,0,8320,279245.060,0.0000,240.3225,2880.9,2880.0,2881.0,102.58,touch=64MiB row=8192B span=65MiB rows=8192 lanes/row=64 rows/req=1 traversal=walk loads/req=1 inflight=1024B stride_mod_4k=128
stride,rows1_xw,,0,8320,308992.114,0.0000,217.1863,2885.7,2885.0,2886.0,102.37,touch=64MiB row=8192B span=65MiB rows=8192 lanes/row=64 rows/req=1 traversal=xw loads/req=1 inflight=1024B stride_mod_4k=128
stride,rows4,,0,8320,290302.505,0.0000,231.1687,2888.7,2888.0,2889.0,102.13,touch=64MiB row=8192B span=65MiB rows=8192 lanes/row=16 rows/req=4 traversal=walk loads/req=1 inflight=256B stride_mod_4k=128
stride,rows4_xw,,0,8320,326868.166,0.0000,205.3087,2891.0,2891.0,2891.0,102.24,touch=64MiB row=8192B span=65MiB rows=8192 lanes/row=16 rows/req=4 traversal=xw loads/req=1 inflight=256B stride_mod_4k=128
stride,rows16,,0,8320,292309.909,0.0000,229.5812,2892.0,2892.0,2892.0,101.76,touch=64MiB row=8192B span=65MiB rows=8192 lanes/row=4 rows/req=16 traversal=walk loads/req=1 inflight=64B stride_mod_4k=128
stride,rows16_xw,,0,8320,326053.859,0.0000,205.8214,2894.0,2894.0,2894.0,102.13,touch=64MiB row=8192B span=65MiB rows=8192 lanes/row=4 rows/req=16 traversal=xw loads/req=1 inflight=64B stride_mod_4k=128
stride,rows32,,0,8320,281786.626,0.0000,238.1549,2896.0,2896.0,2896.0,102.14,touch=64MiB row=8192B span=65MiB rows=8192 lanes/row=2 rows/req=32 traversal=walk loads/req=1 inflight=32B stride_mod_4k=128
stride,rows32_xw,,0,8320,325688.160,0.0000,206.0525,2896.0,2896.0,2896.0,102.08,touch=64MiB row=8192B span=65MiB rows=8192 lanes/row=2 rows/req=32 traversal=xw loads/req=1 inflight=32B stride_mod_4k=128
stride,rows64,,0,8320,283142.619,0.0000,237.0144,2897.0,2897.0,2897.0,104.25,touch=64MiB row=8192B span=65MiB rows=8192 lanes/row=1 rows/req=64 traversal=walk loads/req=1 inflight=16B stride_mod_4k=128
stride,rows64_xw,,0,8320,331978.567,0.0000,202.1482,2893.4,2893.0,2894.0,105.47,touch=64MiB row=8192B span=65MiB rows=8192 lanes/row=1 rows/req=64 traversal=xw loads/req=1 inflight=16B stride_mod_4k=128
stride,rows1_xw_l2,,0,8320,305736.975,0.0000,219.4987,2894.0,2894.0,2895.0,106.07,touch=64MiB row=8192B span=65MiB rows=8192 lanes/row=64 rows/req=1 traversal=xw loads/req=2 inflight=2048B stride_mod_4k=128
stride,rows1_xw_l4,,0,8320,286611.460,0.0000,234.1458,2895.0,2895.0,2895.0,105.25,touch=64MiB row=8192B span=65MiB rows=8192 lanes/row=64 rows/req=1 traversal=xw loads/req=4 inflight=4096B stride_mod_4k=128
stride,rows1_xw_l8,,0,8320,286803.006,0.0000,233.9894,2897.0,2897.0,2897.0,103.88,touch=64MiB row=8192B span=65MiB rows=8192 lanes/row=64 rows/req=1 traversal=xw loads/req=8 inflight=8192B stride_mod_4k=128
stride,rows1,,0,8448,277120.203,0.0000,242.1652,2885.0,2884.0,2885.0,103.48,touch=64MiB row=8192B span=66MiB rows=8192 lanes/row=64 rows/req=1 traversal=walk loads/req=1 inflight=1024B stride_mod_4k=256
stride,rows1_xw,,0,8448,292418.177,0.0000,229.4962,2888.0,2888.0,2888.0,103.41,touch=64MiB row=8192B span=66MiB rows=8192 lanes/row=64 rows/req=1 traversal=xw loads/req=1 inflight=1024B stride_mod_4k=256
stride,rows4,,0,8448,284062.920,0.0000,236.2465,2891.0,2891.0,2891.0,104.03,touch=64MiB row=8192B span=66MiB rows=8192 lanes/row=16 rows/req=4 traversal=walk loads/req=1 inflight=256B stride_mod_4k=256
stride,rows4_xw,,0,8448,284787.900,0.0000,235.6451,2892.0,2891.0,2892.0,103.93,touch=64MiB row=8192B span=66MiB rows=8192 lanes/row=16 rows/req=4 traversal=xw loads/req=1 inflight=256B stride_mod_4k=256
stride,rows16,,0,8448,284123.627,0.0000,236.1960,2893.1,2893.0,2894.0,104.87,touch=64MiB row=8192B span=66MiB rows=8192 lanes/row=4 rows/req=16 traversal=walk loads/req=1 inflight=64B stride_mod_4k=256
stride,rows16_xw,,0,8448,299557.396,0.0000,224.0267,2894.0,2894.0,2894.0,104.96,touch=64MiB row=8192B span=66MiB rows=8192 lanes/row=4 rows/req=16 traversal=xw loads/req=1 inflight=64B stride_mod_4k=256
stride,rows32,,0,8448,286157.623,0.0000,234.5171,2890.0,2890.0,2890.0,106.10,touch=64MiB row=8192B span=66MiB rows=8192 lanes/row=2 rows/req=32 traversal=walk loads/req=1 inflight=32B stride_mod_4k=256
stride,rows32_xw,,0,8448,330120.641,0.0000,203.2859,2892.0,2892.0,2892.0,105.67,touch=64MiB row=8192B span=66MiB rows=8192 lanes/row=2 rows/req=32 traversal=xw loads/req=1 inflight=32B stride_mod_4k=256
stride,rows64,,0,8448,291430.153,0.0000,230.2743,2894.0,2894.0,2894.0,106.09,touch=64MiB row=8192B span=66MiB rows=8192 lanes/row=1 rows/req=64 traversal=walk loads/req=1 inflight=16B stride_mod_4k=256
stride,rows64_xw,,0,8448,398698.118,0.0000,168.3200,2895.0,2895.0,2895.0,107.13,touch=64MiB row=8192B span=66MiB rows=8192 lanes/row=1 rows/req=64 traversal=xw loads/req=1 inflight=16B stride_mod_4k=256
stride,rows1_xw_l2,,0,8448,293731.976,0.0000,228.4697,2896.0,2896.0,2896.0,107.19,touch=64MiB row=8192B span=66MiB rows=8192 lanes/row=64 rows/req=1 traversal=xw loads/req=2 inflight=2048B stride_mod_4k=256
stride,rows1_xw_l4,,0,8448,281498.938,0.0000,238.3983,2897.0,2897.0,2897.0,106.13,touch=64MiB row=8192B span=66MiB rows=8192 lanes/row=64 rows/req=1 traversal=xw loads/req=4 inflight=4096B stride_mod_4k=256
stride,rows1_xw_l8,,0,8448,281687.995,0.0000,238.2383,2897.0,2897.0,2897.0,105.53,touch=64MiB row=8192B span=66MiB rows=8192 lanes/row=64 rows/req=1 traversal=xw loads/req=8 inflight=8192B stride_mod_4k=256
stride,rows1,,0,8704,275911.876,0.0000,243.2257,2886.0,2886.0,2886.0,104.72,touch=64MiB row=8192B span=68MiB rows=8192 lanes/row=64 rows/req=1 traversal=walk loads/req=1 inflight=1024B stride_mod_4k=512
stride,rows1_xw,,0,8704,283953.531,0.0000,236.3375,2887.0,2887.0,2887.0,105.67,touch=64MiB row=8192B span=68MiB rows=8192 lanes/row=64 rows/req=1 traversal=xw loads/req=1 inflight=1024B stride_mod_4k=512
stride,rows4,,0,8704,278580.261,0.0000,240.8960,2889.0,2889.0,2889.0,105.52,touch=64MiB row=8192B span=68MiB rows=8192 lanes/row=16 rows/req=4 traversal=walk loads/req=1 inflight=256B stride_mod_4k=512
stride,rows4_xw,,0,8704,428378.435,0.0000,156.6579,2891.0,2891.0,2891.0,104.75,touch=64MiB row=8192B span=68MiB rows=8192 lanes/row=16 rows/req=4 traversal=xw loads/req=1 inflight=256B stride_mod_4k=512
stride,rows16,,0,8704,283094.947,0.0000,237.0543,2892.1,2892.0,2893.0,103.82,touch=64MiB row=8192B span=68MiB rows=8192 lanes/row=4 rows/req=16 traversal=walk loads/req=1 inflight=64B stride_mod_4k=512
stride,rows16_xw,,0,8704,556353.070,0.0000,120.6228,2894.0,2894.0,2894.0,103.02,touch=64MiB row=8192B span=68MiB rows=8192 lanes/row=4 rows/req=16 traversal=xw loads/req=1 inflight=64B stride_mod_4k=512
stride,rows32,,0,8704,284286.946,0.0000,236.0603,2895.0,2895.0,2895.0,102.14,touch=64MiB row=8192B span=68MiB rows=8192 lanes/row=2 rows/req=32 traversal=walk loads/req=1 inflight=32B stride_mod_4k=512
stride,rows32_xw,,0,8704,643394.547,0.0000,104.3044,2895.0,2895.0,2895.0,101.63,touch=64MiB row=8192B span=68MiB rows=8192 lanes/row=2 rows/req=32 traversal=xw loads/req=1 inflight=32B stride_mod_4k=512
stride,rows64,,0,8704,288491.104,0.0000,232.6202,2895.0,2895.0,2895.0,103.33,touch=64MiB row=8192B span=68MiB rows=8192 lanes/row=1 rows/req=64 traversal=walk loads/req=1 inflight=16B stride_mod_4k=512
stride,rows64_xw,,0,8704,843526.345,0.0000,79.5575,2895.0,2895.0,2896.0,103.32,touch=64MiB row=8192B span=68MiB rows=8192 lanes/row=1 rows/req=64 traversal=xw loads/req=1 inflight=16B stride_mod_4k=512
stride,rows1_xw_l2,,0,8704,285555.583,0.0000,235.0116,2896.0,2896.0,2896.0,102.29,touch=64MiB row=8192B span=68MiB rows=8192 lanes/row=64 rows/req=1 traversal=xw loads/req=2 inflight=2048B stride_mod_4k=512
stride,rows1_xw_l4,,0,8704,282303.875,0.0000,237.7185,2897.0,2897.0,2897.0,102.44,touch=64MiB row=8192B span=68MiB rows=8192 lanes/row=64 rows/req=1 traversal=xw loads/req=4 inflight=4096B stride_mod_4k=512
stride,rows1_xw_l8,,0,8704,282208.328,0.0000,237.7990,2893.5,2893.0,2894.0,101.55,touch=64MiB row=8192B span=68MiB rows=8192 lanes/row=64 rows/req=1 traversal=xw loads/req=8 inflight=8192B stride_mod_4k=512
stride,rows1,,0,9216,275647.540,0.0000,243.4590,2891.0,2891.0,2891.0,102.14,touch=64MiB row=8192B span=72MiB rows=8192 lanes/row=64 rows/req=1 traversal=walk loads/req=1 inflight=1024B stride_mod_4k=1024
stride,rows1_xw,,0,9216,281470.714,0.0000,238.4222,2893.0,2893.0,2893.0,102.72,touch=64MiB row=8192B span=72MiB rows=8192 lanes/row=64 rows/req=1 traversal=xw loads/req=1 inflight=1024B stride_mod_4k=1024
stride,rows4,,0,9216,275726.015,0.0000,243.3897,2894.0,2894.0,2894.0,102.89,touch=64MiB row=8192B span=72MiB rows=8192 lanes/row=16 rows/req=4 traversal=walk loads/req=1 inflight=256B stride_mod_4k=1024
stride,rows4_xw,,0,9216,858364.672,0.0000,78.1822,2895.1,2895.0,2896.0,100.45,touch=64MiB row=8192B span=72MiB rows=8192 lanes/row=16 rows/req=4 traversal=xw loads/req=1 inflight=256B stride_mod_4k=1024
stride,rows16,,0,9216,282896.109,0.0000,237.2209,2896.0,2896.0,2896.0,100.19,touch=64MiB row=8192B span=72MiB rows=8192 lanes/row=4 rows/req=16 traversal=walk loads/req=1 inflight=64B stride_mod_4k=1024
stride,rows16_xw,,0,9216,1133170.324,0.0000,59.2222,2895.0,2895.0,2895.0,99.98,touch=64MiB row=8192B span=72MiB rows=8192 lanes/row=4 rows/req=16 traversal=xw loads/req=1 inflight=64B stride_mod_4k=1024
stride,rows32,,0,9216,282280.218,0.0000,237.7385,2896.0,2896.0,2896.0,99.97,touch=64MiB row=8192B span=72MiB rows=8192 lanes/row=2 rows/req=32 traversal=walk loads/req=1 inflight=32B stride_mod_4k=1024
stride,rows32_xw,,0,9216,1458863.128,0.0000,46.0008,2897.0,2897.0,2897.0,97.32,touch=64MiB row=8192B span=72MiB rows=8192 lanes/row=2 rows/req=32 traversal=xw loads/req=1 inflight=32B stride_mod_4k=1024
stride,rows64,,0,9216,280240.532,0.0000,239.4688,2897.6,2897.0,2898.0,98.08,touch=64MiB row=8192B span=72MiB rows=8192 lanes/row=1 rows/req=64 traversal=walk loads/req=1 inflight=16B stride_mod_4k=1024
stride,rows64_xw,,0,9216,1968795.120,0.0000,34.0863,2898.0,2898.0,2898.0,97.37,touch=64MiB row=8192B span=72MiB rows=8192 lanes/row=1 rows/req=64 traversal=xw loads/req=1 inflight=16B stride_mod_4k=1024
stride,rows1_xw_l2,,0,9216,286737.213,0.0000,234.0431,2898.0,2898.0,2898.0,98.07,touch=64MiB row=8192B span=72MiB rows=8192 lanes/row=64 rows/req=1 traversal=xw loads/req=2 inflight=2048B stride_mod_4k=1024
stride,rows1_xw_l4,,0,9216,282757.011,0.0000,237.3376,2899.0,2899.0,2899.0,98.79,touch=64MiB row=8192B span=72MiB rows=8192 lanes/row=64 rows/req=1 traversal=xw loads/req=4 inflight=4096B stride_mod_4k=1024
stride,rows1_xw_l8,,0,9216,282922.083,0.0000,237.1991,2894.2,2894.0,2897.0,99.30,touch=64MiB row=8192B span=72MiB rows=8192 lanes/row=64 rows/req=1 traversal=xw loads/req=8 inflight=8192B stride_mod_4k=1024
stride,rows1,,0,10240,275563.341,0.0000,243.5334,2876.9,2876.0,2877.0,101.30,touch=64MiB row=8192B span=80MiB rows=8192 lanes/row=64 rows/req=1 traversal=walk loads/req=1 inflight=1024B stride_mod_4k=2048
stride,rows1_xw,,0,10240,543526.700,0.0000,123.4693,2882.9,2882.0,2883.0,100.15,touch=64MiB row=8192B span=80MiB rows=8192 lanes/row=64 rows/req=1 traversal=xw loads/req=1 inflight=1024B stride_mod_4k=2048
stride,rows4,,0,10240,273477.629,0.0000,245.3907,2885.2,2885.0,2886.0,100.32,touch=64MiB row=8192B span=80MiB rows=8192 lanes/row=16 rows/req=4 traversal=walk loads/req=1 inflight=256B stride_mod_4k=2048
stride,rows4_xw,,0,10240,1711625.417,0.0000,39.2077,2888.0,2888.0,2888.0,99.76,touch=64MiB row=8192B span=80MiB rows=8192 lanes/row=16 rows/req=4 traversal=xw loads/req=1 inflight=256B stride_mod_4k=2048
stride,rows16,,0,10240,280852.005,0.0000,238.9474,2889.8,2889.0,2890.0,98.81,touch=64MiB row=8192B span=80MiB rows=8192 lanes/row=4 rows/req=16 traversal=walk loads/req=1 inflight=64B stride_mod_4k=2048
stride,rows16_xw,,0,10240,2297107.130,0.0000,29.2145,2893.0,2893.0,2893.0,96.81,touch=64MiB row=8192B span=80MiB rows=8192 lanes/row=4 rows/req=16 traversal=xw loads/req=1 inflight=64B stride_mod_4k=2048
stride,rows32,,0,10240,281543.464,0.0000,238.3606,2894.0,2894.0,2894.0,97.11,touch=64MiB row=8192B span=80MiB rows=8192 lanes/row=2 rows/req=32 traversal=walk loads/req=1 inflight=32B stride_mod_4k=2048
stride,rows32_xw,,0,10240,3117158.600,0.0000,21.5289,2896.0,2896.0,2896.0,94.12,touch=64MiB row=8192B span=80MiB rows=8192 lanes/row=2 rows/req=32 traversal=xw loads/req=1 inflight=32B stride_mod_4k=2048
stride,rows64,,0,10240,283253.181,0.0000,236.9218,2896.0,2896.0,2896.0,94.22,touch=64MiB row=8192B span=80MiB rows=8192 lanes/row=1 rows/req=64 traversal=walk loads/req=1 inflight=16B stride_mod_4k=2048
stride,rows64_xw,,0,10240,4228814.800,0.0000,15.8694,2896.0,2896.0,2896.0,96.01,touch=64MiB row=8192B span=80MiB rows=8192 lanes/row=1 rows/req=64 traversal=xw loads/req=1 inflight=16B stride_mod_4k=2048
stride,rows1_xw_l2,,0,10240,287646.989,0.0000,233.3029,2897.0,2897.0,2897.0,91.13,touch=64MiB row=8192B span=80MiB rows=8192 lanes/row=64 rows/req=1 traversal=xw loads/req=2 inflight=2048B stride_mod_4k=2048
stride,rows1_xw_l4,,0,10240,285474.356,0.0000,235.0784,2898.0,2898.0,2898.0,95.02,touch=64MiB row=8192B span=80MiB rows=8192 lanes/row=64 rows/req=1 traversal=xw loads/req=4 inflight=4096B stride_mod_4k=2048
stride,rows1_xw_l8,,0,10240,285718.406,0.0000,234.8776,2898.0,2898.0,2898.0,95.60,touch=64MiB row=8192B span=80MiB rows=8192 lanes/row=64 rows/req=1 traversal=xw loads/req=8 inflight=8192B stride_mod_4k=2048
stride,rows1,,0,11264,275491.345,0.0000,243.5970,2888.0,2888.0,2888.0,97.82,touch=64MiB row=8192B span=88MiB rows=8192 lanes/row=64 rows/req=1 traversal=walk loads/req=1 inflight=1024B stride_mod_4k=3072
stride,rows1_xw,,0,11264,282663.938,0.0000,237.4157,2890.0,2889.0,2890.0,99.08,touch=64MiB row=8192B span=88MiB rows=8192 lanes/row=64 rows/req=1 traversal=xw loads/req=1 inflight=1024B stride_mod_4k=3072
stride,rows4,,0,11264,276852.522,0.0000,242.3993,2892.0,2892.0,2892.0,101.47,touch=64MiB row=8192B span=88MiB rows=8192 lanes/row=16 rows/req=4 traversal=walk loads/req=1 inflight=256B stride_mod_4k=3072
stride,rows4_xw,,0,11264,860568.197,0.0000,77.9820,2893.0,2893.0,2893.0,100.30,touch=64MiB row=8192B span=88MiB rows=8192 lanes/row=16 rows/req=4 traversal=xw loads/req=1 inflight=256B stride_mod_4k=3072
stride,rows16,,0,11264,284674.303,0.0000,235.7391,2895.0,2895.0,2895.0,100.79,touch=64MiB row=8192B span=88MiB rows=8192 lanes/row=4 rows/req=16 traversal=walk loads/req=1 inflight=64B stride_mod_4k=3072
stride,rows16_xw,,0,11264,1165886.681,0.0000,57.5604,2895.3,2895.0,2896.0,99.06,touch=64MiB row=8192B span=88MiB rows=8192 lanes/row=4 rows/req=16 traversal=xw loads/req=1 inflight=64B stride_mod_4k=3072
stride,rows32,,0,11264,284561.729,0.0000,235.8324,2897.0,2897.0,2897.0,98.77,touch=64MiB row=8192B span=88MiB rows=8192 lanes/row=2 rows/req=32 traversal=walk loads/req=1 inflight=32B stride_mod_4k=3072
stride,rows32_xw,,0,11264,1408466.341,0.0000,47.6468,2897.0,2897.0,2897.0,97.56,touch=64MiB row=8192B span=88MiB rows=8192 lanes/row=2 rows/req=32 traversal=xw loads/req=1 inflight=32B stride_mod_4k=3072
stride,rows64,,0,11264,281660.844,0.0000,238.2612,2897.5,2897.0,2898.0,97.45,touch=64MiB row=8192B span=88MiB rows=8192 lanes/row=1 rows/req=64 traversal=walk loads/req=1 inflight=16B stride_mod_4k=3072
stride,rows64_xw,,0,11264,1932691.484,0.0000,34.7230,2898.0,2898.0,2898.0,98.15,touch=64MiB row=8192B span=88MiB rows=8192 lanes/row=1 rows/req=64 traversal=xw loads/req=1 inflight=16B stride_mod_4k=3072
stride,rows1_xw_l2,,0,11264,287843.454,0.0000,233.1436,2898.9,2898.0,2899.0,96.03,touch=64MiB row=8192B span=88MiB rows=8192 lanes/row=64 rows/req=1 traversal=xw loads/req=2 inflight=2048B stride_mod_4k=3072
stride,rows1_xw_l4,,0,11264,284022.142,0.0000,236.2804,2899.0,2899.0,2899.0,97.09,touch=64MiB row=8192B span=88MiB rows=8192 lanes/row=64 rows/req=1 traversal=xw loads/req=4 inflight=4096B stride_mod_4k=3072
stride,rows1_xw_l8,,0,11264,283448.060,0.0000,236.7589,2898.0,2898.0,2898.0,98.57,touch=64MiB row=8192B span=88MiB rows=8192 lanes/row=64 rows/req=1 traversal=xw loads/req=8 inflight=8192B stride_mod_4k=3072
stride,rows1,,0,12288,276898.291,0.0000,242.3593,2883.0,2883.0,2883.0,99.38,touch=64MiB row=8192B span=96MiB rows=8192 lanes/row=64 rows/req=1 traversal=walk loads/req=1 inflight=1024B stride_mod_4k=0
stride,rows1_xw,,0,12288,1070286.042,0.0000,62.7018,2886.4,2886.0,2887.0,97.19,touch=64MiB row=8192B span=96MiB rows=8192 lanes/row=64 rows/req=1 traversal=xw loads/req=1 inflight=1024B stride_mod_4k=0
stride,rows4,,0,12288,289123.860,0.0000,232.1111,2889.0,2889.0,2889.0,98.02,touch=64MiB row=8192B span=96MiB rows=8192 lanes/row=16 rows/req=4 traversal=walk loads/req=1 inflight=256B stride_mod_4k=0
stride,rows4_xw,,0,12288,3379986.000,0.0000,19.8548,2890.0,2890.0,2890.0,96.88,touch=64MiB row=8192B span=96MiB rows=8192 lanes/row=16 rows/req=4 traversal=xw loads/req=1 inflight=256B stride_mod_4k=0
stride,rows16,,0,12288,332578.818,0.0000,201.7833,2893.2,2893.0,2894.0,93.92,touch=64MiB row=8192B span=96MiB rows=8192 lanes/row=4 rows/req=16 traversal=walk loads/req=1 inflight=64B stride_mod_4k=0
stride,rows16_xw,,0,12288,4634066.750,0.0000,14.4816,2895.3,2895.0,2896.0,86.87,touch=64MiB row=8192B span=96MiB rows=8192 lanes/row=4 rows/req=16 traversal=xw loads/req=1 inflight=64B stride_mod_4k=0
stride,rows32,,0,12288,333092.879,0.0000,201.4719,2896.0,2896.0,2896.0,87.51,touch=64MiB row=8192B span=96MiB rows=8192 lanes/row=2 rows/req=32 traversal=walk loads/req=1 inflight=32B stride_mod_4k=0
stride,rows32_xw,,0,12288,6210411.850,0.0000,10.8059,2897.1,2897.0,2898.0,84.09,touch=64MiB row=8192B span=96MiB rows=8192 lanes/row=2 rows/req=32 traversal=xw loads/req=1 inflight=32B stride_mod_4k=0
stride,rows64,,0,12288,385931.933,0.0000,173.8878,2898.0,2898.0,2898.0,81.51,touch=64MiB row=8192B span=96MiB rows=8192 lanes/row=1 rows/req=64 traversal=walk loads/req=1 inflight=16B stride_mod_4k=0
stride,rows64_xw,,0,12288,8060907.800,0.0000,8.3252,2899.0,2899.0,2899.0,79.03,touch=64MiB row=8192B span=96MiB rows=8192 lanes/row=1 rows/req=64 traversal=xw loads/req=1 inflight=16B stride_mod_4k=0
stride,rows1_xw_l2,,0,12288,552975.495,0.0000,121.3596,2899.0,2899.0,2899.0,76.70,touch=64MiB row=8192B span=96MiB rows=8192 lanes/row=64 rows/req=1 traversal=xw loads/req=2 inflight=2048B stride_mod_4k=0
stride,rows1_xw_l4,,0,12288,282022.474,0.0000,237.9557,2899.0,2899.0,2899.0,82.93,touch=64MiB row=8192B span=96MiB rows=8192 lanes/row=64 rows/req=1 traversal=xw loads/req=4 inflight=4096B stride_mod_4k=0
stride,rows1_xw_l8,,0,12288,282938.451,0.0000,237.1854,2899.0,2899.0,2899.0,84.36,touch=64MiB row=8192B span=96MiB rows=8192 lanes/row=64 rows/req=1 traversal=xw loads/req=8 inflight=8192B stride_mod_4k=0
stride,rows1,,0,14336,276646.583,0.0000,242.5798,2886.9,2886.0,2887.0,89.30,touch=64MiB row=8192B span=112MiB rows=8192 lanes/row=64 rows/req=1 traversal=walk loads/req=1 inflight=1024B stride_mod_4k=2048
stride,rows1_xw,,0,14336,544326.175,0.0000,123.2880,2889.2,2889.0,2890.0,90.86,touch=64MiB row=8192B span=112MiB rows=8192 lanes/row=64 rows/req=1 traversal=xw loads/req=1 inflight=1024B stride_mod_4k=2048
stride,rows4,,0,14336,274148.359,0.0000,244.7903,2891.4,2891.0,2892.0,92.35,touch=64MiB row=8192B span=112MiB rows=8192 lanes/row=16 rows/req=4 traversal=walk loads/req=1 inflight=256B stride_mod_4k=2048
stride,rows4_xw,,0,14336,1713615.862,0.0000,39.1621,2893.0,2893.0,2893.0,92.32,touch=64MiB row=8192B span=112MiB rows=8192 lanes/row=16 rows/req=4 traversal=xw loads/req=1 inflight=256B stride_mod_4k=2048
stride,rows16,,0,14336,283607.812,0.0000,236.6256,2894.0,2894.0,2894.0,91.45,touch=64MiB row=8192B span=112MiB rows=8192 lanes/row=4 rows/req=16 traversal=walk loads/req=1 inflight=64B stride_mod_4k=2048
stride,rows16_xw,,0,14336,2299296.286,0.0000,29.1867,2895.5,2895.0,2896.0,92.74,touch=64MiB row=8192B span=112MiB rows=8192 lanes/row=4 rows/req=16 traversal=xw loads/req=1 inflight=64B stride_mod_4k=2048
stride,rows32,,0,14336,284419.438,0.0000,235.9503,2896.1,2896.0,2897.0,93.15,touch=64MiB row=8192B span=112MiB rows=8192 lanes/row=2 rows/req=32 traversal=walk loads/req=1 inflight=32B stride_mod_4k=2048
stride,rows32_xw,,0,14336,3055904.250,0.0000,21.9604,2897.0,2897.0,2897.0,93.57,touch=64MiB row=8192B span=112MiB rows=8192 lanes/row=2 rows/req=32 traversal=xw loads/req=1 inflight=32B stride_mod_4k=2048
stride,rows64,,0,14336,282513.224,0.0000,237.5424,2897.0,2897.0,2897.0,91.07,touch=64MiB row=8192B span=112MiB rows=8192 lanes/row=1 rows/req=64 traversal=walk loads/req=1 inflight=16B stride_mod_4k=2048
stride,rows64_xw,,0,14336,4139785.600,0.0000,16.2107,2895.0,2895.0,2895.0,91.38,touch=64MiB row=8192B span=112MiB rows=8192 lanes/row=1 rows/req=64 traversal=xw loads/req=1 inflight=16B stride_mod_4k=2048
stride,rows1_xw_l2,,0,14336,288057.018,0.0000,232.9708,2896.0,2896.0,2896.0,89.48,touch=64MiB row=8192B span=112MiB rows=8192 lanes/row=64 rows/req=1 traversal=xw loads/req=2 inflight=2048B stride_mod_4k=2048
stride,rows1_xw_l4,,0,14336,286103.364,0.0000,234.5616,2897.0,2897.0,2897.0,94.06,touch=64MiB row=8192B span=112MiB rows=8192 lanes/row=64 rows/req=1 traversal=xw loads/req=4 inflight=4096B stride_mod_4k=2048
stride,rows1_xw_l8,,0,14336,286423.317,0.0000,234.2996,2897.0,2897.0,2897.0,94.71,touch=64MiB row=8192B span=112MiB rows=8192 lanes/row=64 rows/req=1 traversal=xw loads/req=8 inflight=8192B stride_mod_4k=2048
stride,rows1,,0,16384,276403.130,0.0000,242.7934,2885.6,2885.0,2886.0,96.67,touch=64MiB row=8192B span=128MiB rows=8192 lanes/row=64 rows/req=1 traversal=walk loads/req=1 inflight=1024B stride_mod_4k=0
stride,rows1_xw,,0,16384,1076157.739,0.0000,62.3597,2887.6,2887.0,2888.0,97.38,touch=64MiB row=8192B span=128MiB rows=8192 lanes/row=64 rows/req=1 traversal=xw loads/req=1 inflight=1024B stride_mod_4k=0
stride,rows4,,0,16384,288649.134,0.0000,232.4929,2891.0,2891.0,2892.0,97.06,touch=64MiB row=8192B span=128MiB rows=8192 lanes/row=16 rows/req=4 traversal=walk loads/req=1 inflight=256B stride_mod_4k=0
stride,rows4_xw,,0,16384,3405879.200,0.0000,19.7038,2893.0,2893.0,2893.0,93.62,touch=64MiB row=8192B span=128MiB rows=8192 lanes/row=16 rows/req=4 traversal=xw loads/req=1 inflight=256B stride_mod_4k=0
stride,rows16,,0,16384,332447.304,0.0000,201.8632,2894.0,2894.0,2894.0,93.37,touch=64MiB row=8192B span=128MiB rows=8192 lanes/row=4 rows/req=16 traversal=walk loads/req=1 inflight=64B stride_mod_4k=0
stride,rows16_xw,,0,16384,6877559.400,0.0000,9.7577,2895.0,2895.0,2895.0,91.08,touch=64MiB row=8192B span=128MiB rows=8192 lanes/row=4 rows/req=16 traversal=xw loads/req=1 inflight=64B stride_mod_4k=0
stride,rows32,,0,16384,335054.986,0.0000,200.2921,2897.0,2897.0,2897.0,84.39,touch=64MiB row=8192B span=128MiB rows=8192 lanes/row=2 rows/req=32 traversal=walk loads/req=1 inflight=32B stride_mod_4k=0
stride,rows32_xw,,0,16384,12437840.050,0.0000,5.3955,2898.0,2898.0,2898.0,81.72,touch=64MiB row=8192B span=128MiB rows=8192 lanes/row=2 rows/req=32 traversal=xw loads/req=1 inflight=32B stride_mod_4k=0
stride,rows64,,0,16384,370926.137,0.0000,180.9224,2898.0,2898.0,2898.0,74.94,touch=64MiB row=8192B span=128MiB rows=8192 lanes/row=1 rows/req=64 traversal=walk loads/req=1 inflight=16B stride_mod_4k=0
stride,rows64_xw,,0,16384,22061280.700,0.0000,3.0419,2899.0,2899.0,2899.0,67.03,touch=64MiB row=8192B span=128MiB rows=8192 lanes/row=1 rows/req=64 traversal=xw loads/req=1 inflight=16B stride_mod_4k=0
stride,rows1_xw_l2,,0,16384,556049.132,0.0000,120.6887,2900.0,2900.0,2900.0,66.01,touch=64MiB row=8192B span=128MiB rows=8192 lanes/row=64 rows/req=1 traversal=xw loads/req=2 inflight=2048B stride_mod_4k=0
stride,rows1_xw_l4,,0,16384,285089.255,0.0000,235.3960,2895.0,2895.0,2895.0,73.07,touch=64MiB row=8192B span=128MiB rows=8192 lanes/row=64 rows/req=1 traversal=xw loads/req=4 inflight=4096B stride_mod_4k=0
stride,rows1_xw_l8,,0,16384,284843.082,0.0000,235.5994,2895.0,2895.0,2895.0,77.74,touch=64MiB row=8192B span=128MiB rows=8192 lanes/row=64 rows/req=1 traversal=xw loads/req=8 inflight=8192B stride_mod_4k=0
stride,rows1,,0,2048,17756.802,0.0000,944.8332,2868.9,2868.0,2870.0,90.00,touch=16MiB row=2048B span=16MiB rows=8192 lanes/row=64 rows/req=1 traversal=walk loads/req=1 inflight=1024B stride_mod_4k=2048
stride,rows1_xw,,0,2048,34531.497,0.0000,485.8526,2865.1,2864.0,2866.0,99.07,touch=16MiB row=2048B span=16MiB rows=8192 lanes/row=64 rows/req=1 traversal=xw loads/req=1 inflight=1024B stride_mod_4k=2048
stride,rows4,,0,2048,17725.261,0.0000,946.5144,2873.7,2873.0,2874.0,106.02,touch=16MiB row=2048B span=16MiB rows=8192 lanes/row=16 rows/req=4 traversal=walk loads/req=1 inflight=256B stride_mod_4k=2048
stride,rows4_xw,,0,2048,131036.397,0.0000,128.0348,2880.8,2880.0,2881.0,105.55,touch=16MiB row=2048B span=16MiB rows=8192 lanes/row=16 rows/req=4 traversal=xw loads/req=1 inflight=256B stride_mod_4k=2048
stride,rows16,,0,2048,17804.189,0.0000,942.3185,2883.2,2883.0,2884.0,107.75,touch=16MiB row=2048B span=16MiB rows=8192 lanes/row=4 rows/req=16 traversal=walk loads/req=1 inflight=64B stride_mod_4k=2048
stride,rows16_xw,,0,2048,256550.113,0.0000,65.3955,2884.0,2884.0,2884.0,108.90,touch=16MiB row=2048B span=16MiB rows=8192 lanes/row=4 rows/req=16 traversal=xw loads/req=1 inflight=64B stride_mod_4k=2048
stride,rows32,,0,2048,18111.172,0.0000,926.3462,2885.9,2885.0,2886.0,108.20,touch=16MiB row=2048B span=16MiB rows=8192 lanes/row=2 rows/req=32 traversal=walk loads/req=1 inflight=32B stride_mod_4k=2048
stride,rows32_xw,,0,2048,404808.359,0.0000,41.4448,2871.7,2871.0,2872.0,112.34,touch=16MiB row=2048B span=16MiB rows=8192 lanes/row=2 rows/req=32 traversal=xw loads/req=1 inflight=32B stride_mod_4k=2048
stride,rows64,,0,2048,19235.935,0.0000,872.1810,2879.6,2879.0,2880.0,113.88,touch=16MiB row=2048B span=16MiB rows=8192 lanes/row=1 rows/req=64 traversal=walk loads/req=1 inflight=16B stride_mod_4k=2048
stride,rows64_xw,,0,2048,860338.542,0.0000,19.5007,2884.0,2884.0,2885.0,108.45,touch=16MiB row=2048B span=16MiB rows=8192 lanes/row=1 rows/req=64 traversal=xw loads/req=1 inflight=16B stride_mod_4k=2048
stride,rows1_xw_l2,,0,2048,18180.917,0.0000,922.7926,2886.0,2886.0,2886.0,109.01,touch=16MiB row=2048B span=16MiB rows=8192 lanes/row=64 rows/req=1 traversal=xw loads/req=2 inflight=2048B stride_mod_4k=2048
stride,rows1,,0,2064,19024.548,0.0000,881.8720,2886.0,2886.0,2886.0,112.67,touch=16MiB row=2048B span=16MiB rows=8192 lanes/row=64 rows/req=1 traversal=walk loads/req=1 inflight=1024B stride_mod_4k=2064
stride,rows1_xw,,0,2064,19470.134,0.0000,861.6898,2885.9,2885.0,2886.0,117.29,touch=16MiB row=2048B span=16MiB rows=8192 lanes/row=64 rows/req=1 traversal=xw loads/req=1 inflight=1024B stride_mod_4k=2064
stride,rows4,,0,2064,18210.981,0.0000,921.2692,2875.0,2875.0,2875.0,120.26,touch=16MiB row=2048B span=16MiB rows=8192 lanes/row=16 rows/req=4 traversal=walk loads/req=1 inflight=256B stride_mod_4k=2064
stride,rows4_xw,,0,2064,24466.575,0.0000,685.7198,2875.9,2875.0,2877.0,121.35,touch=16MiB row=2048B span=16MiB rows=8192 lanes/row=16 rows/req=4 traversal=xw loads/req=1 inflight=256B stride_mod_4k=2064
stride,rows16,,0,2064,17917.591,0.0000,936.3544,2872.3,2872.0,2873.0,125.05,touch=16MiB row=2048B span=16MiB rows=8192 lanes/row=4 rows/req=16 traversal=walk loads/req=1 inflight=64B stride_mod_4k=2064
stride,rows16_xw,,0,2064,31636.205,0.0000,530.3170,2871.0,2870.0,2872.0,127.41,touch=16MiB row=2048B span=16MiB rows=8192 lanes/row=4 rows/req=16 traversal=xw loads/req=1 inflight=64B stride_mod_4k=2064
stride,rows32,,0,2064,17854.315,0.0000,939.6729,2868.6,2868.0,2869.0,129.75,touch=16MiB row=2048B span=16MiB rows=8192 lanes/row=2 rows/req=32 traversal=walk loads/req=1 inflight=32B stride_mod_4k=2064
stride,rows32_xw,,0,2064,38403.680,0.0000,436.8648,2861.5,2861.0,2862.0,131.00,touch=16MiB row=2048B span=16MiB rows=8192 lanes/row=2 rows/req=32 traversal=xw loads/req=1 inflight=32B stride_mod_4k=2064
stride,rows64,,0,2064,19335.685,0.0000,867.6815,2865.7,2865.0,2867.0,131.78,touch=16MiB row=2048B span=16MiB rows=8192 lanes/row=1 rows/req=64 traversal=walk loads/req=1 inflight=16B stride_mod_4k=2064
stride,rows64_xw,,0,2064,53807.705,0.0000,311.7995,2857.2,2856.0,2858.0,132.93,touch=16MiB row=2048B span=16MiB rows=8192 lanes/row=1 rows/req=64 traversal=xw loads/req=1 inflight=16B stride_mod_4k=2064
stride,rows1_xw_l2,,0,2064,17899.718,0.0000,937.2894,2860.2,2859.0,2861.0,132.91,touch=16MiB row=2048B span=16MiB rows=8192 lanes/row=64 rows/req=1 traversal=xw loads/req=2 inflight=2048B stride_mod_4k=2064
stride,rows1,,0,2112,18309.271,0.0000,916.3236,2859.9,2859.0,2861.0,132.39,touch=16MiB row=2048B span=16MiB rows=8192 lanes/row=64 rows/req=1 traversal=walk loads/req=1 inflight=1024B stride_mod_4k=2112
stride,rows1_xw,,0,2112,18763.565,0.0000,894.1380,2850.7,2850.0,2852.0,133.32,touch=16MiB row=2048B span=16MiB rows=8192 lanes/row=64 rows/req=1 traversal=xw loads/req=1 inflight=1024B stride_mod_4k=2112
stride,rows4,,0,2112,18469.750,0.0000,908.3618,2843.3,2842.0,2849.0,134.73,touch=16MiB row=2048B span=16MiB rows=8192 lanes/row=16 rows/req=4 traversal=walk loads/req=1 inflight=256B stride_mod_4k=2112
stride,rows4_xw,,0,2112,21991.727,0.0000,762.8876,2834.6,2834.0,2835.0,135.26,touch=16MiB row=2048B span=16MiB rows=8192 lanes/row=16 rows/req=4 traversal=xw loads/req=1 inflight=256B stride_mod_4k=2112
stride,rows16,,0,2112,18544.182,0.0000,904.7159,2829.7,2828.0,2831.0,135.27,touch=16MiB row=2048B span=16MiB rows=8192 lanes/row=4 rows/req=16 traversal=walk loads/req=1 inflight=64B stride_mod_4k=2112
stride,rows16_xw,,0,2112,18594.067,0.0000,902.2887,2826.5,2826.0,2828.0,136.62,touch=16MiB row=2048B span=16MiB rows=8192 lanes/row=4 rows/req=16 traversal=xw loads/req=1 inflight=64B stride_mod_4k=2112
stride,rows32,,0,2112,18433.344,0.0000,910.1559,2829.2,2828.0,2831.0,137.70,touch=16MiB row=2048B span=16MiB rows=8192 lanes/row=2 rows/req=32 traversal=walk loads/req=1 inflight=32B stride_mod_4k=2112
stride,rows32_xw,,0,2112,33431.740,0.0000,501.8350,2838.9,2837.0,2840.0,136.71,touch=16MiB row=2048B span=16MiB rows=8192 lanes/row=2 rows/req=32 traversal=xw loads/req=1 inflight=32B stride_mod_4k=2112
stride,rows64,,0,2112,19024.324,0.0000,881.8824,2836.1,2835.0,2837.0,137.14,touch=16MiB row=2048B span=16MiB rows=8192 lanes/row=1 rows/req=64 traversal=walk loads/req=1 inflight=16B stride_mod_4k=2112
stride,rows64_xw,,0,2112,66858.043,0.0000,250.9379,2843.0,2842.0,2844.0,135.14,touch=16MiB row=2048B span=16MiB rows=8192 lanes/row=1 rows/req=64 traversal=xw loads/req=1 inflight=16B stride_mod_4k=2112
stride,rows1_xw_l2,,0,2112,18195.995,0.0000,922.0280,2852.0,2851.0,2853.0,133.33,touch=16MiB row=2048B span=16MiB rows=8192 lanes/row=64 rows/req=1 traversal=xw loads/req=2 inflight=2048B stride_mod_4k=2112
stride,rows1,,0,2176,17827.881,0.0000,941.0662,2852.0,2851.0,2853.0,133.13,touch=16MiB row=2048B span=17MiB rows=8192 lanes/row=64 rows/req=1 traversal=walk loads/req=1 inflight=1024B stride_mod_4k=2176
stride,rows1_xw,,0,2176,17798.908,0.0000,942.5980,2845.6,2844.0,2847.0,134.03,touch=16MiB row=2048B span=17MiB rows=8192 lanes/row=64 rows/req=1 traversal=xw loads/req=1 inflight=1024B stride_mod_4k=2176
stride,rows4,,0,2176,18675.662,0.0000,898.3465,2814.8,2814.0,2820.0,133.63,touch=16MiB row=2048B span=17MiB rows=8192 lanes/row=16 rows/req=4 traversal=walk loads/req=1 inflight=256B stride_mod_4k=2176
stride,rows4_xw,,0,2176,17983.241,0.0000,932.9362,2484.3,2475.0,2494.0,121.62,touch=16MiB row=2048B span=17MiB rows=8192 lanes/row=16 rows/req=4 traversal=xw loads/req=1 inflight=256B stride_mod_4k=2176
stride,rows16,,0,2176,17916.963,0.0000,936.3872,2501.0,2495.0,2510.0,123.55,touch=16MiB row=2048B span=17MiB rows=8192 lanes/row=4 rows/req=16 traversal=walk loads/req=1 inflight=64B stride_mod_4k=2176
stride,rows16_xw,,0,2176,20148.930,0.0000,832.6604,2592.1,2588.0,2598.0,127.61,touch=16MiB row=2048B span=17MiB rows=8192 lanes/row=4 rows/req=16 traversal=xw loads/req=1 inflight=64B stride_mod_4k=2176
stride,rows32,,0,2176,17947.769,0.0000,934.7800,2668.8,2665.0,2674.0,132.57,touch=16MiB row=2048B span=17MiB rows=8192 lanes/row=2 rows/req=32 traversal=walk loads/req=1 inflight=32B stride_mod_4k=2176
stride,rows32_xw,,0,2176,31764.590,0.0000,528.1735,2694.9,2690.0,2700.0,140.41,touch=16MiB row=2048B span=17MiB rows=8192 lanes/row=2 rows/req=32 traversal=xw loads/req=1 inflight=32B stride_mod_4k=2176
stride,rows64,,0,2176,18718.892,0.0000,896.2719,2739.9,2736.0,2744.0,136.43,touch=16MiB row=2048B span=17MiB rows=8192 lanes/row=1 rows/req=64 traversal=walk loads/req=1 inflight=16B stride_mod_4k=2176
stride,rows64_xw,,0,2176,59602.986,0.0000,281.4828,2821.6,2820.0,2824.0,133.93,touch=16MiB row=2048B span=17MiB rows=8192 lanes/row=1 rows/req=64 traversal=xw loads/req=1 inflight=16B stride_mod_4k=2176
stride,rows1_xw_l2,,0,2176,17689.324,0.0000,948.4374,2832.7,2831.0,2834.0,132.44,touch=16MiB row=2048B span=17MiB rows=8192 lanes/row=64 rows/req=1 traversal=xw loads/req=2 inflight=2048B stride_mod_4k=2176
stride,rows1,,0,2304,18503.253,0.0000,906.7171,2825.6,2825.0,2829.0,131.94,touch=16MiB row=2048B span=18MiB rows=8192 lanes/row=64 rows/req=1 traversal=walk loads/req=1 inflight=1024B stride_mod_4k=2304
stride,rows1_xw,,0,2304,17709.567,0.0000,947.3533,2838.6,2837.0,2840.0,133.39,touch=16MiB row=2048B span=18MiB rows=8192 lanes/row=64 rows/req=1 traversal=xw loads/req=1 inflight=1024B stride_mod_4k=2304
stride,rows4,,0,2304,17709.781,0.0000,947.3418,2830.5,2829.0,2832.0,133.30,touch=16MiB row=2048B span=18MiB rows=8192 lanes/row=16 rows/req=4 traversal=walk loads/req=1 inflight=256B stride_mod_4k=2304
stride,rows4_xw,,0,2304,18255.878,0.0000,919.0035,2843.0,2842.0,2844.0,134.33,touch=16MiB row=2048B span=18MiB rows=8192 lanes/row=16 rows/req=4 traversal=xw loads/req=1 inflight=256B stride_mod_4k=2304
stride,rows16,,0,2304,17742.402,0.0000,945.6000,2846.6,2845.0,2848.0,134.79,touch=16MiB row=2048B span=18MiB rows=8192 lanes/row=4 rows/req=16 traversal=walk loads/req=1 inflight=64B stride_mod_4k=2304
stride,rows16_xw,,0,2304,20623.470,0.0000,813.5011,2846.6,2845.0,2848.0,135.39,touch=16MiB row=2048B span=18MiB rows=8192 lanes/row=4 rows/req=16 traversal=xw loads/req=1 inflight=64B stride_mod_4k=2304
stride,rows32,,0,2304,17735.644,0.0000,945.9603,2858.2,2857.0,2859.0,137.29,touch=16MiB row=2048B span=18MiB rows=8192 lanes/row=2 rows/req=32 traversal=walk loads/req=1 inflight=32B stride_mod_4k=2304
stride,rows32_xw,,0,2304,33139.117,0.0000,506.2662,2861.0,2860.0,2862.0,137.01,touch=16MiB row=2048B span=18MiB rows=8192 lanes/row=2 rows/req=32 traversal=xw loads/req=1 inflight=32B stride_mod_4k=2304
stride,rows64,,0,2304,18998.082,0.0000,883.1005,2871.9,2871.0,2873.0,136.42,touch=16MiB row=2048B span=18MiB rows=8192 lanes/row=1 rows/req=64 traversal=walk loads/req=1 inflight=16B stride_mod_4k=2304
stride,rows64_xw,,0,2304,60736.363,0.0000,276.2302,2873.7,2873.0,2874.0,136.05,touch=16MiB row=2048B span=18MiB rows=8192 lanes/row=1 rows/req=64 traversal=xw loads/req=1 inflight=16B stride_mod_4k=2304
stride,rows1_xw_l2,,0,2304,18063.945,0.0000,928.7681,2879.6,2879.0,2880.0,132.54,touch=16MiB row=2048B span=18MiB rows=8192 lanes/row=64 rows/req=1 traversal=xw loads/req=2 inflight=2048B stride_mod_4k=2304
stride,rows1,,0,2560,18870.738,0.0000,889.0599,2880.3,2880.0,2881.0,133.28,touch=16MiB row=2048B span=20MiB rows=8192 lanes/row=64 rows/req=1 traversal=walk loads/req=1 inflight=1024B stride_mod_4k=2560
stride,rows1_xw,,0,2560,17717.068,0.0000,946.9522,2877.7,2877.0,2878.0,134.37,touch=16MiB row=2048B span=20MiB rows=8192 lanes/row=64 rows/req=1 traversal=xw loads/req=1 inflight=1024B stride_mod_4k=2560
stride,rows4,,0,2560,18226.462,0.0000,920.4867,2873.2,2873.0,2874.0,134.63,touch=16MiB row=2048B span=20MiB rows=8192 lanes/row=16 rows/req=4 traversal=walk loads/req=1 inflight=256B stride_mod_4k=2560
stride,rows4_xw,,0,2560,28503.095,0.0000,588.6103,2871.6,2871.0,2872.0,134.41,touch=16MiB row=2048B span=20MiB rows=8192 lanes/row=16 rows/req=4 traversal=xw loads/req=1 inflight=256B stride_mod_4k=2560
stride,rows16,,0,2560,17569.350,0.0000,954.9139,2879.0,2879.0,2880.0,134.07,touch=16MiB row=2048B span=20MiB rows=8192 lanes/row=4 rows/req=16 traversal=walk loads/req=1 inflight=64B stride_mod_4k=2560
stride,rows16_xw,,0,2560,43381.568,0.0000,386.7360,2880.0,2880.0,2880.0,134.36,touch=16MiB row=2048B span=20MiB rows=8192 lanes/row=4 rows/req=16 traversal=xw loads/req=1 inflight=64B stride_mod_4k=2560
stride,rows32,,0,2560,17863.218,0.0000,939.2046,2882.9,2882.0,2883.0,133.13,touch=16MiB row=2048B span=20MiB rows=8192 lanes/row=2 rows/req=32 traversal=walk loads/req=1 inflight=32B stride_mod_4k=2560
stride,rows32_xw,,0,2560,68333.440,0.0000,245.5199,2873.9,2873.0,2875.0,131.51,touch=16MiB row=2048B span=20MiB rows=8192 lanes/row=2 rows/req=32 traversal=xw loads/req=1 inflight=32B stride_mod_4k=2560
stride,rows64,,0,2560,19973.283,0.0000,839.9829,2878.0,2878.0,2878.0,130.51,touch=16MiB row=2048B span=20MiB rows=8192 lanes/row=1 rows/req=64 traversal=walk loads/req=1 inflight=16B stride_mod_4k=2560
stride,rows64_xw,,0,2560,126389.428,0.0000,132.7422,2880.4,2880.0,2881.0,130.69,touch=16MiB row=2048B span=20MiB rows=8192 lanes/row=1 rows/req=64 traversal=xw loads/req=1 inflight=16B stride_mod_4k=2560
stride,rows1_xw_l2,,0,2560,17703.449,0.0000,947.6806,2884.9,2884.0,2885.0,126.72,touch=16MiB row=2048B span=20MiB rows=8192 lanes/row=64 rows/req=1 traversal=xw loads/req=2 inflight=2048B stride_mod_4k=2560
stride,rows1,,0,3072,18078.016,0.0000,928.0452,2885.1,2885.0,2886.0,127.46,touch=16MiB row=2048B span=24MiB rows=8192 lanes/row=64 rows/req=1 traversal=walk loads/req=1 inflight=1024B stride_mod_4k=3072
stride,rows1_xw,,0,3072,17712.945,0.0000,947.1726,2881.7,2881.0,2882.0,128.90,touch=16MiB row=2048B span=24MiB rows=8192 lanes/row=64 rows/req=1 traversal=xw loads/req=1 inflight=1024B stride_mod_4k=3072
stride,rows4,,0,3072,17710.345,0.0000,947.3116,2872.6,2872.0,2873.0,130.05,touch=16MiB row=2048B span=24MiB rows=8192 lanes/row=16 rows/req=4 traversal=walk loads/req=1 inflight=256B stride_mod_4k=3072
stride,rows4_xw,,0,3072,59576.499,0.0000,281.6080,2874.3,2874.0,2875.0,126.71,touch=16MiB row=2048B span=24MiB rows=8192 lanes/row=16 rows/req=4 traversal=xw loads/req=1 inflight=256B stride_mod_4k=3072
stride,rows16,,0,3072,17617.026,0.0000,952.3296,2876.1,2876.0,2877.0,124.80,touch=16MiB row=2048B span=24MiB rows=8192 lanes/row=4 rows/req=16 traversal=walk loads/req=1 inflight=64B stride_mod_4k=3072
stride,rows16_xw,,0,3072,105350.877,0.0000,159.2508,2875.6,2875.0,2876.0,125.31,touch=16MiB row=2048B span=24MiB rows=8192 lanes/row=4 rows/req=16 traversal=xw loads/req=1 inflight=64B stride_mod_4k=3072
stride,rows32,,0,3072,17919.050,0.0000,936.2782,2877.4,2877.0,2879.0,121.10,touch=16MiB row=2048B span=24MiB rows=8192 lanes/row=2 rows/req=32 traversal=walk loads/req=1 inflight=32B stride_mod_4k=3072
stride,rows32_xw,,0,3072,179542.860,0.0000,93.4441,2876.4,2876.0,2877.0,121.70,touch=16MiB row=2048B span=24MiB rows=8192 lanes/row=2 rows/req=32 traversal=xw loads/req=1 inflight=32B stride_mod_4k=3072
stride,rows64,,0,3072,20001.850,0.0000,838.7832,2883.5,2883.0,2884.0,119.37,touch=16MiB row=2048B span=24MiB rows=8192 lanes/row=1 rows/req=64 traversal=walk loads/req=1 inflight=16B stride_mod_4k=3072
stride,rows64_xw,,0,3072,301230.755,0.0000,55.6956,2885.8,2885.0,2886.0,116.47,touch=16MiB row=2048B span=24MiB rows=8192 lanes/row=1 rows/req=64 traversal=xw loads/req=1 inflight=16B stride_mod_4k=3072
stride,rows1_xw_l2,,0,3072,17713.801,0.0000,947.1268,2887.6,2887.0,2888.0,117.60,touch=16MiB row=2048B span=24MiB rows=8192 lanes/row=64 rows/req=1 traversal=xw loads/req=2 inflight=2048B stride_mod_4k=3072
stride,rows1,,0,4096,20289.764,0.0000,826.8808,2883.0,2883.0,2883.0,118.63,touch=16MiB row=2048B span=32MiB rows=8192 lanes/row=64 rows/req=1 traversal=walk loads/req=1 inflight=1024B stride_mod_4k=0
stride,rows1_xw,,0,4096,35846.305,0.0000,468.0319,2883.9,2883.0,2884.0,120.57,touch=16MiB row=2048B span=32MiB rows=8192 lanes/row=64 rows/req=1 traversal=xw loads/req=1 inflight=1024B stride_mod_4k=0
stride,rows4,,0,4096,17932.781,0.0000,935.5613,2888.7,2888.0,2889.0,122.18,touch=16MiB row=2048B span=32MiB rows=8192 lanes/row=16 rows/req=4 traversal=walk loads/req=1 inflight=256B stride_mod_4k=0
stride,rows4_xw,,0,4096,109614.465,0.0000,153.0566,2886.0,2886.0,2886.0,122.14,touch=16MiB row=2048B span=32MiB rows=8192 lanes/row=16 rows/req=4 traversal=xw loads/req=1 inflight=256B stride_mod_4k=0
stride,rows16,,0,4096,18589.492,0.0000,902.5107,2890.0,2890.0,2890.0,118.72,touch=16MiB row=2048B span=32MiB rows=8192 lanes/row=4 rows/req=16 traversal=walk loads/req=1 inflight=64B stride_mod_4k=0
stride,rows16_xw,,0,4096,274602.740,0.0000,61.0963,2891.0,2891.0,2891.0,117.58,touch=16MiB row=2048B span=32MiB rows=8192 lanes/row=4 rows/req=16 traversal=xw loads/req=1 inflight=64B stride_mod_4k=0
stride,rows32,,0,4096,18222.907,0.0000,920.6663,2883.0,2883.0,2883.0,113.32,touch=16MiB row=2048B span=32MiB rows=8192 lanes/row=2 rows/req=32 traversal=walk loads/req=1 inflight=32B stride_mod_4k=0
stride,rows32_xw,,0,4096,477301.646,0.0000,35.1501,2884.3,2884.0,2885.0,112.71,touch=16MiB row=2048B span=32MiB rows=8192 lanes/row=2 rows/req=32 traversal=xw loads/req=1 inflight=32B stride_mod_4k=0
stride,rows64,,0,4096,22800.584,0.0000,735.8240,2888.0,2888.0,2888.0,107.87,touch=16MiB row=2048B span=32MiB rows=8192 lanes/row=1 rows/req=64 traversal=walk loads/req=1 inflight=16B stride_mod_4k=0
stride,rows64_xw,,0,4096,886369.700,0.0000,18.9280,2884.3,2884.0,2885.0,108.31,touch=16MiB row=2048B span=32MiB rows=8192 lanes/row=1 rows/req=64 traversal=xw loads/req=1 inflight=16B stride_mod_4k=0
stride,rows1_xw_l2,,0,4096,18329.298,0.0000,915.3223,2880.0,2880.0,2880.0,107.85,touch=16MiB row=2048B span=32MiB rows=8192 lanes/row=64 rows/req=1 traversal=xw loads/req=2 inflight=2048B stride_mod_4k=0
stride,rows1,,0,5120,20644.901,0.0000,812.6566,2879.0,2879.0,2879.0,108.86,touch=16MiB row=2048B span=40MiB rows=8192 lanes/row=64 rows/req=1 traversal=walk loads/req=1 inflight=1024B stride_mod_4k=1024
stride,rows1_xw,,0,5120,17714.164,0.0000,947.1074,2882.3,2882.0,2883.0,114.22,touch=16MiB row=2048B span=40MiB rows=8192 lanes/row=64 rows/req=1 traversal=xw loads/req=1 inflight=1024B stride_mod_4k=1024
stride,rows4,,0,5120,17627.315,0.0000,951.7738,2879.9,2879.0,2880.0,119.22,touch=16MiB row=2048B span=40MiB rows=8192 lanes/row=16 rows/req=4 traversal=walk loads/req=1 inflight=256B stride_mod_4k=1024
stride,rows4_xw,,0,5120,58407.140,0.0000,287.2460,2876.3,2876.0,2877.0,120.64,touch=16MiB row=2048B span=40MiB rows=8192 lanes/row=16 rows/req=4 traversal=xw loads/req=1 inflight=256B stride_mod_4k=1024
stride,rows16,,0,5120,17668.345,0.0000,949.5635,2875.3,2875.0,2876.0,120.25,touch=16MiB row=2048B span=40MiB rows=8192 lanes/row=4 rows/req=16 traversal=walk loads/req=1 inflight=64B stride_mod_4k=1024
stride,rows16_xw,,0,5120,105891.612,0.0000,158.4376,2876.8,2876.0,2878.0,120.16,touch=16MiB row=2048B span=40MiB rows=8192 lanes/row=4 rows/req=16 traversal=xw loads/req=1 inflight=64B stride_mod_4k=1024
stride,rows32,,0,5120,17741.530,0.0000,945.6465,2879.3,2879.0,2880.0,117.59,touch=16MiB row=2048B span=40MiB rows=8192 lanes/row=2 rows/req=32 traversal=walk loads/req=1 inflight=32B stride_mod_4k=1024
stride,rows32_xw,,0,5120,181043.464,0.0000,92.6695,2882.0,2881.0,2882.0,118.77,touch=16MiB row=2048B span=40MiB rows=8192 lanes/row=2 rows/req=32 traversal=xw loads/req=1 inflight=32B stride_mod_4k=1024
stride,rows64,,0,5120,20903.120,0.0000,802.6178,2887.5,2887.0,2888.0,117.56,touch=16MiB row=2048B span=40MiB rows=8192 lanes/row=1 rows/req=64 traversal=walk loads/req=1 inflight=16B stride_mod_4k=1024
stride,rows64_xw,,0,5120,320806.295,0.0000,52.2970,2888.3,2888.0,2889.0,117.10,touch=16MiB row=2048B span=40MiB rows=8192 lanes/row=1 rows/req=64 traversal=xw loads/req=1 inflight=16B stride_mod_4k=1024
stride,rows1_xw_l2,,0,5120,17822.632,0.0000,941.3433,2887.1,2887.0,2891.0,113.47,touch=16MiB row=2048B span=40MiB rows=8192 lanes/row=64 rows/req=1 traversal=xw loads/req=2 inflight=2048B stride_mod_4k=1024
stride,rows1,,0,6144,17507.868,0.0000,958.2672,2870.9,2870.0,2871.0,115.86,touch=16MiB row=2048B span=48MiB rows=8192 lanes/row=64 rows/req=1 traversal=walk loads/req=1 inflight=1024B stride_mod_4k=2048
stride,rows1_xw,,0,6144,34830.517,0.0000,481.6815,2871.4,2871.0,2872.0,116.73,touch=16MiB row=2048B span=48MiB rows=8192 lanes/row=64 rows/req=1 traversal=xw loads/req=1 inflight=1024B stride_mod_4k=2048
stride,rows4,,0,6144,17792.330,0.0000,942.9465,2877.2,2877.0,2878.0,119.04,touch=16MiB row=2048B span=48MiB rows=8192 lanes/row=16 rows/req=4 traversal=walk loads/req=1 inflight=256B stride_mod_4k=2048
stride,rows4_xw,,0,6144,130841.624,0.0000,128.2254,2881.5,2881.0,2882.0,114.06,touch=16MiB row=2048B span=48MiB rows=8192 lanes/row=16 rows/req=4 traversal=xw loads/req=1 inflight=256B stride_mod_4k=2048
stride,rows16,,0,6144,18233.252,0.0000,920.1439,2884.0,2884.0,2884.0,115.56,touch=16MiB row=2048B span=48MiB rows=8192 lanes/row=4 rows/req=16 traversal=walk loads/req=1 inflight=64B stride_mod_4k=2048
stride,rows16_xw,,0,6144,250407.857,0.0000,66.9996,2883.7,2883.0,2884.0,109.45,touch=16MiB row=2048B span=48MiB rows=8192 lanes/row=4 rows/req=16 traversal=xw loads/req=1 inflight=64B stride_mod_4k=2048
stride,rows32,,0,6144,18389.778,0.0000,912.3120,2885.0,2885.0,2885.0,110.57,touch=16MiB row=2048B span=48MiB rows=8192 lanes/row=2 rows/req=32 traversal=walk loads/req=1 inflight=32B stride_mod_4k=2048
stride,rows32_xw,,0,6144,463808.644,0.0000,36.1727,2882.1,2881.0,2883.0,108.25,touch=16MiB row=2048B span=48MiB rows=8192 lanes/row=2 rows/req=32 traversal=xw loads/req=1 inflight=32B stride_mod_4k=2048
stride,rows64,,0,6144,19534.732,0.0000,858.8404,2886.4,2886.0,2887.0,109.76,touch=16MiB row=2048B span=48MiB rows=8192 lanes/row=1 rows/req=64 traversal=walk loads/req=1 inflight=16B stride_mod_4k=2048
stride,rows64_xw,,0,6144,867118.567,0.0000,19.3482,2888.4,2888.0,2889.0,107.56,touch=16MiB row=2048B span=48MiB rows=8192 lanes/row=1 rows/req=64 traversal=xw loads/req=1 inflight=16B stride_mod_4k=2048
stride,rows1_xw_l2,,0,6144,17798.322,0.0000,942.6291,2880.4,2880.0,2881.0,107.96,touch=16MiB row=2048B span=48MiB rows=8192 lanes/row=64 rows/req=1 traversal=xw loads/req=2 inflight=2048B stride_mod_4k=2048
stride,rows1,,0,8192,138818.890,0.0000,120.8569,2880.2,2880.0,2881.0,107.87,touch=16MiB row=2048B span=64MiB rows=8192 lanes/row=64 rows/req=1 traversal=walk loads/req=1 inflight=1024B stride_mod_4k=0
stride,rows1_xw,,0,8192,274928.552,0.0000,61.0239,2882.6,2882.0,2883.0,105.90,touch=16MiB row=2048B span=64MiB rows=8192 lanes/row=64 rows/req=1 traversal=xw loads/req=1 inflight=1024B stride_mod_4k=0
stride,rows4,,0,8192,138505.394,0.0000,121.1304,2886.0,2886.0,2886.0,101.96,touch=16MiB row=2048B span=64MiB rows=8192 lanes/row=16 rows/req=4 traversal=walk loads/req=1 inflight=256B stride_mod_4k=0
stride,rows4_xw,,0,8192,870867.069,0.0000,19.2650,2889.0,2889.0,2889.0,98.78,touch=16MiB row=2048B span=64MiB rows=8192 lanes/row=16 rows/req=4 traversal=xw loads/req=1 inflight=256B stride_mod_4k=0
stride,rows16,,0,8192,142794.305,0.0000,117.4922,2891.6,2891.0,2892.0,95.96,touch=16MiB row=2048B span=64MiB rows=8192 lanes/row=4 rows/req=16 traversal=walk loads/req=1 inflight=64B stride_mod_4k=0
stride,rows16_xw,,0,8192,1352845.545,0.0000,12.4014,2893.0,2893.0,2893.0,92.97,touch=16MiB row=2048B span=64MiB rows=8192 lanes/row=4 rows/req=16 traversal=xw loads/req=1 inflight=64B stride_mod_4k=0
stride,rows32,,0,8192,142327.118,0.0000,117.8779,2894.3,2894.0,2895.0,92.19,touch=16MiB row=2048B span=64MiB rows=8192 lanes/row=2 rows/req=32 traversal=walk loads/req=1 inflight=32B stride_mod_4k=0
stride,rows32_xw,,0,8192,2185127.391,0.0000,7.6779,2895.0,2895.0,2895.0,91.51,touch=16MiB row=2048B span=64MiB rows=8192 lanes/row=2 rows/req=32 traversal=xw loads/req=1 inflight=32B stride_mod_4k=0
stride,rows64,,0,8192,141768.572,0.0000,118.3423,2896.0,2896.0,2896.0,89.34,touch=16MiB row=2048B span=64MiB rows=8192 lanes/row=1 rows/req=64 traversal=walk loads/req=1 inflight=16B stride_mod_4k=0
stride,rows64_xw,,0,8192,3762228.250,0.0000,4.4594,2896.0,2896.0,2896.0,88.67,touch=16MiB row=2048B span=64MiB rows=8192 lanes/row=1 rows/req=64 traversal=xw loads/req=1 inflight=16B stride_mod_4k=0
stride,rows1_xw_l2,,0,8192,140264.912,0.0000,119.6109,2897.0,2897.0,2897.0,85.60,touch=16MiB row=2048B span=64MiB rows=8192 lanes/row=64 rows/req=1 traversal=xw loads/req=2 inflight=2048B stride_mod_4k=0
stride,rows1,,0,10240,20539.305,0.0000,816.8347,2895.0,2895.0,2895.0,89.60,touch=16MiB row=2048B span=80MiB rows=8192 lanes/row=64 rows/req=1 traversal=walk loads/req=1 inflight=1024B stride_mod_4k=2048
stride,rows1_xw,,0,10240,35436.651,0.0000,473.4425,2895.2,2895.0,2896.0,91.28,touch=16MiB row=2048B span=80MiB rows=8192 lanes/row=64 rows/req=1 traversal=xw loads/req=1 inflight=1024B stride_mod_4k=2048
stride,rows4,,0,10240,17997.179,0.0000,932.2137,2890.5,2890.0,2891.0,101.10,touch=16MiB row=2048B span=80MiB rows=8192 lanes/row=16 rows/req=4 traversal=walk loads/req=1 inflight=256B stride_mod_4k=2048
stride,rows4_xw,,0,10240,131201.911,0.0000,127.8733,2885.9,2885.0,2886.0,100.09,touch=16MiB row=2048B span=80MiB rows=8192 lanes/row=16 rows/req=4 traversal=xw loads/req=1 inflight=256B stride_mod_4k=2048
stride,rows16,,0,10240,18138.051,0.0000,924.9735,2878.8,2878.0,2879.0,103.37,touch=16MiB row=2048B span=80MiB rows=8192 lanes/row=4 rows/req=16 traversal=walk loads/req=1 inflight=64B stride_mod_4k=2048
stride,rows16_xw,,0,10240,221194.188,0.0000,75.8484,2873.7,2873.0,2880.0,103.86,touch=16MiB row=2048B span=80MiB rows=8192 lanes/row=4 rows/req=16 traversal=xw loads/req=1 inflight=64B stride_mod_4k=2048
stride,rows32,,0,10240,17998.564,0.0000,932.1419,2881.4,2881.0,2882.0,105.85,touch=16MiB row=2048B span=80MiB rows=8192 lanes/row=2 rows/req=32 traversal=walk loads/req=1 inflight=32B stride_mod_4k=2048
stride,rows32_xw,,0,10240,388533.667,0.0000,43.1809,2880.5,2880.0,2881.0,106.33,touch=16MiB row=2048B span=80MiB rows=8192 lanes/row=2 rows/req=32 traversal=xw loads/req=1 inflight=32B stride_mod_4k=2048
stride,rows64,,0,10240,21813.469,0.0000,769.1219,2886.3,2886.0,2887.0,107.77,touch=16MiB row=2048B span=80MiB rows=8192 lanes/row=1 rows/req=64 traversal=walk loads/req=1 inflight=16B stride_mod_4k=2048
stride,rows64_xw,,0,10240,872664.736,0.0000,19.2253,2882.6,2882.0,2883.0,107.66,touch=16MiB row=2048B span=80MiB rows=8192 lanes/row=1 rows/req=64 traversal=xw loads/req=1 inflight=16B stride_mod_4k=2048
stride,rows1_xw_l2,,0,10240,18156.519,0.0000,924.0326,2887.0,2887.0,2887.0,104.54,touch=16MiB row=2048B span=80MiB rows=8192 lanes/row=64 rows/req=1 traversal=xw loads/req=2 inflight=2048B stride_mod_4k=2048
stride,rows1,,0,2048,276369.174,0.0000,242.8233,2825.6,2824.0,2827.0,108.85,touch=64MiB row=2048B span=64MiB rows=32768 lanes/row=64 rows/req=1 traversal=walk loads/req=1 inflight=1024B stride_mod_4k=2048
stride,rows1_xw,,0,2048,557167.067,0.0000,120.4466,2830.8,2829.0,2832.0,107.96,touch=64MiB row=2048B span=64MiB rows=32768 lanes/row=64 rows/req=1 traversal=xw loads/req=1 inflight=1024B stride_mod_4k=2048
stride,rows4,,0,2048,273398.137,0.0000,245.4620,2844.5,2843.0,2846.0,105.02,touch=64MiB row=2048B span=64MiB rows=32768 lanes/row=16 rows/req=4 traversal=walk loads/req=1 inflight=256B stride_mod_4k=2048
stride,rows4_xw,,0,2048,2136470.227,0.0000,31.4111,2855.0,2854.0,2856.0,101.28,touch=64MiB row=2048B span=64MiB rows=32768 lanes/row=16 rows/req=4 traversal=xw loads/req=1 inflight=256B stride_mod_4k=2048
stride,rows16,,0,2048,292151.794,0.0000,229.7055,2861.0,2860.0,2862.0,100.84,touch=64MiB row=2048B span=64MiB rows=32768 lanes/row=4 rows/req=16 traversal=walk loads/req=1 inflight=64B stride_mod_4k=2048
stride,rows16_xw,,0,2048,4561508.900,0.0000,14.7120,2874.8,2874.0,2876.0,92.94,touch=64MiB row=2048B span=64MiB rows=32768 lanes/row=4 rows/req=16 traversal=xw loads/req=1 inflight=64B stride_mod_4k=2048
stride,rows32,,0,2048,292968.339,0.0000,229.0652,2877.0,2876.0,2878.0,91.99,touch=64MiB row=2048B span=64MiB rows=32768 lanes/row=2 rows/req=32 traversal=walk loads/req=1 inflight=32B stride_mod_4k=2048
stride,rows32_xw,,0,2048,8565700.900,0.0000,7.8346,2886.5,2885.0,2888.0,84.48,touch=64MiB row=2048B span=64MiB rows=32768 lanes/row=2 rows/req=32 traversal=xw loads/req=1 inflight=32B stride_mod_4k=2048
stride,rows64,,0,2048,278003.765,0.0000,241.3955,2891.8,2891.0,2892.0,82.55,touch=64MiB row=2048B span=64MiB rows=32768 lanes/row=1 rows/req=64 traversal=walk loads/req=1 inflight=16B stride_mod_4k=2048
stride,rows64_xw,,0,2048,16006438.400,0.0000,4.1926,2895.6,2895.0,2896.0,71.93,touch=64MiB row=2048B span=64MiB rows=32768 lanes/row=1 rows/req=64 traversal=xw loads/req=1 inflight=16B stride_mod_4k=2048
stride,rows1_xw_l2,,0,2048,282772.946,0.0000,237.3242,2898.0,2898.0,2898.0,71.87,touch=64MiB row=2048B span=64MiB rows=32768 lanes/row=64 rows/req=1 traversal=xw loads/req=2 inflight=2048B stride_mod_4k=2048
stride,rows1,,0,2064,281720.557,0.0000,238.2107,2884.9,2884.0,2885.0,73.72,touch=64MiB row=2048B span=64MiB rows=32768 lanes/row=64 rows/req=1 traversal=walk loads/req=1 inflight=1024B stride_mod_4k=2064
stride,rows1_xw,,0,2064,281731.259,0.0000,238.2017,2889.0,2889.0,2889.0,83.49,touch=64MiB row=2048B span=64MiB rows=32768 lanes/row=64 rows/req=1 traversal=xw loads/req=1 inflight=1024B stride_mod_4k=2064
stride,rows4,,0,2064,284954.232,0.0000,235.5075,2889.0,2889.0,2889.0,87.91,touch=64MiB row=2048B span=64MiB rows=32768 lanes/row=16 rows/req=4 traversal=walk loads/req=1 inflight=256B stride_mod_4k=2064
stride,rows4_xw,,0,2064,303497.343,0.0000,221.1185,2889.7,2889.0,2890.0,89.17,touch=64MiB row=2048B span=64MiB rows=32768 lanes/row=16 rows/req=4 traversal=xw loads/req=1 inflight=256B stride_mod_4k=2064
stride,rows16,,0,2064,296775.027,0.0000,226.1271,2891.0,2891.0,2891.0,94.71,touch=64MiB row=2048B span=64MiB rows=32768 lanes/row=4 rows/req=16 traversal=walk loads/req=1 inflight=64B stride_mod_4k=2064
stride,rows16_xw,,0,2064,322314.400,0.0000,208.2093,2893.0,2893.0,2893.0,98.17,touch=64MiB row=2048B span=64MiB rows=32768 lanes/row=4 rows/req=16 traversal=xw loads/req=1 inflight=64B stride_mod_4k=2064
stride,rows32,,0,2064,286941.500,0.0000,233.8765,2894.0,2894.0,2894.0,100.47,touch=64MiB row=2048B span=64MiB rows=32768 lanes/row=2 rows/req=32 traversal=walk loads/req=1 inflight=32B stride_mod_4k=2064
stride,rows32_xw,,0,2064,361007.065,0.0000,185.8935,2895.0,2895.0,2895.0,104.06,touch=64MiB row=2048B span=64MiB rows=32768 lanes/row=2 rows/req=32 traversal=xw loads/req=1 inflight=32B stride_mod_4k=2064
stride,rows64,,0,2064,290149.685,0.0000,231.2905,2887.0,2887.0,2887.0,105.50,touch=64MiB row=2048B span=64MiB rows=32768 lanes/row=1 rows/req=64 traversal=walk loads/req=1 inflight=16B stride_mod_4k=2064
stride,rows64_xw,,0,2064,554384.000,0.0000,121.0512,2880.5,2880.0,2881.0,106.36,touch=64MiB row=2048B span=64MiB rows=32768 lanes/row=1 rows/req=64 traversal=xw loads/req=1 inflight=16B stride_mod_4k=2064
stride,rows1_xw_l2,,0,2064,287845.834,0.0000,233.1417,2881.1,2880.0,2882.0,107.43,touch=64MiB row=2048B span=64MiB rows=32768 lanes/row=64 rows/req=1 traversal=xw loads/req=2 inflight=2048B stride_mod_4k=2064
stride,rows1,,0,2112,289044.392,0.0000,232.1749,2872.0,2871.0,2873.0,104.73,touch=64MiB row=2048B span=66MiB rows=32768 lanes/row=64 rows/req=1 traversal=walk loads/req=1 inflight=1024B stride_mod_4k=2112
stride,rows1_xw,,0,2112,292513.155,0.0000,229.4217,2879.6,2879.0,2880.0,103.84,touch=64MiB row=2048B span=66MiB rows=32768 lanes/row=64 rows/req=1 traversal=xw loads/req=1 inflight=1024B stride_mod_4k=2112
stride,rows4,,0,2112,293137.362,0.0000,228.9332,2882.1,2882.0,2883.0,103.56,touch=64MiB row=2048B span=66MiB rows=32768 lanes/row=16 rows/req=4 traversal=walk loads/req=1 inflight=256B stride_mod_4k=2112
stride,rows4_xw,,0,2112,304628.572,0.0000,220.2973,2886.8,2886.0,2887.0,103.24,touch=64MiB row=2048B span=66MiB rows=32768 lanes/row=16 rows/req=4 traversal=xw loads/req=1 inflight=256B stride_mod_4k=2112
stride,rows16,,0,2112,292651.166,0.0000,229.3135,2889.2,2889.0,2890.0,102.74,touch=64MiB row=2048B span=66MiB rows=32768 lanes/row=4 rows/req=16 traversal=walk loads/req=1 inflight=64B stride_mod_4k=2112
stride,rows16_xw,,0,2112,314470.117,0.0000,213.4030,2890.0,2890.0,2890.0,102.93,touch=64MiB row=2048B span=66MiB rows=32768 lanes/row=4 rows/req=16 traversal=xw loads/req=1 inflight=64B stride_mod_4k=2112
stride,rows32,,0,2112,293140.354,0.0000,228.9308,2891.0,2891.0,2891.0,104.43,touch=64MiB row=2048B span=66MiB rows=32768 lanes/row=2 rows/req=32 traversal=walk loads/req=1 inflight=32B stride_mod_4k=2112
stride,rows32_xw,,0,2112,406532.708,0.0000,165.0762,2883.9,2883.0,2884.0,105.26,touch=64MiB row=2048B span=66MiB rows=32768 lanes/row=2 rows/req=32 traversal=xw loads/req=1 inflight=32B stride_mod_4k=2112
stride,rows64,,0,2112,290895.727,0.0000,230.6973,2888.1,2888.0,2889.0,106.32,touch=64MiB row=2048B span=66MiB rows=32768 lanes/row=1 rows/req=64 traversal=walk loads/req=1 inflight=16B stride_mod_4k=2112
stride,rows64_xw,,0,2112,618353.440,0.0000,108.5283,2890.0,2890.0,2890.0,106.84,touch=64MiB row=2048B span=66MiB rows=32768 lanes/row=1 rows/req=64 traversal=xw loads/req=1 inflight=16B stride_mod_4k=2112
stride,rows1_xw_l2,,0,2112,294767.902,0.0000,227.6668,2891.7,2891.0,2892.0,106.52,touch=64MiB row=2048B span=66MiB rows=32768 lanes/row=64 rows/req=1 traversal=xw loads/req=2 inflight=2048B stride_mod_4k=2112
stride,rows1,,0,2176,279631.416,0.0000,239.9904,2879.7,2879.0,2880.0,106.18,touch=64MiB row=2048B span=68MiB rows=32768 lanes/row=64 rows/req=1 traversal=walk loads/req=1 inflight=1024B stride_mod_4k=2176
stride,rows1_xw,,0,2176,284165.773,0.0000,236.1610,2881.0,2881.0,2882.0,105.89,touch=64MiB row=2048B span=68MiB rows=32768 lanes/row=64 rows/req=1 traversal=xw loads/req=1 inflight=1024B stride_mod_4k=2176
stride,rows4,,0,2176,280853.081,0.0000,238.9465,2886.6,2886.0,2887.0,105.59,touch=64MiB row=2048B span=68MiB rows=32768 lanes/row=16 rows/req=4 traversal=walk loads/req=1 inflight=256B stride_mod_4k=2176
stride,rows4_xw,,0,2176,288044.723,0.0000,232.9807,2888.4,2888.0,2889.0,105.50,touch=64MiB row=2048B span=68MiB rows=32768 lanes/row=16 rows/req=4 traversal=xw loads/req=1 inflight=256B stride_mod_4k=2176
stride,rows16,,0,2176,283190.936,0.0000,236.9739,2891.0,2891.0,2891.0,104.93,touch=64MiB row=2048B span=68MiB rows=32768 lanes/row=4 rows/req=16 traversal=walk loads/req=1 inflight=64B stride_mod_4k=2176
stride,rows16_xw,,0,2176,355256.269,0.0000,188.9027,2893.0,2893.0,2893.0,105.04,touch=64MiB row=2048B span=68MiB rows=32768 lanes/row=4 rows/req=16 traversal=xw loads/req=1 inflight=64B stride_mod_4k=2176
stride,rows32,,0,2176,285470.995,0.0000,235.0812,2894.5,2894.0,2895.0,105.21,touch=64MiB row=2048B span=68MiB rows=32768 lanes/row=2 rows/req=32 traversal=walk loads/req=1 inflight=32B stride_mod_4k=2176
stride,rows32_xw,,0,2176,475309.696,0.0000,141.1898,2895.0,2895.0,2895.0,105.59,touch=64MiB row=2048B span=68MiB rows=32768 lanes/row=2 rows/req=32 traversal=xw loads/req=1 inflight=32B stride_mod_4k=2176
stride,rows64,,0,2176,279636.223,0.0000,239.9863,2895.0,2895.0,2895.0,106.66,touch=64MiB row=2048B span=68MiB rows=32768 lanes/row=1 rows/req=64 traversal=walk loads/req=1 inflight=16B stride_mod_4k=2176
stride,rows64_xw,,0,2176,695540.200,0.0000,96.4845,2896.0,2896.0,2896.0,107.22,touch=64MiB row=2048B span=68MiB rows=32768 lanes/row=1 rows/req=64 traversal=xw loads/req=1 inflight=16B stride_mod_4k=2176
stride,rows1_xw_l2,,0,2176,285110.702,0.0000,235.3783,2896.7,2896.0,2897.0,107.38,touch=64MiB row=2048B span=68MiB rows=32768 lanes/row=64 rows/req=1 traversal=xw loads/req=2 inflight=2048B stride_mod_4k=2176
stride,rows1,,0,2304,276349.520,0.0000,242.8405,2879.7,2879.0,2880.0,104.70,touch=64MiB row=2048B span=72MiB rows=32768 lanes/row=64 rows/req=1 traversal=walk loads/req=1 inflight=1024B stride_mod_4k=2304
stride,rows1_xw,,0,2304,279884.486,0.0000,239.7734,2884.8,2884.0,2885.0,104.55,touch=64MiB row=2048B span=72MiB rows=32768 lanes/row=64 rows/req=1 traversal=xw loads/req=1 inflight=1024B stride_mod_4k=2304
stride,rows4,,0,2304,276876.984,0.0000,242.3779,2886.9,2886.0,2887.0,104.47,touch=64MiB row=2048B span=72MiB rows=32768 lanes/row=16 rows/req=4 traversal=walk loads/req=1 inflight=256B stride_mod_4k=2304
stride,rows4_xw,,0,2304,281617.377,0.0000,238.2980,2890.0,2890.0,2890.0,104.32,touch=64MiB row=2048B span=72MiB rows=32768 lanes/row=16 rows/req=4 traversal=xw loads/req=1 inflight=256B stride_mod_4k=2304
stride,rows16,,0,2304,281357.211,0.0000,238.5184,2892.0,2892.0,2892.0,104.11,touch=64MiB row=2048B span=72MiB rows=32768 lanes/row=4 rows/req=16 traversal=walk loads/req=1 inflight=64B stride_mod_4k=2304
stride,rows16_xw,,0,2304,352076.641,0.0000,190.6087,2893.0,2893.0,2893.0,104.07,touch=64MiB row=2048B span=72MiB rows=32768 lanes/row=4 rows/req=16 traversal=xw loads/req=1 inflight=64B stride_mod_4k=2304
stride,rows32,,0,2304,281486.980,0.0000,238.4084,2891.5,2891.0,2894.0,103.97,touch=64MiB row=2048B span=72MiB rows=32768 lanes/row=2 rows/req=32 traversal=walk loads/req=1 inflight=32B stride_mod_4k=2304
stride,rows32_xw,,0,2304,474020.283,0.0000,141.5738,2893.0,2893.0,2893.0,104.03,touch=64MiB row=2048B span=72MiB rows=32768 lanes/row=2 rows/req=32 traversal=xw loads/req=1 inflight=32B stride_mod_4k=2304
stride,rows64,,0,2304,279339.594,0.0000,240.2411,2894.0,2894.0,2894.0,104.61,touch=64MiB row=2048B span=72MiB rows=32768 lanes/row=1 rows/req=64 traversal=walk loads/req=1 inflight=16B stride_mod_4k=2304
stride,rows64_xw,,0,2304,696643.092,0.0000,96.3318,2896.0,2896.0,2896.0,106.16,touch=64MiB row=2048B span=72MiB rows=32768 lanes/row=1 rows/req=64 traversal=xw loads/req=1 inflight=16B stride_mod_4k=2304
stride,rows1_xw_l2,,0,2304,282488.583,0.0000,237.5631,2896.0,2896.0,2896.0,105.69,touch=64MiB row=2048B span=72MiB rows=32768 lanes/row=64 rows/req=1 traversal=xw loads/req=2 inflight=2048B stride_mod_4k=2304
stride,rows1,,0,2560,277355.000,0.0000,241.9602,2883.7,2883.0,2884.0,104.45,touch=64MiB row=2048B span=80MiB rows=32768 lanes/row=64 rows/req=1 traversal=walk loads/req=1 inflight=1024B stride_mod_4k=2560
stride,rows1_xw,,0,2560,278063.000,0.0000,241.3441,2886.7,2886.0,2887.0,103.48,touch=64MiB row=2048B span=80MiB rows=32768 lanes/row=64 rows/req=1 traversal=xw loads/req=1 inflight=1024B stride_mod_4k=2560
stride,rows4,,0,2560,277211.233,0.0000,242.0857,2890.3,2890.0,2891.0,103.78,touch=64MiB row=2048B span=80MiB rows=32768 lanes/row=16 rows/req=4 traversal=walk loads/req=1 inflight=256B stride_mod_4k=2560
stride,rows4_xw,,0,2560,541224.730,0.0000,123.9945,2891.0,2891.0,2891.0,103.24,touch=64MiB row=2048B span=80MiB rows=32768 lanes/row=16 rows/req=4 traversal=xw loads/req=1 inflight=256B stride_mod_4k=2560
stride,rows16,,0,2560,283043.046,0.0000,237.0977,2893.0,2893.0,2893.0,101.71,touch=64MiB row=2048B span=80MiB rows=32768 lanes/row=4 rows/req=16 traversal=walk loads/req=1 inflight=64B stride_mod_4k=2560
stride,rows16_xw,,0,2560,739241.893,0.0000,90.7807,2895.0,2895.0,2895.0,100.11,touch=64MiB row=2048B span=80MiB rows=32768 lanes/row=4 rows/req=16 traversal=xw loads/req=1 inflight=64B stride_mod_4k=2560
stride,rows32,,0,2560,281633.375,0.0000,238.2845,2895.0,2895.0,2895.0,99.73,touch=64MiB row=2048B span=80MiB rows=32768 lanes/row=2 rows/req=32 traversal=walk loads/req=1 inflight=32B stride_mod_4k=2560
stride,rows32_xw,,0,2560,1029144.811,0.0000,65.2084,2896.0,2896.0,2896.0,99.34,touch=64MiB row=2048B span=80MiB rows=32768 lanes/row=2 rows/req=32 traversal=xw loads/req=1 inflight=32B stride_mod_4k=2560
stride,rows64,,0,2560,278668.819,0.0000,240.8194,2895.0,2895.0,2895.0,100.32,touch=64MiB row=2048B span=80MiB rows=32768 lanes/row=1 rows/req=64 traversal=walk loads/req=1 inflight=16B stride_mod_4k=2560
stride,rows64_xw,,0,2560,1495109.611,0.0000,44.8856,2895.4,2895.0,2896.0,99.81,touch=64MiB row=2048B span=80MiB rows=32768 lanes/row=1 rows/req=64 traversal=xw loads/req=1 inflight=16B stride_mod_4k=2560
stride,rows1_xw_l2,,0,2560,280042.781,0.0000,239.6379,2896.0,2896.0,2896.0,99.06,touch=64MiB row=2048B span=80MiB rows=32768 lanes/row=64 rows/req=1 traversal=xw loads/req=2 inflight=2048B stride_mod_4k=2560
stride,rows1,,0,3072,278851.913,0.0000,240.6613,2882.9,2882.0,2883.0,98.79,touch=64MiB row=2048B span=96MiB rows=32768 lanes/row=64 rows/req=1 traversal=walk loads/req=1 inflight=1024B stride_mod_4k=3072
stride,rows1_xw,,0,3072,278215.668,0.0000,241.2117,2885.0,2885.0,2885.0,99.63,touch=64MiB row=2048B span=96MiB rows=32768 lanes/row=64 rows/req=1 traversal=xw loads/req=1 inflight=1024B stride_mod_4k=3072
stride,rows4,,0,3072,275613.273,0.0000,243.4892,2887.9,2887.0,2888.0,101.02,touch=64MiB row=2048B span=96MiB rows=32768 lanes/row=16 rows/req=4 traversal=walk loads/req=1 inflight=256B stride_mod_4k=3072
stride,rows4_xw,,0,3072,1067926.936,0.0000,62.8403,2890.0,2890.0,2890.0,100.95,touch=64MiB row=2048B span=96MiB rows=32768 lanes/row=16 rows/req=4 traversal=xw loads/req=1 inflight=256B stride_mod_4k=3072
stride,rows16,,0,3072,284843.621,0.0000,235.5990,2893.0,2893.0,2893.0,98.76,touch=64MiB row=2048B span=96MiB rows=32768 lanes/row=4 rows/req=16 traversal=walk loads/req=1 inflight=64B stride_mod_4k=3072
stride,rows16_xw,,0,3072,1585612.667,0.0000,42.3236,2893.7,2893.0,2894.0,98.35,touch=64MiB row=2048B span=96MiB rows=32768 lanes/row=4 rows/req=16 traversal=xw loads/req=1 inflight=64B stride_mod_4k=3072
stride,rows32,,0,3072,285435.196,0.0000,235.1107,2895.0,2895.0,2895.0,96.18,touch=64MiB row=2048B span=96MiB rows=32768 lanes/row=2 rows/req=32 traversal=walk loads/req=1 inflight=32B stride_mod_4k=3072
stride,rows32_xw,,0,3072,2244292.000,0.0000,29.9020,2896.0,2896.0,2896.0,95.67,touch=64MiB row=2048B span=96MiB rows=32768 lanes/row=2 rows/req=32 traversal=xw loads/req=1 inflight=32B stride_mod_4k=3072
stride,rows64,,0,3072,281241.899,0.0000,238.6162,2896.0,2896.0,2896.0,96.88,touch=64MiB row=2048B span=96MiB rows=32768 lanes/row=1 rows/req=64 traversal=walk loads/req=1 inflight=16B stride_mod_4k=3072
stride,rows64_xw,,0,3072,3439248.600,0.0000,19.5127,2896.8,2896.0,2897.0,94.15,touch=64MiB row=2048B span=96MiB rows=32768 lanes/row=1 rows/req=64 traversal=xw loads/req=1 inflight=16B stride_mod_4k=3072
stride,rows1_xw_l2,,0,3072,283288.096,0.0000,236.8926,2897.0,2897.0,2897.0,93.71,touch=64MiB row=2048B span=96MiB rows=32768 lanes/row=64 rows/req=1 traversal=xw loads/req=2 inflight=2048B stride_mod_4k=3072
stride,rows1,,0,4096,548030.807,0.0000,122.4545,2881.6,2881.0,2882.0,93.49,touch=64MiB row=2048B span=128MiB rows=32768 lanes/row=64 rows/req=1 traversal=walk loads/req=1 inflight=1024B stride_mod_4k=0
stride,rows1_xw,,0,4096,1100236.805,0.0000,60.9949,2885.0,2885.0,2885.0,92.21,touch=64MiB row=2048B span=128MiB rows=32768 lanes/row=64 rows/req=1 traversal=xw loads/req=1 inflight=1024B stride_mod_4k=0
stride,rows4,,0,4096,547218.176,0.0000,122.6364,2888.0,2888.0,2888.0,90.93,touch=64MiB row=2048B span=128MiB rows=32768 lanes/row=16 rows/req=4 traversal=walk loads/req=1 inflight=256B stride_mod_4k=0
stride,rows4_xw,,0,4096,4190401.800,0.0000,16.0149,2891.6,2891.0,2892.0,86.90,touch=64MiB row=2048B span=128MiB rows=32768 lanes/row=16 rows/req=4 traversal=xw loads/req=1 inflight=256B stride_mod_4k=0
stride,rows16,,0,4096,609959.914,0.0000,110.0218,2893.0,2893.0,2893.0,84.11,touch=64MiB row=2048B span=128MiB rows=32768 lanes/row=4 rows/req=16 traversal=walk loads/req=1 inflight=64B stride_mod_4k=0
stride,rows16_xw,,0,4096,9229860.800,0.0000,7.2708,2896.0,2896.0,2896.0,76.18,touch=64MiB row=2048B span=128MiB rows=32768 lanes/row=4 rows/req=16 traversal=xw loads/req=1 inflight=64B stride_mod_4k=0
stride,rows32,,0,4096,567657.766,0.0000,118.2206,2897.0,2897.0,2897.0,72.74,touch=64MiB row=2048B span=128MiB rows=32768 lanes/row=2 rows/req=32 traversal=walk loads/req=1 inflight=32B stride_mod_4k=0
stride,rows32_xw,,0,4096,17789327.900,0.0000,3.7724,2899.0,2899.0,2899.0,62.34,touch=64MiB row=2048B span=128MiB rows=32768 lanes/row=2 rows/req=32 traversal=xw loads/req=1 inflight=32B stride_mod_4k=0
stride,rows64,,0,4096,550323.687,0.0000,121.9443,2899.0,2899.0,2899.0,62.44,touch=64MiB row=2048B span=128MiB rows=32768 lanes/row=1 rows/req=64 traversal=walk loads/req=1 inflight=16B stride_mod_4k=0
stride,rows64_xw,,0,4096,34945780.214,0.0000,1.9204,2900.0,2900.0,2900.0,58.06,touch=64MiB row=2048B span=128MiB rows=32768 lanes/row=1 rows/req=64 traversal=xw loads/req=1 inflight=16B stride_mod_4k=0
stride,rows1_xw_l2,,0,4096,553111.446,0.0000,121.3297,2899.0,2899.0,2899.0,58.89,touch=64MiB row=2048B span=128MiB rows=32768 lanes/row=64 rows/req=1 traversal=xw loads/req=2 inflight=2048B stride_mod_4k=0
stride,rows1,,0,5120,277013.382,0.0000,242.2586,2874.9,2874.0,2875.0,68.37,touch=64MiB row=2048B span=160MiB rows=32768 lanes/row=64 rows/req=1 traversal=walk loads/req=1 inflight=1024B stride_mod_4k=1024
stride,rows1_xw,,0,5120,278476.357,0.0000,240.9859,2876.5,2876.0,2877.0,70.88,touch=64MiB row=2048B span=160MiB rows=32768 lanes/row=64 rows/req=1 traversal=xw loads/req=1 inflight=1024B stride_mod_4k=1024
stride,rows4,,0,5120,275550.847,0.0000,243.5444,2881.1,2881.0,2882.0,77.35,touch=64MiB row=2048B span=160MiB rows=32768 lanes/row=16 rows/req=4 traversal=walk loads/req=1 inflight=256B stride_mod_4k=1024
stride,rows4_xw,,0,5120,1067902.711,0.0000,62.8417,2885.0,2885.0,2885.0,82.16,touch=64MiB row=2048B span=160MiB rows=32768 lanes/row=16 rows/req=4 traversal=xw loads/req=1 inflight=256B stride_mod_4k=1024
stride,rows16,,0,5120,285359.104,0.0000,235.1734,2888.4,2888.0,2889.0,84.65,touch=64MiB row=2048B span=160MiB rows=32768 lanes/row=4 rows/req=16 traversal=walk loads/req=1 inflight=64B stride_mod_4k=1024
stride,rows16_xw,,0,5120,1507052.379,0.0000,44.5299,2891.0,2891.0,2891.0,86.49,touch=64MiB row=2048B span=160MiB rows=32768 lanes/row=4 rows/req=16 traversal=xw loads/req=1 inflight=64B stride_mod_4k=1024
stride,rows32,,0,5120,284706.458,0.0000,235.7125,2893.0,2893.0,2893.0,88.90,touch=64MiB row=2048B span=160MiB rows=32768 lanes/row=2 rows/req=32 traversal=walk loads/req=1 inflight=32B stride_mod_4k=1024
stride,rows32_xw,,0,5120,2138293.538,0.0000,31.3843,2894.7,2894.0,2895.0,87.36,touch=64MiB row=2048B span=160MiB rows=32768 lanes/row=2 rows/req=32 traversal=xw loads/req=1 inflight=32B stride_mod_4k=1024
stride,rows64,,0,5120,280732.435,0.0000,239.0492,2895.0,2895.0,2895.0,88.90,touch=64MiB row=2048B span=160MiB rows=32768 lanes/row=1 rows/req=64 traversal=walk loads/req=1 inflight=16B stride_mod_4k=1024
stride,rows64_xw,,0,5120,3120392.750,0.0000,21.5065,2896.0,2896.0,2896.0,90.27,touch=64MiB row=2048B span=160MiB rows=32768 lanes/row=1 rows/req=64 traversal=xw loads/req=1 inflight=16B stride_mod_4k=1024
stride,rows1_xw_l2,,0,5120,282685.760,0.0000,237.3974,2897.0,2897.0,2897.0,90.14,touch=64MiB row=2048B span=160MiB rows=32768 lanes/row=64 rows/req=1 traversal=xw loads/req=2 inflight=2048B stride_mod_4k=1024
stride,rows1,,0,6144,276737.914,0.0000,242.4997,2886.4,2886.0,2887.0,91.32,touch=64MiB row=2048B span=192MiB rows=32768 lanes/row=64 rows/req=1 traversal=walk loads/req=1 inflight=1024B stride_mod_4k=2048
stride,rows1_xw,,0,6144,562559.897,0.0000,119.2919,2887.3,2887.0,2888.0,91.62,touch=64MiB row=2048B span=192MiB rows=32768 lanes/row=64 rows/req=1 traversal=xw loads/req=1 inflight=1024B stride_mod_4k=2048
stride,rows4,,0,6144,275250.291,0.0000,243.8103,2890.4,2890.0,2891.0,92.55,touch=64MiB row=2048B span=192MiB rows=32768 lanes/row=16 rows/req=4 traversal=walk loads/req=1 inflight=256B stride_mod_4k=2048
stride,rows4_xw,,0,6144,2143957.000,0.0000,31.3014,2892.0,2892.0,2892.0,92.72,touch=64MiB row=2048B span=192MiB rows=32768 lanes/row=16 rows/req=4 traversal=xw loads/req=1 inflight=256B stride_mod_4k=2048
stride,rows16,,0,6144,286190.431,0.0000,234.4902,2893.3,2893.0,2894.0,90.78,touch=64MiB row=2048B span=192MiB rows=32768 lanes/row=4 rows/req=16 traversal=walk loads/req=1 inflight=64B stride_mod_4k=2048
stride,rows16_xw,,0,6144,3812618.000,0.0000,17.6018,2895.0,2895.0,2895.0,90.92,touch=64MiB row=2048B span=192MiB rows=32768 lanes/row=4 rows/req=16 traversal=xw loads/req=1 inflight=64B stride_mod_4k=2048
stride,rows32,,0,6144,286075.371,0.0000,234.5846,2887.6,2887.0,2888.0,88.84,touch=64MiB row=2048B span=192MiB rows=32768 lanes/row=2 rows/req=32 traversal=walk loads/req=1 inflight=32B stride_mod_4k=2048
stride,rows32_xw,,0,6144,6155212.950,0.0000,10.9028,2892.1,2892.0,2893.0,81.01,touch=64MiB row=2048B span=192MiB rows=32768 lanes/row=2 rows/req=32 traversal=xw loads/req=1 inflight=32B stride_mod_4k=2048
stride,rows64,,0,6144,281718.733,0.0000,238.2123,2893.0,2893.0,2893.0,81.18,touch=64MiB row=2048B span=192MiB rows=32768 lanes/row=1 rows/req=64 traversal=walk loads/req=1 inflight=16B stride_mod_4k=2048
stride,rows64_xw,,0,6144,9688804.800,0.0000,6.9264,2894.3,2894.0,2895.0,73.56,touch=64MiB row=2048B span=192MiB rows=32768 lanes/row=1 rows/req=64 traversal=xw loads/req=1 inflight=16B stride_mod_4k=2048
stride,rows1_xw_l2,,0,6144,285742.345,0.0000,234.8580,2895.0,2895.0,2895.0,75.83,touch=64MiB row=2048B span=192MiB rows=32768 lanes/row=64 rows/req=1 traversal=xw loads/req=2 inflight=2048B stride_mod_4k=2048
stride,rows1,,0,8192,552828.348,0.0000,121.3919,2882.0,2881.0,2882.0,79.23,touch=64MiB row=2048B span=256MiB rows=32768 lanes/row=64 rows/req=1 traversal=walk loads/req=1 inflight=1024B stride_mod_4k=0
stride,rows1_xw,,0,8192,1109683.132,0.0000,60.4757,2884.0,2884.0,2884.0,81.75,touch=64MiB row=2048B span=256MiB rows=32768 lanes/row=64 rows/req=1 traversal=xw loads/req=1 inflight=1024B stride_mod_4k=0
stride,rows4,,0,8192,551209.078,0.0000,121.7485,2886.0,2886.0,2886.0,82.77,touch=64MiB row=2048B span=256MiB rows=32768 lanes/row=16 rows/req=4 traversal=walk loads/req=1 inflight=256B stride_mod_4k=0
stride,rows4_xw,,0,8192,4223292.300,0.0000,15.8902,2889.0,2889.0,2889.0,82.52,touch=64MiB row=2048B span=256MiB rows=32768 lanes/row=16 rows/req=4 traversal=xw loads/req=1 inflight=256B stride_mod_4k=0
stride,rows16,,0,8192,571323.678,0.0000,117.4621,2892.0,2892.0,2892.0,79.08,touch=64MiB row=2048B span=256MiB rows=32768 lanes/row=4 rows/req=16 traversal=walk loads/req=1 inflight=64B stride_mod_4k=0
stride,rows16_xw,,0,8192,8893453.650,0.0000,7.5459,2894.2,2894.0,2895.0,78.62,touch=64MiB row=2048B span=256MiB rows=32768 lanes/row=4 rows/req=16 traversal=xw loads/req=1 inflight=64B stride_mod_4k=0
stride,rows32,,0,8192,571061.598,0.0000,117.5160,2897.0,2897.0,2897.0,73.41,touch=64MiB row=2048B span=256MiB rows=32768 lanes/row=2 rows/req=32 traversal=walk loads/req=1 inflight=32B stride_mod_4k=0
stride,rows32_xw,,0,8192,17783575.000,0.0000,3.7736,2898.5,2898.0,2899.0,66.51,touch=64MiB row=2048B span=256MiB rows=32768 lanes/row=2 rows/req=32 traversal=xw loads/req=1 inflight=32B stride_mod_4k=0
stride,rows64,,0,8192,555197.941,0.0000,120.8738,2899.0,2899.0,2899.0,65.37,touch=64MiB row=2048B span=256MiB rows=32768 lanes/row=1 rows/req=64 traversal=walk loads/req=1 inflight=16B stride_mod_4k=0
stride,rows64_xw,,0,8192,34867168.000,0.0000,1.9247,2900.0,2900.0,2900.0,60.29,touch=64MiB row=2048B span=256MiB rows=32768 lanes/row=1 rows/req=64 traversal=xw loads/req=1 inflight=16B stride_mod_4k=0
stride,rows1_xw_l2,,0,8192,557385.457,0.0000,120.3994,2900.0,2900.0,2900.0,60.56,touch=64MiB row=2048B span=256MiB rows=32768 lanes/row=64 rows/req=1 traversal=xw loads/req=2 inflight=2048B stride_mod_4k=0
stride,rows1,,0,10240,275260.604,0.0000,243.8012,2885.0,2885.0,2885.0,67.18,touch=64MiB row=2048B span=320MiB rows=32768 lanes/row=64 rows/req=1 traversal=walk loads/req=1 inflight=1024B stride_mod_4k=2048
stride,rows1_xw,,0,10240,558675.865,0.0000,120.1213,2885.6,2885.0,2886.0,72.20,touch=64MiB row=2048B span=320MiB rows=32768 lanes/row=64 rows/req=1 traversal=xw loads/req=1 inflight=1024B stride_mod_4k=2048
stride,rows4,,0,10240,274089.341,0.0000,244.8430,2888.2,2888.0,2889.0,76.88,touch=64MiB row=2048B span=320MiB rows=32768 lanes/row=16 rows/req=4 traversal=walk loads/req=1 inflight=256B stride_mod_4k=2048
stride,rows4_xw,,0,10240,2118915.950,0.0000,31.6713,2890.0,2889.0,2890.0,81.22,touch=64MiB row=2048B span=320MiB rows=32768 lanes/row=16 rows/req=4 traversal=xw loads/req=1 inflight=256B stride_mod_4k=2048
stride,rows16,,0,10240,282470.557,0.0000,237.5783,2893.0,2893.0,2893.0,84.47,touch=64MiB row=2048B span=320MiB rows=32768 lanes/row=4 rows/req=16 traversal=walk loads/req=1 inflight=64B stride_mod_4k=2048
stride,rows16_xw,,0,10240,3468143.500,0.0000,19.3501,2893.2,2893.0,2894.0,84.27,touch=64MiB row=2048B span=320MiB rows=32768 lanes/row=4 rows/req=16 traversal=xw loads/req=1 inflight=64B stride_mod_4k=2048
stride,rows32,,0,10240,280932.259,0.0000,238.8792,2895.0,2895.0,2895.0,84.19,touch=64MiB row=2048B span=320MiB rows=32768 lanes/row=2 rows/req=32 traversal=walk loads/req=1 inflight=32B stride_mod_4k=2048
stride,rows32_xw,,0,10240,5658170.550,0.0000,11.8605,2897.0,2897.0,2897.0,80.16,touch=64MiB row=2048B span=320MiB rows=32768 lanes/row=2 rows/req=32 traversal=xw loads/req=1 inflight=32B stride_mod_4k=2048
stride,rows64,,0,10240,280065.732,0.0000,239.6183,2897.0,2897.0,2897.0,80.55,touch=64MiB row=2048B span=320MiB rows=32768 lanes/row=1 rows/req=64 traversal=walk loads/req=1 inflight=16B stride_mod_4k=2048
stride,rows64_xw,,0,10240,9261308.600,0.0000,7.2462,2898.0,2898.0,2898.0,82.36,touch=64MiB row=2048B span=320MiB rows=32768 lanes/row=1 rows/req=64 traversal=xw loads/req=1 inflight=16B stride_mod_4k=2048
stride,rows1_xw_l2,,0,10240,282625.032,0.0000,237.4484,2892.3,2892.0,2893.0,76.98,touch=64MiB row=2048B span=320MiB rows=32768 lanes/row=64 rows/req=1 traversal=xw loads/req=2 inflight=2048B stride_mod_4k=2048
stride,rows1,,0,1024,17776.676,0.0000,943.7769,2863.5,2863.0,2864.0,92.69,touch=16MiB row=1024B span=16MiB rows=16384 lanes/row=64 rows/req=1 traversal=walk loads/req=1 inflight=1024B stride_mod_4k=1024
stride,rows1_xw,,0,1024,17764.156,0.0000,944.4421,2866.0,2865.0,2867.0,96.02,touch=16MiB row=1024B span=16MiB rows=16384 lanes/row=64 rows/req=1 traversal=xw loads/req=1 inflight=1024B stride_mod_4k=1024
stride,rows4,,0,1024,17726.828,0.0000,946.4308,2867.0,2866.0,2868.0,107.34,touch=16MiB row=1024B span=16MiB rows=16384 lanes/row=16 rows/req=4 traversal=walk loads/req=1 inflight=256B stride_mod_4k=1024
stride,rows4_xw,,0,1024,68901.700,0.0000,243.4949,2871.5,2871.0,2872.0,110.50,touch=16MiB row=1024B span=16MiB rows=16384 lanes/row=16 rows/req=4 traversal=xw loads/req=1 inflight=256B stride_mod_4k=1024
stride,rows16,,0,1024,18296.599,0.0000,916.9582,2878.0,2878.0,2878.0,110.40,touch=16MiB row=1024B span=16MiB rows=16384 lanes/row=4 rows/req=16 traversal=walk loads/req=1 inflight=64B stride_mod_4k=1024
stride,rows16_xw,,0,1024,137316.364,0.0000,122.1793,2880.1,2880.0,2881.0,111.79,touch=16MiB row=1024B span=16MiB rows=16384 lanes/row=4 rows/req=16 traversal=xw loads/req=1 inflight=64B stride_mod_4k=1024
stride,rows32,,0,1024,17803.361,0.0000,942.3623,2879.8,2879.0,2880.0,112.78,touch=16MiB row=1024B span=16MiB rows=16384 lanes/row=2 rows/req=32 traversal=walk loads/req=1 inflight=32B stride_mod_4k=1024
stride,rows32_xw,,0,1024,259302.676,0.0000,64.7013,2879.0,2878.0,2880.0,112.86,touch=16MiB row=1024B span=16MiB rows=16384 lanes/row=2 rows/req=32 traversal=xw loads/req=1 inflight=32B stride_mod_4k=1024
stride,rows64,,0,1024,21078.465,0.0000,795.9411,2884.4,2884.0,2885.0,111.35,touch=16MiB row=1024B span=16MiB rows=16384 lanes/row=1 rows/req=64 traversal=walk loads/req=1 inflight=16B stride_mod_4k=1024
stride,rows64_xw,,0,1024,483880.913,0.0000,34.6722,2886.5,2886.0,2887.0,113.55,touch=16MiB row=1024B span=16MiB rows=16384 lanes/row=1 rows/req=64 traversal=xw loads/req=1 inflight=16B stride_mod_4k=1024
stride,rows1,,0,1040,19104.615,0.0000,878.1761,2888.0,2888.0,2888.0,111.44,touch=16MiB row=1024B span=16MiB rows=16384 lanes/row=64 rows/req=1 traversal=walk loads/req=1 inflight=1024B stride_mod_4k=1040
stride,rows1_xw,,0,1040,18066.871,0.0000,928.6177,2888.2,2888.0,2889.0,113.00,touch=16MiB row=1024B span=16MiB rows=16384 lanes/row=64 rows/req=1 traversal=xw loads/req=1 inflight=1024B stride_mod_4k=1040
stride,rows4,,0,1040,17984.911,0.0000,932.8495,2878.8,2878.0,2879.0,117.70,touch=16MiB row=1024B span=16MiB rows=16384 lanes/row=16 rows/req=4 traversal=walk loads/req=1 inflight=256B stride_mod_4k=1040
stride,rows4_xw,,0,1040,25026.673,0.0000,670.3734,2878.7,2878.0,2879.0,122.35,touch=16MiB row=1024B span=16MiB rows=16384 lanes/row=16 rows/req=4 traversal=xw loads/req=1 inflight=256B stride_mod_4k=1040
stride,rows16,,0,1040,18589.937,0.0000,902.4891,2873.0,2873.0,2873.0,124.69,touch=16MiB row=1024B span=16MiB rows=16384 lanes/row=4 rows/req=16 traversal=walk loads/req=1 inflight=64B stride_mod_4k=1040
stride,rows16_xw,,0,1040,42332.581,0.0000,396.3192,2874.5,2874.0,2875.0,125.20,touch=16MiB row=1024B span=16MiB rows=16384 lanes/row=4 rows/req=16 traversal=xw loads/req=1 inflight=64B stride_mod_4k=1040
stride,rows32,,0,1040,18193.321,0.0000,922.1635,2864.0,2864.0,2864.0,125.55,touch=16MiB row=1024B span=16MiB rows=16384 lanes/row=2 rows/req=32 traversal=walk loads/req=1 inflight=32B stride_mod_4k=1040
stride,rows32_xw,,0,1040,45002.752,0.0000,372.8042,2868.5,2868.0,2869.0,128.08,touch=16MiB row=1024B span=16MiB rows=16384 lanes/row=2 rows/req=32 traversal=xw loads/req=1 inflight=32B stride_mod_4k=1040
stride,rows64,,0,1040,19606.421,0.0000,855.7001,2863.5,2863.0,2864.0,130.19,touch=16MiB row=1024B span=16MiB rows=16384 lanes/row=1 rows/req=64 traversal=walk loads/req=1 inflight=16B stride_mod_4k=1040
stride,rows64_xw,,0,1040,74904.611,0.0000,223.9811,2865.9,2865.0,2867.0,130.34,touch=16MiB row=1024B span=16MiB rows=16384 lanes/row=1 rows/req=64 traversal=xw loads/req=1 inflight=16B stride_mod_4k=1040
stride,rows1,,0,1088,20068.662,0.0000,835.9908,2871.0,2871.0,2871.0,128.66,touch=16MiB row=1024B span=17MiB rows=16384 lanes/row=64 rows/req=1 traversal=walk loads/req=1 inflight=1024B stride_mod_4k=1088
stride,rows1_xw,,0,1088,18806.685,0.0000,892.0879,2875.3,2875.0,2876.0,130.03,touch=16MiB row=1024B span=17MiB rows=16384 lanes/row=64 rows/req=1 traversal=xw loads/req=1 inflight=1024B stride_mod_4k=1088
stride,rows4,,0,1088,19077.706,0.0000,879.4147,2874.0,2874.0,2874.0,130.99,touch=16MiB row=1024B span=17MiB rows=16384 lanes/row=16 rows/req=4 traversal=walk loads/req=1 inflight=256B stride_mod_4k=1088
stride,rows4_xw,,0,1088,21913.928,0.0000,765.5960,2875.5,2875.0,2876.0,131.71,touch=16MiB row=1024B span=17MiB rows=16384 lanes/row=16 rows/req=4 traversal=xw loads/req=1 inflight=256B stride_mod_4k=1088
stride,rows16,,0,1088,18974.515,0.0000,884.1973,2863.9,2863.0,2867.0,131.97,touch=16MiB row=1024B span=17MiB rows=16384 lanes/row=4 rows/req=16 traversal=walk loads/req=1 inflight=64B stride_mod_4k=1088
stride,rows16_xw,,0,1088,25101.648,0.0000,668.3711,2865.0,2864.0,2866.0,132.94,touch=16MiB row=1024B span=17MiB rows=16384 lanes/row=4 rows/req=16 traversal=xw loads/req=1 inflight=64B stride_mod_4k=1088
stride,rows32,,0,1088,18612.516,0.0000,901.3943,2867.5,2867.0,2871.0,134.19,touch=16MiB row=1024B span=17MiB rows=16384 lanes/row=2 rows/req=32 traversal=walk loads/req=1 inflight=32B stride_mod_4k=1088
stride,rows32_xw,,0,1088,40914.946,0.0000,410.0510,2868.9,2868.0,2870.0,133.92,touch=16MiB row=1024B span=17MiB rows=16384 lanes/row=2 rows/req=32 traversal=xw loads/req=1 inflight=32B stride_mod_4k=1088
stride,rows64,,0,1088,19633.735,0.0000,854.5096,2872.8,2872.0,2873.0,134.52,touch=16MiB row=1024B span=17MiB rows=16384 lanes/row=1 rows/req=64 traversal=walk loads/req=1 inflight=16B stride_mod_4k=1088
stride,rows64_xw,,0,1088,76500.443,0.0000,219.3087,2875.6,2875.0,2876.0,132.28,touch=16MiB row=1024B span=17MiB rows=16384 lanes/row=1 rows/req=64 traversal=xw loads/req=1 inflight=16B stride_mod_4k=1088
stride,rows1,,0,1152,18062.513,0.0000,928.8418,2877.2,2877.0,2878.0,131.77,touch=16MiB row=1024B span=18MiB rows=16384 lanes/row=64 rows/req=1 traversal=walk loads/req=1 inflight=1024B stride_mod_4k=1152
stride,rows1_xw,,0,1152,17909.125,0.0000,936.7971,2859.0,2858.0,2862.0,132.57,touch=16MiB row=1024B span=18MiB rows=16384 lanes/row=64 rows/req=1 traversal=xw loads/req=1 inflight=1024B stride_mod_4k=1152
stride,rows4,,0,1152,17759.635,0.0000,944.6825,2849.1,2848.0,2850.0,132.97,touch=16MiB row=1024B span=18MiB rows=16384 lanes/row=16 rows/req=4 traversal=walk loads/req=1 inflight=256B stride_mod_4k=1152
stride,rows4_xw,,0,1152,17779.967,0.0000,943.6022,2849.7,2848.0,2851.0,133.60,touch=16MiB row=1024B span=18MiB rows=16384 lanes/row=16 rows/req=4 traversal=xw loads/req=1 inflight=256B stride_mod_4k=1152
stride,rows16,,0,1152,18338.884,0.0000,914.8439,2846.5,2846.0,2847.0,133.82,touch=16MiB row=1024B span=18MiB rows=16384 lanes/row=4 rows/req=16 traversal=walk loads/req=1 inflight=64B stride_mod_4k=1152
stride,rows16_xw,,0,1152,25780.828,0.0000,650.7633,2854.1,2853.0,2855.0,133.40,touch=16MiB row=1024B span=18MiB rows=16384 lanes/row=4 rows/req=16 traversal=xw loads/req=1 inflight=64B stride_mod_4k=1152
stride,rows32,,0,1152,17713.656,0.0000,947.1346,2859.1,2858.0,2860.0,134.80,touch=16MiB row=1024B span=18MiB rows=16384 lanes/row=2 rows/req=32 traversal=walk loads/req=1 inflight=32B stride_mod_4k=1152
stride,rows32_xw,,0,1152,43318.134,0.0000,387.3024,2860.5,2860.0,2861.0,134.33,touch=16MiB row=1024B span=18MiB rows=16384 lanes/row=2 rows/req=32 traversal=xw loads/req=1 inflight=32B stride_mod_4k=1152
stride,rows64,,0,1152,18986.694,0.0000,883.6302,2863.6,2863.0,2867.0,134.13,touch=16MiB row=1024B span=18MiB rows=16384 lanes/row=1 rows/req=64 traversal=walk loads/req=1 inflight=16B stride_mod_4k=1152
stride,rows64_xw,,0,1152,78614.848,0.0000,213.4103,2868.2,2867.0,2869.0,135.00,touch=16MiB row=1024B span=18MiB rows=16384 lanes/row=1 rows/req=64 traversal=xw loads/req=1 inflight=16B stride_mod_4k=1152
stride,rows1,,0,1280,19019.508,0.0000,882.1057,2871.0,2871.0,2871.0,133.11,touch=16MiB row=1024B span=20MiB rows=16384 lanes/row=64 rows/req=1 traversal=walk loads/req=1 inflight=1024B stride_mod_4k=1280
stride,rows1_xw,,0,1280,17747.460,0.0000,945.3305,2874.6,2874.0,2875.0,133.82,touch=16MiB row=1024B span=20MiB rows=16384 lanes/row=64 rows/req=1 traversal=xw loads/req=1 inflight=1024B stride_mod_4k=1280
stride,rows4,,0,1280,17595.355,0.0000,953.5026,2880.8,2880.0,2881.0,135.80,touch=16MiB row=1024B span=20MiB rows=16384 lanes/row=16 rows/req=4 traversal=walk loads/req=1 inflight=256B stride_mod_4k=1280
stride,rows4_xw,,0,1280,17906.324,0.0000,936.9436,2868.6,2868.0,2874.0,135.51,touch=16MiB row=1024B span=20MiB rows=16384 lanes/row=16 rows/req=4 traversal=xw loads/req=1 inflight=256B stride_mod_4k=1280
stride,rows16,,0,1280,17889.759,0.0000,937.8112,2858.0,2857.0,2861.0,136.29,touch=16MiB row=1024B span=20MiB rows=16384 lanes/row=4 rows/req=16 traversal=walk loads/req=1 inflight=64B stride_mod_4k=1280
stride,rows16_xw,,0,1280,26273.648,0.0000,638.5568,2850.1,2849.0,2851.0,135.67,touch=16MiB row=1024B span=20MiB rows=16384 lanes/row=4 rows/req=16 traversal=xw loads/req=1 inflight=64B stride_mod_4k=1280
stride,rows32,,0,1280,17470.708,0.0000,960.3054,2855.0,2855.0,2855.0,135.67,touch=16MiB row=1024B span=20MiB rows=16384 lanes/row=2 rows/req=32 traversal=walk loads/req=1 inflight=32B stride_mod_4k=1280
stride,rows32_xw,,0,1280,44950.735,0.0000,373.2356,2855.1,2854.0,2856.0,135.61,touch=16MiB row=1024B span=20MiB rows=16384 lanes/row=2 rows/req=32 traversal=xw loads/req=1 inflight=32B stride_mod_4k=1280
stride,rows64,,0,1280,19494.915,0.0000,860.5945,2866.3,2865.0,2867.0,134.35,touch=16MiB row=1024B span=20MiB rows=16384 lanes/row=1 rows/req=64 traversal=walk loads/req=1 inflight=16B stride_mod_4k=1280
stride,rows64_xw,,0,1280,80166.852,0.0000,209.2787,2870.6,2870.0,2871.0,134.38,touch=16MiB row=1024B span=20MiB rows=16384 lanes/row=1 rows/req=64 traversal=xw loads/req=1 inflight=16B stride_mod_4k=1280
stride,rows1,,0,1536,18087.603,0.0000,927.5533,2875.0,2875.0,2875.0,132.03,touch=16MiB row=1024B span=24MiB rows=16384 lanes/row=64 rows/req=1 traversal=walk loads/req=1 inflight=1024B stride_mod_4k=1536
stride,rows1_xw,,0,1536,17714.096,0.0000,947.1110,2879.0,2878.0,2879.0,133.22,touch=16MiB row=1024B span=24MiB rows=16384 lanes/row=64 rows/req=1 traversal=xw loads/req=1 inflight=1024B stride_mod_4k=1536
stride,rows4,,0,1536,17670.493,0.0000,949.4481,2881.0,2881.0,2881.0,134.16,touch=16MiB row=1024B span=24MiB rows=16384 lanes/row=16 rows/req=4 traversal=walk loads/req=1 inflight=256B stride_mod_4k=1536
stride,rows4_xw,,0,1536,32162.469,0.0000,521.6396,2879.4,2879.0,2880.0,133.83,touch=16MiB row=1024B span=24MiB rows=16384 lanes/row=16 rows/req=4 traversal=xw loads/req=1 inflight=256B stride_mod_4k=1536
stride,rows16,,0,1536,17802.018,0.0000,942.4334,2880.9,2880.0,2881.0,131.77,touch=16MiB row=1024B span=24MiB rows=16384 lanes/row=4 rows/req=16 traversal=walk loads/req=1 inflight=64B stride_mod_4k=1536
stride,rows16_xw,,0,1536,62756.383,0.0000,267.3388,2873.1,2872.0,2874.0,131.10,touch=16MiB row=1024B span=24MiB rows=16384 lanes/row=4 rows/req=16 traversal=xw loads/req=1 inflight=64B stride_mod_4k=1536
stride,rows32,,0,1536,17441.571,0.0000,961.9097,2878.0,2878.0,2878.0,127.71,touch=16MiB row=1024B span=24MiB rows=16384 lanes/row=2 rows/req=32 traversal=walk loads/req=1 inflight=32B stride_mod_4k=1536
stride,rows32_xw,,0,1536,112872.428,0.0000,148.6387,2880.8,2880.0,2881.0,128.61,touch=16MiB row=1024B span=24MiB rows=16384 lanes/row=2 rows/req=32 traversal=xw loads/req=1 inflight=32B stride_mod_4k=1536
stride,rows64,,0,1536,19834.075,0.0000,845.8784,2885.7,2885.0,2886.0,126.11,touch=16MiB row=1024B span=24MiB rows=16384 lanes/row=1 rows/req=64 traversal=walk loads/req=1 inflight=16B stride_mod_4k=1536
stride,rows64_xw,,0,1536,189879.043,0.0000,88.3574,2887.4,2887.0,2888.0,126.80,touch=16MiB row=1024B span=24MiB rows=16384 lanes/row=1 rows/req=64 traversal=xw loads/req=1 inflight=16B stride_mod_4k=1536
stride,rows1,,0,2048,41408.903,0.0000,405.1596,2888.0,2888.0,2888.0,123.03,touch=16MiB row=1024B span=32MiB rows=16384 lanes/row=64 rows/req=1 traversal=walk loads/req=1 inflight=1024B stride_mod_4k=2048
stride,rows1_xw,,0,2048,39907.100,0.0000,420.4068,2883.3,2883.0,2884.0,122.75,touch=16MiB row=1024B span=32MiB rows=16384 lanes/row=64 rows/req=1 traversal=xw loads/req=1 inflight=1024B stride_mod_4k=2048
stride,rows4,,0,2048,35672.948,0.0000,470.3064,2884.3,2884.0,2885.0,122.40,touch=16MiB row=1024B span=32MiB rows=16384 lanes/row=16 rows/req=4 traversal=walk loads/req=1 inflight=256B stride_mod_4k=2048
stride,rows4_xw,,0,2048,151692.871,0.0000,110.5999,2889.3,2889.0,2890.0,114.66,touch=16MiB row=1024B span=32MiB rows=16384 lanes/row=16 rows/req=4 traversal=xw loads/req=1 inflight=256B stride_mod_4k=2048
stride,rows16,,0,2048,36155.637,0.0000,464.0277,2891.0,2891.0,2891.0,113.67,touch=16MiB row=1024B span=32MiB rows=16384 lanes/row=4 rows/req=16 traversal=walk loads/req=1 inflight=64B stride_mod_4k=2048
stride,rows16_xw,,0,2048,301967.917,0.0000,55.5596,2892.6,2892.0,2893.0,109.88,touch=16MiB row=1024B span=32MiB rows=16384 lanes/row=4 rows/req=16 traversal=xw loads/req=1 inflight=64B stride_mod_4k=2048
stride,rows32,,0,2048,33974.474,0.0000,493.8183,2886.2,2886.0,2893.0,106.88,touch=16MiB row=1024B span=32MiB rows=16384 lanes/row=2 rows/req=32 traversal=walk loads/req=1 inflight=32B stride_mod_4k=2048
stride,rows32_xw,,0,2048,587915.133,0.0000,28.5368,2887.9,2887.0,2888.0,106.73,touch=16MiB row=1024B span=32MiB rows=16384 lanes/row=2 rows/req=32 traversal=xw loads/req=1 inflight=32B stride_mod_4k=2048
stride,rows64,,0,2048,47673.400,0.0000,351.9199,2891.4,2891.0,2892.0,103.01,touch=16MiB row=1024B span=32MiB rows=16384 lanes/row=1 rows/req=64 traversal=walk loads/req=1 inflight=16B stride_mod_4k=2048
stride,rows64_xw,,0,2048,1127966.111,0.0000,14.8739,2892.0,2892.0,2892.0,102.47,touch=16MiB row=1024B span=32MiB rows=16384 lanes/row=1 rows/req=64 traversal=xw loads/req=1 inflight=16B stride_mod_4k=2048
stride,rows1,,0,3072,20470.878,0.0000,819.5651,2892.0,2892.0,2892.0,99.85,touch=16MiB row=1024B span=48MiB rows=16384 lanes/row=64 rows/req=1 traversal=walk loads/req=1 inflight=1024B stride_mod_4k=3072
stride,rows1_xw,,0,3072,17703.377,0.0000,947.6845,2887.0,2887.0,2887.0,107.33,touch=16MiB row=1024B span=48MiB rows=16384 lanes/row=64 rows/req=1 traversal=xw loads/req=1 inflight=1024B stride_mod_4k=3072
stride,rows4,,0,3072,17678.964,0.0000,948.9932,2888.0,2888.0,2888.0,109.55,touch=16MiB row=1024B span=48MiB rows=16384 lanes/row=16 rows/req=4 traversal=walk loads/req=1 inflight=256B stride_mod_4k=3072
stride,rows4_xw,,0,3072,68120.093,0.0000,246.2888,2890.0,2890.0,2890.0,114.16,touch=16MiB row=1024B span=48MiB rows=16384 lanes/row=16 rows/req=4 traversal=xw loads/req=1 inflight=256B stride_mod_4k=3072
stride,rows16,,0,3072,17840.356,0.0000,940.4082,2886.1,2886.0,2893.0,113.83,touch=16MiB row=1024B span=48MiB rows=16384 lanes/row=4 rows/req=16 traversal=walk loads/req=1 inflight=64B stride_mod_4k=3072
stride,rows16_xw,,0,3072,135501.383,0.0000,123.8158,2883.8,2883.0,2884.0,115.24,touch=16MiB row=1024B span=48MiB rows=16384 lanes/row=4 rows/req=16 traversal=xw loads/req=1 inflight=64B stride_mod_4k=3072
stride,rows32,,0,3072,18120.638,0.0000,925.8623,2876.7,2876.0,2877.0,113.19,touch=16MiB row=1024B span=48MiB rows=16384 lanes/row=2 rows/req=32 traversal=walk loads/req=1 inflight=32B stride_mod_4k=3072
stride,rows32_xw,,0,3072,256647.633,0.0000,65.3706,2879.0,2878.0,2880.0,114.13,touch=16MiB row=1024B span=48MiB rows=16384 lanes/row=2 rows/req=32 traversal=xw loads/req=1 inflight=32B stride_mod_4k=3072
stride,rows64,,0,3072,20485.897,0.0000,818.9642,2885.4,2885.0,2886.0,114.71,touch=16MiB row=1024B span=48MiB rows=16384 lanes/row=1 rows/req=64 traversal=walk loads/req=1 inflight=16B stride_mod_4k=3072
stride,rows64_xw,,0,3072,484835.423,0.0000,34.6039,2886.4,2886.0,2887.0,114.96,touch=16MiB row=1024B span=48MiB rows=16384 lanes/row=1 rows/req=64 traversal=xw loads/req=1 inflight=16B stride_mod_4k=3072
stride,rows1,,0,4096,276448.848,0.0000,60.6883,2887.0,2887.0,2887.0,109.74,touch=16MiB row=1024B span=64MiB rows=16384 lanes/row=64 rows/req=1 traversal=walk loads/req=1 inflight=1024B stride_mod_4k=0
stride,rows1_xw,,0,4096,276442.671,0.0000,60.6897,2884.7,2884.0,2885.0,103.38,touch=16MiB row=1024B span=64MiB rows=16384 lanes/row=64 rows/req=1 traversal=xw loads/req=1 inflight=1024B stride_mod_4k=0
stride,rows4,,0,4096,276165.832,0.0000,60.7505,2887.6,2887.0,2888.0,100.33,touch=16MiB row=1024B span=64MiB rows=16384 lanes/row=16 rows/req=4 traversal=walk loads/req=1 inflight=256B stride_mod_4k=0
stride,rows4_xw,,0,4096,1009938.469,0.0000,16.6121,2888.3,2888.0,2889.0,99.24,touch=16MiB row=1024B span=64MiB rows=16384 lanes/row=16 rows/req=4 traversal=xw loads/req=1 inflight=256B stride_mod_4k=0
stride,rows16,,0,4096,305830.160,0.0000,54.8580,2892.0,2892.0,2892.0,94.55,touch=16MiB row=1024B span=64MiB rows=16384 lanes/row=4 rows/req=16 traversal=walk loads/req=1 inflight=64B stride_mod_4k=0
stride,rows16_xw,,0,4096,2113272.609,0.0000,7.9390,2892.6,2892.0,2893.0,93.65,touch=16MiB row=1024B span=64MiB rows=16384 lanes/row=4 rows/req=16 traversal=xw loads/req=1 inflight=64B stride_mod_4k=0
stride,rows32,,0,4096,286609.907,0.0000,58.5368,2895.0,2895.0,2895.0,91.13,touch=16MiB row=1024B span=64MiB rows=16384 lanes/row=2 rows/req=32 traversal=walk loads/req=1 inflight=32B stride_mod_4k=0
stride,rows32_xw,,0,4096,3443705.050,0.0000,4.8719,2895.0,2895.0,2895.0,89.87,touch=16MiB row=1024B span=64MiB rows=16384 lanes/row=2 rows/req=32 traversal=xw loads/req=1 inflight=32B stride_mod_4k=0
stride,rows64,,0,4096,286535.500,0.0000,58.5520,2896.8,2896.0,2897.0,86.72,touch=16MiB row=1024B span=64MiB rows=16384 lanes/row=1 rows/req=64 traversal=walk loads/req=1 inflight=16B stride_mod_4k=0
stride,rows64_xw,,0,4096,5796615.600,0.0000,2.8943,2898.0,2898.0,2898.0,80.73,touch=16MiB row=1024B span=64MiB rows=16384 lanes/row=1 rows/req=64 traversal=xw loads/req=1 inflight=16B stride_mod_4k=0
stride,rows1,,0,5120,20491.382,0.0000,818.7450,2898.0,2898.0,2898.0,84.28,touch=16MiB row=1024B span=80MiB rows=16384 lanes/row=64 rows/req=1 traversal=walk loads/req=1 inflight=1024B stride_mod_4k=1024
stride,rows1_xw,,0,5120,18069.504,0.0000,928.4824,2898.0,2898.0,2898.0,90.75,touch=16MiB row=1024B span=80MiB rows=16384 lanes/row=64 rows/req=1 traversal=xw loads/req=1 inflight=1024B stride_mod_4k=1024
stride,rows4,,0,5120,18546.654,0.0000,904.5953,2898.5,2898.0,2899.0,97.16,touch=16MiB row=1024B span=80MiB rows=16384 lanes/row=16 rows/req=4 traversal=walk loads/req=1 inflight=256B stride_mod_4k=1024
stride,rows4_xw,,0,5120,69628.545,0.0000,240.9531,2897.0,2897.0,2897.0,100.93,touch=16MiB row=1024B span=80MiB rows=16384 lanes/row=16 rows/req=4 traversal=xw loads/req=1 inflight=256B stride_mod_4k=1024
stride,rows16,,0,5120,18280.577,0.0000,917.7618,2887.1,2887.0,2889.0,106.73,touch=16MiB row=1024B span=80MiB rows=16384 lanes/row=4 rows/req=16 traversal=walk loads/req=1 inflight=64B stride_mod_4k=1024
stride,rows16_xw,,0,5120,138926.293,0.0000,120.7634,2887.7,2887.0,2888.0,105.62,touch=16MiB row=1024B span=80MiB rows=16384 lanes/row=4 rows/req=16 traversal=xw loads/req=1 inflight=64B stride_mod_4k=1024
stride,rows32,,0,5120,18562.361,0.0000,903.8298,2889.0,2889.0,2889.0,109.25,touch=16MiB row=1024B span=80MiB rows=16384 lanes/row=2 rows/req=32 traversal=walk loads/req=1 inflight=32B stride_mod_4k=1024
stride,rows32_xw,,0,5120,259137.014,0.0000,64.7426,2890.0,2890.0,2890.0,109.58,touch=16MiB row=1024B span=80MiB rows=16384 lanes/row=2 rows/req=32 traversal=xw loads/req=1 inflight=32B stride_mod_4k=1024
stride,rows64,,0,5120,21533.253,0.0000,779.1306,2892.1,2892.0,2893.0,109.37,touch=16MiB row=1024B span=80MiB rows=16384 lanes/row=1 rows/req=64 traversal=walk loads/req=1 inflight=16B stride_mod_4k=1024
stride,rows64_xw,,0,5120,481193.922,0.0000,34.8658,2893.0,2893.0,2893.0,111.81,touch=16MiB row=1024B span=80MiB rows=16384 lanes/row=1 rows/req=64 traversal=xw loads/req=1 inflight=16B stride_mod_4k=1024
stride,rows1,,0,7168,19914.043,0.0000,842.4817,2890.0,2890.0,2890.0,109.05,touch=16MiB row=1024B span=112MiB rows=16384 lanes/row=64 rows/req=1 traversal=walk loads/req=1 inflight=1024B stride_mod_4k=3072
stride,rows1_xw,,0,7168,17970.152,0.0000,933.6157,2877.7,2877.0,2884.0,114.16,touch=16MiB row=1024B span=112MiB rows=16384 lanes/row=64 rows/req=1 traversal=xw loads/req=1 inflight=1024B stride_mod_4k=3072
stride,rows4,,0,7168,17859.511,0.0000,939.3995,2874.1,2873.0,2878.0,117.27,touch=16MiB row=1024B span=112MiB rows=16384 lanes/row=16 rows/req=4 traversal=walk loads/req=1 inflight=256B stride_mod_4k=3072
stride,rows4_xw,,0,7168,69477.790,0.0000,241.4760,2864.7,2864.0,2870.0,117.92,touch=16MiB row=1024B span=112MiB rows=16384 lanes/row=16 rows/req=4 traversal=xw loads/req=1 inflight=256B stride_mod_4k=3072
stride,rows16,,0,7168,17515.820,0.0000,957.8322,2870.5,2870.0,2871.0,115.07,touch=16MiB row=1024B span=112MiB rows=16384 lanes/row=4 rows/req=16 traversal=walk loads/req=1 inflight=64B stride_mod_4k=3072
stride,rows16_xw,,0,7168,137648.198,0.0000,121.8847,2875.9,2875.0,2877.0,117.95,touch=16MiB row=1024B span=112MiB rows=16384 lanes/row=4 rows/req=16 traversal=xw loads/req=1 inflight=64B stride_mod_4k=3072
stride,rows32,,0,7168,17696.422,0.0000,948.0570,2877.1,2877.0,2878.0,116.97,touch=16MiB row=1024B span=112MiB rows=16384 lanes/row=2 rows/req=32 traversal=walk loads/req=1 inflight=32B stride_mod_4k=3072
stride,rows32_xw,,0,7168,258635.104,0.0000,64.8683,2878.7,2878.0,2879.0,116.97,touch=16MiB row=1024B span=112MiB rows=16384 lanes/row=2 rows/req=32 traversal=xw loads/req=1 inflight=32B stride_mod_4k=3072
stride,rows64,,0,7168,21212.944,0.0000,790.8952,2884.1,2884.0,2885.0,114.74,touch=16MiB row=1024B span=112MiB rows=16384 lanes/row=1 rows/req=64 traversal=walk loads/req=1 inflight=16B stride_mod_4k=3072
stride,rows64_xw,,0,7168,490873.073,0.0000,34.1783,2884.0,2884.0,2885.0,116.48,touch=16MiB row=1024B span=112MiB rows=16384 lanes/row=1 rows/req=64 traversal=xw loads/req=1 inflight=16B stride_mod_4k=3072
stride,rows1,,0,9216,19946.367,0.0000,841.1164,2885.0,2885.0,2885.0,113.24,touch=16MiB row=1024B span=144MiB rows=16384 lanes/row=64 rows/req=1 traversal=walk loads/req=1 inflight=1024B stride_mod_4k=1024
stride,rows1_xw,,0,9216,17808.797,0.0000,942.0746,2887.2,2887.0,2888.0,116.48,touch=16MiB row=1024B span=144MiB rows=16384 lanes/row=64 rows/req=1 traversal=xw loads/req=1 inflight=1024B stride_mod_4k=1024
stride,rows4,,0,9216,18108.364,0.0000,926.4899,2880.3,2880.0,2881.0,119.02,touch=16MiB row=1024B span=144MiB rows=16384 lanes/row=16 rows/req=4 traversal=walk loads/req=1 inflight=256B stride_mod_4k=1024
stride,rows4_xw,,0,9216,69190.357,0.0000,242.4791,2866.7,2866.0,2868.0,119.63,touch=16MiB row=1024B span=144MiB rows=16384 lanes/row=16 rows/req=4 traversal=xw loads/req=1 inflight=256B stride_mod_4k=1024
stride,rows16,,0,9216,17499.058,0.0000,958.7497,2872.1,2872.0,2873.0,116.73,touch=16MiB row=1024B span=144MiB rows=16384 lanes/row=4 rows/req=16 traversal=walk loads/req=1 inflight=64B stride_mod_4k=1024
stride,rows16_xw,,0,9216,137195.636,0.0000,122.2868,2876.1,2875.0,2877.0,118.45,touch=16MiB row=1024B span=144MiB rows=16384 lanes/row=4 rows/req=16 traversal=xw loads/req=1 inflight=64B stride_mod_4k=1024
stride,rows32,,0,9216,17733.709,0.0000,946.0636,2882.2,2882.0,2883.0,116.06,touch=16MiB row=1024B span=144MiB rows=16384 lanes/row=2 rows/req=32 traversal=walk loads/req=1 inflight=32B stride_mod_4k=1024
stride,rows32_xw,,0,9216,257240.056,0.0000,65.2201,2880.5,2880.0,2881.0,117.58,touch=16MiB row=1024B span=144MiB rows=16384 lanes/row=2 rows/req=32 traversal=xw loads/req=1 inflight=32B stride_mod_4k=1024
stride,rows64,,0,9216,21268.225,0.0000,788.8395,2885.5,2885.0,2886.0,115.97,touch=16MiB row=1024B span=144MiB rows=16384 lanes/row=1 rows/req=64 traversal=walk loads/req=1 inflight=16B stride_mod_4k=1024
stride,rows64_xw,,0,9216,482312.694,0.0000,34.7849,2887.4,2887.0,2888.0,117.82,touch=16MiB row=1024B span=144MiB rows=16384 lanes/row=1 rows/req=64 traversal=xw loads/req=1 inflight=16B stride_mod_4k=1024
stride,rows1,,0,1024,276175.869,0.0000,242.9932,2618.2,2613.0,2624.0,128.59,touch=64MiB row=1024B span=64MiB rows=65536 lanes/row=64 rows/req=1 traversal=walk loads/req=1 inflight=1024B stride_mod_4k=1024
stride,rows1_xw,,0,1024,276458.691,0.0000,242.7446,2695.2,2691.0,2699.0,130.84,touch=64MiB row=1024B span=64MiB rows=65536 lanes/row=64 rows/req=1 traversal=xw loads/req=1 inflight=1024B stride_mod_4k=1024
stride,rows4,,0,1024,275937.017,0.0000,243.2036,2731.3,2728.0,2735.0,133.84,touch=64MiB row=1024B span=64MiB rows=65536 lanes/row=16 rows/req=4 traversal=walk loads/req=1 inflight=256B stride_mod_4k=1024
stride,rows4_xw,,0,1024,1093597.844,0.0000,61.3652,2762.8,2760.0,2766.0,134.91,touch=64MiB row=1024B span=64MiB rows=65536 lanes/row=16 rows/req=4 traversal=xw loads/req=1 inflight=256B stride_mod_4k=1024
stride,rows16,,0,1024,287062.163,0.0000,233.7782,2820.7,2819.0,2823.0,132.21,touch=64MiB row=1024B span=64MiB rows=65536 lanes/row=4 rows/req=16 traversal=walk loads/req=1 inflight=64B stride_mod_4k=1024
stride,rows16_xw,,0,1024,2319550.000,0.0000,28.9318,2826.8,2825.0,2828.0,129.24,touch=64MiB row=1024B span=64MiB rows=65536 lanes/row=4 rows/req=16 traversal=xw loads/req=1 inflight=64B stride_mod_4k=1024
stride,rows32,,0,1024,291349.610,0.0000,230.3379,2845.4,2844.0,2847.0,119.23,touch=64MiB row=1024B span=64MiB rows=65536 lanes/row=2 rows/req=32 traversal=walk loads/req=1 inflight=32B stride_mod_4k=1024
stride,rows32_xw,,0,1024,4703424.550,0.0000,14.2681,2860.1,2858.0,2862.0,109.19,touch=64MiB row=1024B span=64MiB rows=65536 lanes/row=2 rows/req=32 traversal=xw loads/req=1 inflight=32B stride_mod_4k=1024
stride,rows64,,0,1024,289777.947,0.0000,231.5872,2868.1,2867.0,2869.0,102.86,touch=64MiB row=1024B span=64MiB rows=65536 lanes/row=1 rows/req=64 traversal=walk loads/req=1 inflight=16B stride_mod_4k=1024
stride,rows64_xw,,0,1024,9213984.650,0.0000,7.2834,2881.6,2880.0,2883.0,91.19,touch=64MiB row=1024B span=64MiB rows=65536 lanes/row=1 rows/req=64 traversal=xw loads/req=1 inflight=16B stride_mod_4k=1024
stride,rows1,,0,1040,284113.797,0.0000,236.2042,2871.0,2871.0,2871.0,84.58,touch=64MiB row=1024B span=65MiB rows=65536 lanes/row=64 rows/req=1 traversal=walk loads/req=1 inflight=1024B stride_mod_4k=1040
stride,rows1_xw,,0,1040,284051.697,0.0000,236.2558,2874.4,2874.0,2875.0,87.18,touch=64MiB row=1024B span=65MiB rows=65536 lanes/row=64 rows/req=1 traversal=xw loads/req=1 inflight=1024B stride_mod_4k=1040
stride,rows4,,0,1040,285230.491,0.0000,235.2794,2882.0,2881.0,2882.0,91.60,touch=64MiB row=1024B span=65MiB rows=65536 lanes/row=16 rows/req=4 traversal=walk loads/req=1 inflight=256B stride_mod_4k=1040
stride,rows4_xw,,0,1040,317754.445,0.0000,211.1972,2885.2,2885.0,2886.0,93.61,touch=64MiB row=1024B span=65MiB rows=65536 lanes/row=16 rows/req=4 traversal=xw loads/req=1 inflight=256B stride_mod_4k=1040
stride,rows16,,0,1040,291027.077,0.0000,230.5932,2887.0,2887.0,2887.0,95.49,touch=64MiB row=1024B span=65MiB rows=65536 lanes/row=4 rows/req=16 traversal=walk loads/req=1 inflight=64B stride_mod_4k=1040
stride,rows16_xw,,0,1040,335702.673,0.0000,199.9057,2889.3,2889.0,2890.0,97.18,touch=64MiB row=1024B span=65MiB rows=65536 lanes/row=4 rows/req=16 traversal=xw loads/req=1 inflight=64B stride_mod_4k=1040
stride,rows32,,0,1040,286763.390,0.0000,234.0217,2891.0,2891.0,2891.0,98.71,touch=64MiB row=1024B span=65MiB rows=65536 lanes/row=2 rows/req=32 traversal=walk loads/req=1 inflight=32B stride_mod_4k=1040
stride,rows32_xw,,0,1040,405079.393,0.0000,165.6684,2893.9,2893.0,2894.0,101.87,touch=64MiB row=1024B span=65MiB rows=65536 lanes/row=2 rows/req=32 traversal=xw loads/req=1 inflight=32B stride_mod_4k=1040
stride,rows64,,0,1040,288277.778,0.0000,232.7924,2889.7,2889.0,2890.0,102.32,touch=64MiB row=1024B span=65MiB rows=65536 lanes/row=1 rows/req=64 traversal=walk loads/req=1 inflight=16B stride_mod_4k=1040
stride,rows64_xw,,0,1040,541133.333,0.0000,124.0154,2892.0,2892.0,2892.0,104.92,touch=64MiB row=1024B span=65MiB rows=65536 lanes/row=1 rows/req=64 traversal=xw loads/req=1 inflight=16B stride_mod_4k=1040
stride,rows1,,0,1088,297437.005,0.0000,225.6238,2880.8,2880.0,2881.0,104.57,touch=64MiB row=1024B span=68MiB rows=65536 lanes/row=64 rows/req=1 traversal=walk loads/req=1 inflight=1024B stride_mod_4k=1088
stride,rows1_xw,,0,1088,297223.647,0.0000,225.7858,2884.6,2884.0,2885.0,104.20,touch=64MiB row=1024B span=68MiB rows=65536 lanes/row=64 rows/req=1 traversal=xw loads/req=1 inflight=1024B stride_mod_4k=1088
stride,rows4,,0,1088,298664.331,0.0000,224.6966,2887.6,2887.0,2888.0,103.53,touch=64MiB row=1024B span=68MiB rows=65536 lanes/row=16 rows/req=4 traversal=walk loads/req=1 inflight=256B stride_mod_4k=1088
stride,rows4_xw,,0,1088,304382.708,0.0000,220.4753,2889.0,2889.0,2889.0,104.04,touch=64MiB row=1024B span=68MiB rows=65536 lanes/row=16 rows/req=4 traversal=xw loads/req=1 inflight=256B stride_mod_4k=1088
stride,rows16,,0,1088,302099.044,0.0000,222.1419,2891.0,2891.0,2891.0,104.01,touch=64MiB row=1024B span=68MiB rows=65536 lanes/row=4 rows/req=16 traversal=walk loads/req=1 inflight=64B stride_mod_4k=1088
stride,rows16_xw,,0,1088,324849.166,0.0000,206.5847,2893.0,2893.0,2893.0,104.43,touch=64MiB row=1024B span=68MiB rows=65536 lanes/row=4 rows/req=16 traversal=xw loads/req=1 inflight=64B stride_mod_4k=1088
stride,rows32,,0,1088,303777.802,0.0000,220.9143,2894.0,2894.0,2894.0,104.94,touch=64MiB row=1024B span=68MiB rows=65536 lanes/row=2 rows/req=32 traversal=walk loads/req=1 inflight=32B stride_mod_4k=1088
stride,rows32_xw,,0,1088,440377.705,0.0000,152.3893,2895.0,2895.0,2895.0,104.75,touch=64MiB row=1024B span=68MiB rows=65536 lanes/row=2 rows/req=32 traversal=xw loads/req=1 inflight=32B stride_mod_4k=1088
stride,rows64,,0,1088,298733.954,0.0000,224.6442,2896.0,2896.0,2896.0,105.86,touch=64MiB row=1024B span=68MiB rows=65536 lanes/row=1 rows/req=64 traversal=walk loads/req=1 inflight=16B stride_mod_4k=1088
stride,rows64_xw,,0,1088,693637.913,0.0000,96.7491,2897.0,2897.0,2897.0,106.49,touch=64MiB row=1024B span=68MiB rows=65536 lanes/row=1 rows/req=64 traversal=xw loads/req=1 inflight=16B stride_mod_4k=1088
stride,rows1,,0,1152,280103.287,0.0000,239.5861,2884.4,2884.0,2885.0,106.72,touch=64MiB row=1024B span=72MiB rows=65536 lanes/row=64 rows/req=1 traversal=walk loads/req=1 inflight=1024B stride_mod_4k=1152
stride,rows1_xw,,0,1152,280230.416,0.0000,239.4774,2886.5,2886.0,2887.0,106.20,touch=64MiB row=1024B span=72MiB rows=65536 lanes/row=64 rows/req=1 traversal=xw loads/req=1 inflight=1024B stride_mod_4k=1152
stride,rows4,,0,1152,281559.623,0.0000,238.3469,2887.9,2887.0,2888.0,105.03,touch=64MiB row=1024B span=72MiB rows=65536 lanes/row=16 rows/req=4 traversal=walk loads/req=1 inflight=256B stride_mod_4k=1152
stride,rows4_xw,,0,1152,292345.725,0.0000,229.5531,2889.2,2889.0,2890.0,104.42,touch=64MiB row=1024B span=72MiB rows=65536 lanes/row=16 rows/req=4 traversal=xw loads/req=1 inflight=256B stride_mod_4k=1152
stride,rows16,,0,1152,285526.042,0.0000,235.0359,2892.0,2892.0,2892.0,103.20,touch=64MiB row=1024B span=72MiB rows=65536 lanes/row=4 rows/req=16 traversal=walk loads/req=1 inflight=64B stride_mod_4k=1152
stride,rows16_xw,,0,1152,358718.693,0.0000,187.0794,2894.0,2894.0,2894.0,102.90,touch=64MiB row=1024B span=72MiB rows=65536 lanes/row=4 rows/req=16 traversal=xw loads/req=1 inflight=64B stride_mod_4k=1152
stride,rows32,,0,1152,283290.215,0.0000,236.8909,2894.0,2894.0,2894.0,102.73,touch=64MiB row=1024B span=72MiB rows=65536 lanes/row=2 rows/req=32 traversal=walk loads/req=1 inflight=32B stride_mod_4k=1152
stride,rows32_xw,,0,1152,485451.621,0.0000,138.2401,2890.0,2890.0,2890.0,103.12,touch=64MiB row=1024B span=72MiB rows=65536 lanes/row=2 rows/req=32 traversal=xw loads/req=1 inflight=32B stride_mod_4k=1152
stride,rows64,,0,1152,280072.505,0.0000,239.6125,2890.8,2890.0,2891.0,103.45,touch=64MiB row=1024B span=72MiB rows=65536 lanes/row=1 rows/req=64 traversal=walk loads/req=1 inflight=16B stride_mod_4k=1152
stride,rows64_xw,,0,1152,735335.600,0.0000,91.2629,2894.0,2893.0,2894.0,104.05,touch=64MiB row=1024B span=72MiB rows=65536 lanes/row=1 rows/req=64 traversal=xw loads/req=1 inflight=16B stride_mod_4k=1152
stride,rows1,,0,1280,277512.201,0.0000,241.8231,2880.4,2880.0,2881.0,103.62,touch=64MiB row=1024B span=80MiB rows=65536 lanes/row=64 rows/req=1 traversal=walk loads/req=1 inflight=1024B stride_mod_4k=1280
stride,rows1_xw,,0,1280,277771.948,0.0000,241.5970,2884.0,2884.0,2884.0,103.83,touch=64MiB row=1024B span=80MiB rows=65536 lanes/row=64 rows/req=1 traversal=xw loads/req=1 inflight=1024B stride_mod_4k=1280
stride,rows4,,0,1280,277799.822,0.0000,241.5727,2886.0,2886.0,2886.0,103.96,touch=64MiB row=1024B span=80MiB rows=65536 lanes/row=16 rows/req=4 traversal=walk loads/req=1 inflight=256B stride_mod_4k=1280
stride,rows4_xw,,0,1280,279682.531,0.0000,239.9466,2886.8,2886.0,2887.0,102.81,touch=64MiB row=1024B span=80MiB rows=65536 lanes/row=16 rows/req=4 traversal=xw loads/req=1 inflight=256B stride_mod_4k=1280
stride,rows16,,0,1280,280823.306,0.0000,238.9718,2887.8,2887.0,2888.0,102.94,touch=64MiB row=1024B span=80MiB rows=65536 lanes/row=4 rows/req=16 traversal=walk loads/req=1 inflight=64B stride_mod_4k=1280
stride,rows16_xw,,0,1280,368032.875,0.0000,182.3448,2880.8,2880.0,2887.0,103.37,touch=64MiB row=1024B span=80MiB rows=65536 lanes/row=4 rows/req=16 traversal=xw loads/req=1 inflight=64B stride_mod_4k=1280
stride,rows32,,0,1280,280880.931,0.0000,238.9228,2882.3,2882.0,2883.0,101.91,touch=64MiB row=1024B span=80MiB rows=65536 lanes/row=2 rows/req=32 traversal=walk loads/req=1 inflight=32B stride_mod_4k=1280
stride,rows32_xw,,0,1280,517611.009,0.0000,129.6512,2885.0,2884.0,2885.0,102.43,touch=64MiB row=1024B span=80MiB rows=65536 lanes/row=2 rows/req=32 traversal=xw loads/req=1 inflight=32B stride_mod_4k=1280
stride,rows64,,0,1280,279112.556,0.0000,240.4366,2889.0,2889.0,2889.0,103.02,touch=64MiB row=1024B span=80MiB rows=65536 lanes/row=1 rows/req=64 traversal=walk loads/req=1 inflight=16B stride_mod_4k=1280
stride,rows64_xw,,0,1280,769931.275,0.0000,87.1621,2891.0,2891.0,2891.0,104.19,touch=64MiB row=1024B span=80MiB rows=65536 lanes/row=1 rows/req=64 traversal=xw loads/req=1 inflight=16B stride_mod_4k=1280
stride,rows1,,0,1536,277795.092,0.0000,241.5769,2877.6,2877.0,2878.0,102.61,touch=64MiB row=1024B span=96MiB rows=65536 lanes/row=64 rows/req=1 traversal=walk loads/req=1 inflight=1024B stride_mod_4k=1536
stride,rows1_xw,,0,1536,278033.765,0.0000,241.3695,2880.5,2880.0,2881.0,102.72,touch=64MiB row=1024B span=96MiB rows=65536 lanes/row=64 rows/req=1 traversal=xw loads/req=1 inflight=1024B stride_mod_4k=1536
stride,rows4,,0,1536,276892.761,0.0000,242.3641,2884.0,2884.0,2884.0,103.32,touch=64MiB row=1024B span=96MiB rows=65536 lanes/row=16 rows/req=4 traversal=walk loads/req=1 inflight=256B stride_mod_4k=1536
stride,rows4_xw,,0,1536,559621.978,0.0000,119.9182,2886.1,2886.0,2887.0,102.93,touch=64MiB row=1024B span=96MiB rows=65536 lanes/row=16 rows/req=4 traversal=xw loads/req=1 inflight=256B stride_mod_4k=1536
stride,rows16,,0,1536,284314.486,0.0000,236.0374,2889.0,2889.0,2889.0,101.79,touch=64MiB row=1024B span=96MiB rows=65536 lanes/row=4 rows/req=16 traversal=walk loads/req=1 inflight=64B stride_mod_4k=1536
stride,rows16_xw,,0,1536,809460.484,0.0000,82.9057,2892.0,2892.0,2892.0,99.80,touch=64MiB row=1024B span=96MiB rows=65536 lanes/row=4 rows/req=16 traversal=xw loads/req=1 inflight=64B stride_mod_4k=1536
stride,rows32,,0,1536,284259.257,0.0000,236.0833,2892.1,2892.0,2893.0,99.48,touch=64MiB row=1024B span=96MiB rows=65536 lanes/row=2 rows/req=32 traversal=walk loads/req=1 inflight=32B stride_mod_4k=1536
stride,rows32_xw,,0,1536,1200160.306,0.0000,55.9166,2894.0,2894.0,2894.0,99.59,touch=64MiB row=1024B span=96MiB rows=65536 lanes/row=2 rows/req=32 traversal=xw loads/req=1 inflight=32B stride_mod_4k=1536
stride,rows64,,0,1536,280650.364,0.0000,239.1191,2895.0,2895.0,2895.0,98.39,touch=64MiB row=1024B span=96MiB rows=65536 lanes/row=1 rows/req=64 traversal=walk loads/req=1 inflight=16B stride_mod_4k=1536
stride,rows64_xw,,0,1536,1805273.115,0.0000,37.1738,2896.6,2896.0,2897.0,98.53,touch=64MiB row=1024B span=96MiB rows=65536 lanes/row=1 rows/req=64 traversal=xw loads/req=1 inflight=16B stride_mod_4k=1536
stride,rows1,,0,2048,558855.670,0.0000,120.0826,2879.2,2879.0,2880.0,97.14,touch=64MiB row=1024B span=128MiB rows=65536 lanes/row=64 rows/req=1 traversal=walk loads/req=1 inflight=1024B stride_mod_4k=2048
stride,rows1_xw,,0,2048,558397.135,0.0000,120.1812,2885.6,2885.0,2886.0,94.90,touch=64MiB row=1024B span=128MiB rows=65536 lanes/row=64 rows/req=1 traversal=xw loads/req=1 inflight=1024B stride_mod_4k=2048
stride,rows4,,0,2048,550616.400,0.0000,121.8795,2888.3,2888.0,2889.0,93.93,touch=64MiB row=1024B span=128MiB rows=65536 lanes/row=16 rows/req=4 traversal=walk loads/req=1 inflight=256B stride_mod_4k=2048
stride,rows4_xw,,0,2048,2206712.773,0.0000,30.4112,2890.8,2890.0,2891.0,91.96,touch=64MiB row=1024B span=128MiB rows=65536 lanes/row=16 rows/req=4 traversal=xw loads/req=1 inflight=256B stride_mod_4k=2048
stride,rows16,,0,2048,594876.289,0.0000,112.8115,2891.1,2891.0,2892.0,91.68,touch=64MiB row=1024B span=128MiB rows=65536 lanes/row=4 rows/req=16 traversal=walk loads/req=1 inflight=64B stride_mod_4k=2048
stride,rows16_xw,,0,2048,4706342.100,0.0000,14.2592,2890.4,2890.0,2891.0,83.76,touch=64MiB row=1024B span=128MiB rows=65536 lanes/row=4 rows/req=16 traversal=xw loads/req=1 inflight=64B stride_mod_4k=2048
stride,rows32,,0,2048,594254.867,0.0000,112.9294,2892.0,2892.0,2892.0,83.32,touch=64MiB row=1024B span=128MiB rows=65536 lanes/row=2 rows/req=32 traversal=walk loads/req=1 inflight=32B stride_mod_4k=2048
stride,rows32_xw,,0,2048,9410844.700,0.0000,7.1310,2895.0,2894.0,2895.0,76.56,touch=64MiB row=1024B span=128MiB rows=65536 lanes/row=2 rows/req=32 traversal=xw loads/req=1 inflight=32B stride_mod_4k=2048
stride,rows64,,0,2048,561199.775,0.0000,119.5811,2897.0,2897.0,2897.0,73.92,touch=64MiB row=1024B span=128MiB rows=65536 lanes/row=1 rows/req=64 traversal=walk loads/req=1 inflight=16B stride_mod_4k=2048
stride,rows64_xw,,0,2048,18740571.300,0.0000,3.5809,2899.0,2899.0,2899.0,61.47,touch=64MiB row=1024B span=128MiB rows=65536 lanes/row=1 rows/req=64 traversal=xw loads/req=1 inflight=16B stride_mod_4k=2048
stride,rows1,,0,3072,277043.017,0.0000,242.2326,2886.0,2886.0,2886.0,61.59,touch=64MiB row=1024B span=192MiB rows=65536 lanes/row=64 rows/req=1 traversal=walk loads/req=1 inflight=1024B stride_mod_4k=3072
stride,rows1_xw,,0,3072,276750.006,0.0000,242.4891,2884.0,2884.0,2884.0,72.85,touch=64MiB row=1024B span=192MiB rows=65536 lanes/row=64 rows/req=1 traversal=xw loads/req=1 inflight=1024B stride_mod_4k=3072
stride,rows4,,0,3072,276283.161,0.0000,242.8989,2886.0,2886.0,2886.0,76.60,touch=64MiB row=1024B span=192MiB rows=65536 lanes/row=16 rows/req=4 traversal=walk loads/req=1 inflight=256B stride_mod_4k=3072
stride,rows4_xw,,0,3072,1098383.822,0.0000,61.0978,2889.7,2889.0,2890.0,79.98,touch=64MiB row=1024B span=192MiB rows=65536 lanes/row=16 rows/req=4 traversal=xw loads/req=1 inflight=256B stride_mod_4k=3072
stride,rows16,,0,3072,287497.052,0.0000,233.4245,2891.0,2891.0,2891.0,81.45,touch=64MiB row=1024B span=192MiB rows=65536 lanes/row=4 rows/req=16 traversal=walk loads/req=1 inflight=64B stride_mod_4k=3072
stride,rows16_xw,,0,3072,1932145.357,0.0000,34.7328,2893.0,2893.0,2893.0,81.91,touch=64MiB row=1024B span=192MiB rows=65536 lanes/row=4 rows/req=16 traversal=xw loads/req=1 inflight=64B stride_mod_4k=3072
stride,rows32,,0,3072,286699.657,0.0000,234.0738,2894.0,2894.0,2894.0,82.50,touch=64MiB row=1024B span=192MiB rows=65536 lanes/row=2 rows/req=32 traversal=walk loads/req=1 inflight=32B stride_mod_4k=3072
stride,rows32_xw,,0,3072,3313010.750,0.0000,20.2562,2895.0,2895.0,2895.0,84.40,touch=64MiB row=1024B span=192MiB rows=65536 lanes/row=2 rows/req=32 traversal=xw loads/req=1 inflight=32B stride_mod_4k=3072
stride,rows64,,0,3072,283627.191,0.0000,236.6094,2897.0,2897.0,2897.0,86.93,touch=64MiB row=1024B span=192MiB rows=65536 lanes/row=1 rows/req=64 traversal=walk loads/req=1 inflight=16B stride_mod_4k=3072
stride,rows64_xw,,0,3072,5593233.200,0.0000,11.9982,2897.0,2897.0,2897.0,85.92,touch=64MiB row=1024B span=192MiB rows=65536 lanes/row=1 rows/req=64 traversal=xw loads/req=1 inflight=16B stride_mod_4k=3072
stride,rows1,,0,4096,1103794.111,0.0000,60.7984,2882.8,2882.0,2883.0,80.74,touch=64MiB row=1024B span=256MiB rows=65536 lanes/row=64 rows/req=1 traversal=walk loads/req=1 inflight=1024B stride_mod_4k=0
stride,rows1_xw,,0,4096,1104541.625,0.0000,60.7572,2888.0,2888.0,2888.0,81.69,touch=64MiB row=1024B span=256MiB rows=65536 lanes/row=64 rows/req=1 traversal=xw loads/req=1 inflight=1024B stride_mod_4k=0
stride,rows4,,0,4096,1101712.822,0.0000,60.9132,2888.9,2888.0,2889.0,81.38,touch=64MiB row=1024B span=256MiB rows=65536 lanes/row=16 rows/req=4 traversal=walk loads/req=1 inflight=256B stride_mod_4k=0
stride,rows4_xw,,0,4096,4333515.700,0.0000,15.4860,2893.0,2893.0,2893.0,77.97,touch=64MiB row=1024B span=256MiB rows=65536 lanes/row=16 rows/req=4 traversal=xw loads/req=1 inflight=256B stride_mod_4k=0
stride,rows16,,0,4096,1223071.850,0.0000,54.8691,2894.0,2894.0,2894.0,77.60,touch=64MiB row=1024B span=256MiB rows=65536 lanes/row=4 rows/req=16 traversal=walk loads/req=1 inflight=64B stride_mod_4k=0
stride,rows16_xw,,0,4096,9527149.700,0.0000,7.0440,2895.3,2895.0,2896.0,75.70,touch=64MiB row=1024B span=256MiB rows=65536 lanes/row=4 rows/req=16 traversal=xw loads/req=1 inflight=64B stride_mod_4k=0
stride,rows32,,0,4096,1151012.925,0.0000,58.3042,2898.0,2898.0,2898.0,68.78,touch=64MiB row=1024B span=256MiB rows=65536 lanes/row=2 rows/req=32 traversal=walk loads/req=1 inflight=32B stride_mod_4k=0
stride,rows32_xw,,0,4096,18352826.550,0.0000,3.6566,2892.8,2891.0,2894.0,66.12,touch=64MiB row=1024B span=256MiB rows=65536 lanes/row=2 rows/req=32 traversal=xw loads/req=1 inflight=32B stride_mod_4k=0
stride,rows64,,0,4096,1131163.500,0.0000,59.3273,2898.0,2898.0,2898.0,58.72,touch=64MiB row=1024B span=256MiB rows=65536 lanes/row=1 rows/req=64 traversal=walk loads/req=1 inflight=16B stride_mod_4k=0
stride,rows64_xw,,0,4096,36650784.615,0.0000,1.8310,2897.5,2897.0,2898.0,55.83,touch=64MiB row=1024B span=256MiB rows=65536 lanes/row=1 rows/req=64 traversal=xw loads/req=1 inflight=16B stride_mod_4k=0
stride,rows1,,0,5120,274671.385,0.0000,244.3242,2886.0,2886.0,2886.0,60.85,touch=64MiB row=1024B span=320MiB rows=65536 lanes/row=64 rows/req=1 traversal=walk loads/req=1 inflight=1024B stride_mod_4k=1024
stride,rows1_xw,,0,5120,273900.077,0.0000,245.0122,2888.1,2888.0,2889.0,68.15,touch=64MiB row=1024B span=320MiB rows=65536 lanes/row=64 rows/req=1 traversal=xw loads/req=1 inflight=1024B stride_mod_4k=1024
stride,rows4,,0,5120,273860.555,0.0000,245.0476,2890.0,2890.0,2890.0,72.30,touch=64MiB row=1024B span=320MiB rows=65536 lanes/row=16 rows/req=4 traversal=walk loads/req=1 inflight=256B stride_mod_4k=1024
stride,rows4_xw,,0,5120,1084511.812,0.0000,61.8793,2892.0,2892.0,2892.0,79.43,touch=64MiB row=1024B span=320MiB rows=65536 lanes/row=16 rows/req=4 traversal=xw loads/req=1 inflight=256B stride_mod_4k=1024
stride,rows16,,0,5120,283478.269,0.0000,236.7337,2893.0,2893.0,2893.0,83.01,touch=64MiB row=1024B span=320MiB rows=65536 lanes/row=4 rows/req=16 traversal=walk loads/req=1 inflight=64B stride_mod_4k=1024
stride,rows16_xw,,0,5120,1776481.517,0.0000,37.7763,2894.0,2894.0,2894.0,83.63,touch=64MiB row=1024B span=320MiB rows=65536 lanes/row=4 rows/req=16 traversal=xw loads/req=1 inflight=64B stride_mod_4k=1024
stride,rows32,,0,5120,281840.394,0.0000,238.1095,2895.2,2895.0,2896.0,86.18,touch=64MiB row=1024B span=320MiB rows=65536 lanes/row=2 rows/req=32 traversal=walk loads/req=1 inflight=32B stride_mod_4k=1024
stride,rows32_xw,,0,5120,2899831.700,0.0000,23.1423,2896.0,2896.0,2896.0,85.67,touch=64MiB row=1024B span=320MiB rows=65536 lanes/row=2 rows/req=32 traversal=xw loads/req=1 inflight=32B stride_mod_4k=1024
stride,rows64,,0,5120,277921.692,0.0000,241.4668,2897.0,2897.0,2897.0,88.18,touch=64MiB row=1024B span=320MiB rows=65536 lanes/row=1 rows/req=64 traversal=walk loads/req=1 inflight=16B stride_mod_4k=1024
stride,rows64_xw,,0,5120,4910860.650,0.0000,13.6654,2898.0,2898.0,2898.0,85.12,touch=64MiB row=1024B span=320MiB rows=65536 lanes/row=1 rows/req=64 traversal=xw loads/req=1 inflight=16B stride_mod_4k=1024
stride,rows1,,0,7168,278575.075,0.0000,240.9005,2885.0,2885.0,2885.0,82.95,touch=64MiB row=1024B span=448MiB rows=65536 lanes/row=64 rows/req=1 traversal=walk loads/req=1 inflight=1024B stride_mod_4k=3072
stride,rows1_xw,,0,7168,278888.333,0.0000,240.6299,2888.0,2888.0,2888.0,88.58,touch=64MiB row=1024B span=448MiB rows=65536 lanes/row=64 rows/req=1 traversal=xw loads/req=1 inflight=1024B stride_mod_4k=3072
stride,rows4,,0,7168,278363.531,0.0000,241.0835,2890.8,2890.0,2891.0,91.39,touch=64MiB row=1024B span=448MiB rows=65536 lanes/row=16 rows/req=4 traversal=walk loads/req=1 inflight=256B stride_mod_4k=3072
stride,rows4_xw,,0,7168,1098941.333,0.0000,61.0668,2892.0,2892.0,2892.0,90.48,touch=64MiB row=1024B span=448MiB rows=65536 lanes/row=16 rows/req=4 traversal=xw loads/req=1 inflight=256B stride_mod_4k=3072
stride,rows16,,0,7168,287493.751,0.0000,233.4272,2893.5,2893.0,2894.0,89.99,touch=64MiB row=1024B span=448MiB rows=65536 lanes/row=4 rows/req=16 traversal=walk loads/req=1 inflight=64B stride_mod_4k=3072
stride,rows16_xw,,0,7168,1811441.759,0.0000,37.0472,2894.1,2894.0,2895.0,90.68,touch=64MiB row=1024B span=448MiB rows=65536 lanes/row=4 rows/req=16 traversal=xw loads/req=1 inflight=64B stride_mod_4k=3072
stride,rows32,,0,7168,285598.596,0.0000,234.9762,2894.0,2894.0,2894.0,90.13,touch=64MiB row=1024B span=448MiB rows=65536 lanes/row=2 rows/req=32 traversal=walk loads/req=1 inflight=32B stride_mod_4k=3072
stride,rows32_xw,,0,7168,2902490.750,0.0000,23.1211,2895.0,2895.0,2895.0,89.43,touch=64MiB row=1024B span=448MiB rows=65536 lanes/row=2 rows/req=32 traversal=xw loads/req=1 inflight=32B stride_mod_4k=3072
stride,rows64,,0,7168,280700.267,0.0000,239.0766,2896.0,2896.0,2896.0,91.61,touch=64MiB row=1024B span=448MiB rows=65536 lanes/row=1 rows/req=64 traversal=walk loads/req=1 inflight=16B stride_mod_4k=3072
stride,rows64_xw,,0,7168,4874788.150,0.0000,13.7665,2897.0,2897.0,2897.0,90.68,touch=64MiB row=1024B span=448MiB rows=65536 lanes/row=1 rows/req=64 traversal=xw loads/req=1 inflight=16B stride_mod_4k=3072
stride,rows1,,0,9216,280916.829,0.0000,238.8923,2884.8,2884.0,2885.0,88.40,touch=64MiB row=1024B span=576MiB rows=65536 lanes/row=64 rows/req=1 traversal=walk loads/req=1 inflight=1024B stride_mod_4k=1024
stride,rows1_xw,,0,9216,281003.682,0.0000,238.8185,2887.6,2887.0,2888.0,92.00,touch=64MiB row=1024B span=576MiB rows=65536 lanes/row=64 rows/req=1 traversal=xw loads/req=1 inflight=1024B stride_mod_4k=1024
stride,rows4,,0,9216,280546.147,0.0000,239.2079,2890.0,2890.0,2890.0,94.16,touch=64MiB row=1024B span=576MiB rows=65536 lanes/row=16 rows/req=4 traversal=walk loads/req=1 inflight=256B stride_mod_4k=1024
stride,rows4_xw,,0,9216,1107872.956,0.0000,60.5745,2890.8,2890.0,2891.0,93.94,touch=64MiB row=1024B span=576MiB rows=65536 lanes/row=16 rows/req=4 traversal=xw loads/req=1 inflight=256B stride_mod_4k=1024
stride,rows16,,0,9216,290646.263,0.0000,230.8953,2893.0,2893.0,2893.0,93.72,touch=64MiB row=1024B span=576MiB rows=65536 lanes/row=4 rows/req=16 traversal=walk loads/req=1 inflight=64B stride_mod_4k=1024
stride,rows16_xw,,0,9216,1745890.542,0.0000,38.4382,2894.0,2894.0,2894.0,94.26,touch=64MiB row=1024B span=576MiB rows=65536 lanes/row=4 rows/req=16 traversal=xw loads/req=1 inflight=64B stride_mod_4k=1024
stride,rows32,,0,9216,289219.716,0.0000,232.0342,2895.0,2895.0,2895.0,93.33,touch=64MiB row=1024B span=576MiB rows=65536 lanes/row=2 rows/req=32 traversal=walk loads/req=1 inflight=32B stride_mod_4k=1024
stride,rows32_xw,,0,9216,2675952.300,0.0000,25.0785,2896.0,2896.0,2896.0,93.98,touch=64MiB row=1024B span=576MiB rows=65536 lanes/row=2 rows/req=32 traversal=xw loads/req=1 inflight=32B stride_mod_4k=1024
stride,rows64,,0,9216,285238.987,0.0000,235.2724,2897.0,2897.0,2897.0,92.68,touch=64MiB row=1024B span=576MiB rows=65536 lanes/row=1 rows/req=64 traversal=walk loads/req=1 inflight=16B stride_mod_4k=1024
stride,rows64_xw,,0,9216,4235541.550,0.0000,15.8442,2898.0,2898.0,2898.0,88.82,touch=64MiB row=1024B span=576MiB rows=65536 lanes/row=1 rows/req=64 traversal=xw loads/req=1 inflight=16B stride_mod_4k=1024
elementwise,relu,fp32,0,262144,3180.000,0.0000,659.4818,2889.0,2889.0,2889.0,87.98,
elementwise,relu,fp16,0,262144,2574.850,0.0000,407.2377,2871.0,2871.0,2871.0,88.65,
elementwise,relu,fp32,0,524288,5750.900,0.0000,729.3300,2845.0,2845.0,2845.0,88.85,
elementwise,relu,fp16,0,524288,4608.750,0.0000,455.0370,2813.0,2813.0,2813.0,90.20,
elementwise,relu,fp32,0,1048576,10894.700,0.0000,769.9715,2814.0,2814.0,2814.0,110.41,
elementwise,relu,fp16,0,1048576,8083.350,0.0000,518.8819,2813.0,2813.0,2813.0,126.85,
elementwise,relu,fp32,0,2097152,21174.200,0.0000,792.3424,2813.0,2813.0,2813.0,132.52,
elementwise,relu,fp16,0,2097152,13778.150,0.0000,608.8341,2813.0,2813.0,2813.0,135.88,
elementwise,relu,fp32,0,3145728,31429.700,0.0000,800.7020,2813.0,2813.0,2813.0,135.68,
elementwise,relu,fp16,0,3145728,19523.050,0.0000,644.5157,2814.0,2814.0,2814.0,135.56,
elementwise,relu,fp32,0,4194304,41689.200,0.0000,804.8711,2814.0,2814.0,2814.0,135.24,
elementwise,relu,fp16,0,4194304,25257.950,0.0000,664.2351,2814.0,2814.0,2814.0,134.88,
elementwise,relu,fp32,0,6291456,62214.200,0.0000,809.0058,2814.0,2814.0,2814.0,134.55,
elementwise,relu,fp16,0,6291456,36651.600,0.0000,686.6228,2814.0,2814.0,2814.0,134.36,
elementwise,relu,fp32,0,8388608,117958.100,0.0000,568.9212,2812.3,2811.0,2813.0,134.35,
elementwise,relu,fp16,0,8388608,48111.400,0.0000,697.4320,2814.0,2814.0,2814.0,134.65,
elementwise,relu,fp32,0,12582912,426047.450,0.0000,236.2725,2813.9,2813.0,2814.0,133.92,
elementwise,relu,fp16,0,12582912,70868.650,0.0000,710.2103,2814.0,2814.0,2814.0,134.63,
elementwise,relu,fp32,0,16777216,560973.850,0.0000,239.2584,2814.0,2814.0,2814.0,133.74,
elementwise,relu,fp16,0,16777216,93832.250,0.0000,715.2004,2814.0,2814.0,2814.0,135.07,
elementwise,relu,fp32,0,33554432,1132718.150,0.0000,236.9835,2814.9,2814.0,2816.0,134.78,
elementwise,relu,fp16,0,33554432,561679.150,0.0000,238.9580,2813.5,2813.0,2814.0,134.70,
elementwise,relu,fp32,0,67108864,2274054.700,0.0000,236.0853,2797.8,2796.0,2800.0,133.62,
elementwise,relu,fp16,0,67108864,1132774.250,0.0000,236.9717,2798.9,2798.0,2800.0,134.96,
gemv,naive,fp32,0,256,17060.400,7.6828,15.3656,2813.0,2813.0,2813.0,135.41,
gemv,naive,fp16,0,256,16559.450,7.9152,7.9152,2815.0,2815.0,2815.0,135.32,
gemv,naive,q8,32,256,25516.450,5.1368,2.7289,2817.0,2817.0,2817.0,135.30,
gemv,naive,q4,32,256,25674.750,5.1051,1.4358,2819.0,2819.0,2819.0,135.26,
gemv,naive,q8,64,256,25153.750,5.2108,2.6868,2821.0,2821.0,2821.0,135.29,
gemv,naive,q4,64,256,25296.050,5.1815,1.3763,2823.0,2823.0,2823.0,135.29,
gemv,naive,q8,128,256,24985.450,5.2459,2.6640,2824.0,2824.0,2824.0,135.23,
gemv,naive,q4,128,256,25169.800,5.2075,1.3426,2826.0,2826.0,2826.0,135.32,
gemv,naive,q8,256,256,25025.500,5.2375,2.6392,2828.0,2828.0,2828.0,135.38,
gemv,naive,q4,256,256,25131.750,5.2154,1.3242,2829.0,2829.0,2829.0,135.38,
gemv,naive,fp32,0,512,32397.550,16.1830,32.3659,2831.0,2831.0,2831.0,135.44,
gemv,naive,fp16,0,512,33704.000,15.5557,15.5557,2833.0,2833.0,2833.0,135.11,
gemv,naive,q8,32,512,64414.350,8.1393,4.3240,2822.0,2814.0,2830.0,134.43,
gemv,naive,q4,32,512,51053.000,10.2695,2.8883,2813.0,2813.0,2813.0,134.31,
gemv,naive,q8,64,512,63522.650,8.2536,4.2557,2813.0,2813.0,2813.0,134.01,
gemv,naive,q4,64,512,50660.250,10.3491,2.7490,2813.0,2813.0,2813.0,133.79,
gemv,naive,q8,128,512,60082.150,8.7262,4.4313,2813.0,2813.0,2813.0,133.50,
gemv,naive,q4,128,512,49942.850,10.4978,2.7065,2813.0,2813.0,2813.0,133.40,
gemv,naive,q8,256,512,59725.450,8.7783,4.4234,2813.0,2813.0,2813.0,133.23,
gemv,naive,q4,256,512,49644.300,10.5609,2.6815,2814.0,2814.0,2814.0,133.37,
gemv,naive,q8,512,512,54758.000,9.5746,4.8060,2814.0,2814.0,2814.0,133.21,
gemv,naive,q4,512,512,49714.450,10.5460,2.6571,2813.0,2813.0,2813.0,133.00,
gemv,naive,fp32,0,1024,65700.800,31.9197,63.8395,2813.0,2813.0,2813.0,132.91,
gemv,naive,fp16,0,1024,63115.900,33.2270,33.2270,2814.0,2814.0,2814.0,133.86,
gemv,naive,q8,32,1024,103374.400,20.2870,10.7774,2813.0,2813.0,2813.0,133.86,
gemv,naive,q4,32,1024,140368.700,14.9403,4.2020,2812.7,2812.0,2814.0,134.15,
gemv,naive,q8,64,1024,103614.850,20.2399,10.4362,2814.0,2814.0,2814.0,134.39,
gemv,naive,q4,64,1024,133271.200,15.7360,4.1799,2813.0,2813.0,2813.0,134.70,
gemv,naive,q8,128,1024,103113.900,20.3382,10.3280,2813.5,2813.0,2814.0,134.70,
gemv,naive,q4,128,1024,130916.700,16.0190,4.1299,2813.0,2813.0,2813.0,134.77,
gemv,naive,q8,256,1024,101603.000,20.6407,10.4010,2813.0,2813.0,2813.0,134.65,
gemv,naive,q4,256,1024,121955.700,17.1960,4.3662,2814.0,2814.0,2814.0,134.53,
gemv,naive,q8,512,1024,100891.650,20.7862,10.4337,2814.0,2814.0,2814.0,134.47,
gemv,naive,q4,512,1024,121023.900,17.3284,4.3659,2813.0,2813.0,2813.0,134.27,
gemv,naive,q8,1024,1024,100883.650,20.7878,10.4142,2814.0,2814.0,2814.0,134.07,
gemv,naive,q4,1024,1024,109299.650,19.1872,4.8155,2813.0,2813.0,2813.0,134.58,
gemv,naive,fp32,0,2048,142408.550,58.9052,117.8105,2813.7,2813.0,2814.0,134.90,
gemv,naive,fp16,0,2048,126275.900,66.4308,66.4308,2814.0,2814.0,2814.0,135.42,
gemv,naive,q8,32,2048,214725.950,39.0666,20.7541,2809.0,2809.0,2809.0,134.69,
gemv,naive,q4,32,2048,212054.900,39.5587,11.1259,2813.0,2813.0,2813.0,135.42,
gemv,naive,q8,64,2048,208738.600,40.1871,20.7215,2814.0,2814.0,2814.0,135.83,
gemv,naive,q4,64,2048,206738.800,40.5759,10.7780,2814.0,2814.0,2814.0,135.51,
gemv,naive,q8,128,2048,210175.300,39.9124,20.2680,2813.0,2813.0,2813.0,135.02,
gemv,naive,q4,128,2048,207263.800,40.4731,10.4345,2813.0,2813.0,2813.0,135.83,
gemv,naive,q8,256,2048,208596.300,40.2146,20.2644,2813.0,2813.0,2813.0,135.86,
gemv,naive,q4,256,2048,206133.650,40.6950,10.3327,2808.0,2808.0,2808.0,135.52,
gemv,naive,q8,512,2048,205861.100,40.7489,20.4540,2813.0,2813.0,2813.0,136.27,
gemv,naive,q4,512,2048,203384.400,41.2451,10.3918,2814.2,2814.0,2815.0,135.87,
gemv,naive,q8,1024,2048,204823.150,40.9554,20.5177,2813.5,2813.0,2814.0,135.68,
gemv,naive,q4,1024,2048,202093.950,41.5085,10.4176,2810.2,2809.0,2813.0,135.14,
gemv,naive,fp32,0,4096,680795.500,49.2871,98.5742,2813.5,2813.0,2814.0,135.02,
gemv,naive,fp16,0,4096,275794.000,121.6648,121.6648,2813.2,2813.0,2814.0,135.64,
gemv,naive,q8,32,4096,457090.450,73.4087,38.9984,2813.5,2813.0,2814.0,135.20,
gemv,naive,q4,32,4096,465119.700,72.1415,20.2898,2808.2,2808.0,2809.0,134.58,
gemv,naive,q8,64,4096,431816.450,77.7053,40.0668,2814.0,2814.0,2814.0,135.01,
gemv,naive,q4,64,4096,437946.100,76.6177,20.3516,2813.1,2813.0,2814.0,135.17,
gemv,naive,q8,128,4096,419727.450,79.9434,40.5962,2814.5,2814.0,2815.0,135.36,
gemv,naive,q4,128,4096,425811.000,78.8012,20.3159,2814.5,2814.0,2815.0,135.20,
gemv,naive,q8,256,4096,421941.650,79.5239,40.0726,2814.7,2814.0,2815.0,135.31,
gemv,naive,q4,256,4096,426642.600,78.6476,19.9691,2814.7,2814.0,2815.0,136.11,
gemv,naive,q8,512,4096,419601.200,79.9674,40.1399,2813.4,2813.0,2814.0,135.93,
gemv,naive,q4,512,4096,425306.050,78.8948,19.8778,2813.4,2813.0,2814.0,136.15,
gemv,naive,q8,1024,4096,415160.800,80.8227,40.4903,2814.1,2814.0,2815.0,136.38,
gemv,naive,q4,1024,4096,419581.200,79.9712,20.0709,2813.0,2813.0,2813.0,136.91,
gemv,subgroup,fp32,0,256,1703.200,76.9563,153.9126,2815.0,2815.0,2815.0,136.70,
gemv,subgroup,fp16,0,256,1372.600,95.4918,95.4918,2817.0,2817.0,2817.0,136.73,
gemv,subgroup,q8,32,256,1490.800,87.9206,46.7078,2819.0,2819.0,2819.0,136.77,
gemv,subgroup,q4,32,256,1504.850,87.0997,24.4968,2821.0,2821.0,2821.0,136.76,
gemv,subgroup,q8,64,256,1502.850,87.2156,44.9706,2822.0,2822.0,2822.0,136.88,
gemv,subgroup,q4,64,256,1496.800,87.5681,23.2603,2824.0,2824.0,2824.0,136.94,
gemv,subgroup,q8,128,256,1490.800,87.9206,44.6472,2826.0,2826.0,2826.0,136.98,
gemv,subgroup,q4,128,256,1504.850,87.0997,22.4554,2827.0,2827.0,2827.0,137.00,
gemv,subgroup,q8,256,256,1494.800,87.6853,44.1852,2829.0,2829.0,2829.0,137.03,
gemv,subgroup,q4,256,256,1496.800,87.5681,22.2341,2830.0,2830.0,2830.0,137.09,
gemv,subgroup,fp32,0,512,5306.050,98.8095,197.6189,2832.0,2832.0,2832.0,137.03,
gemv,subgroup,fp16,0,512,2915.500,179.8278,179.8278,2829.0,2829.0,2829.0,136.66,
gemv,subgroup,q8,32,512,2783.250,188.3726,100.0729,2828.0,2828.0,2828.0,136.50,
gemv,subgroup,q4,32,512,2633.000,199.1219,56.0030,2828.0,2828.0,2828.0,136.34,
gemv,subgroup,q8,64,512,2767.250,189.4617,97.6912,2827.0,2827.0,2827.0,136.18,
gemv,subgroup,q4,64,512,2637.000,198.8199,52.8115,2827.0,2827.0,2827.0,135.99,
gemv,subgroup,q8,128,512,2783.250,188.3726,95.6580,2826.0,2826.0,2826.0,135.88,
gemv,subgroup,q4,128,512,2633.000,199.1219,51.3361,2826.0,2826.0,2826.0,135.72,
gemv,subgroup,q8,256,512,2777.250,188.7795,95.1272,2825.0,2825.0,2825.0,135.55,
gemv,subgroup,q4,256,512,2639.000,198.6692,50.4433,2825.0,2825.0,2825.0,135.36,
gemv,subgroup,q8,512,512,2751.200,190.5670,95.6557,2824.0,2824.0,2824.0,135.20,
gemv,subgroup,q4,512,512,2645.000,198.2185,49.9418,2824.0,2824.0,2824.0,135.07,
gemv,subgroup,fp32,0,1024,12537.800,167.2663,334.5327,2823.0,2823.0,2823.0,134.94,
gemv,subgroup,fp16,0,1024,10940.750,191.6827,191.6827,2813.0,2813.0,2813.0,134.88,
gemv,subgroup,q8,32,1024,6277.900,334.0531,177.4657,2813.0,2813.0,2813.0,135.25,
gemv,subgroup,q4,32,1024,5574.550,376.2011,105.8066,2813.0,2813.0,2813.0,135.99,
gemv,subgroup,q8,64,1024,6259.850,335.0163,172.7428,2813.0,2813.0,2813.0,135.87,
gemv,subgroup,q4,64,1024,5540.500,378.5131,100.5426,2814.0,2814.0,2814.0,136.02,
gemv,subgroup,q8,128,1024,6251.850,335.4450,170.3432,2814.0,2814.0,2814.0,136.11,
gemv,subgroup,q4,128,1024,5554.550,377.5557,97.3386,2814.0,2814.0,2814.0,136.04,
gemv,subgroup,q8,256,1024,6249.850,335.5524,169.0869,2813.0,2813.0,2813.0,135.91,
gemv,subgroup,q4,256,1024,5530.500,379.1975,96.2806,2813.0,2813.0,2813.0,135.93,
gemv,subgroup,q8,512,1024,6233.800,336.4163,168.8652,2813.0,2813.0,2813.0,135.71,
gemv,subgroup,q4,512,1024,5532.500,379.0605,95.5055,2814.0,2814.0,2814.0,136.30,
gemv,subgroup,q8,1024,1024,6241.850,335.9824,168.3193,2814.0,2814.0,2814.0,136.08,
gemv,subgroup,q4,1024,1024,5548.500,377.9674,94.8610,2813.0,2813.0,2813.0,136.10,
gemv,subgroup,fp32,0,2048,29355.750,285.7569,571.5138,2813.0,2813.0,2813.0,136.21,
gemv,subgroup,fp16,0,2048,26259.850,319.4462,319.4462,2814.0,2814.0,2814.0,136.40,
gemv,subgroup,q8,32,2048,29912.800,280.4354,148.9813,2813.0,2813.0,2813.0,136.24,
gemv,subgroup,q4,32,2048,21047.950,398.5475,112.0915,2813.0,2813.0,2813.0,136.27,
gemv,subgroup,q8,64,2048,29972.900,279.8731,144.3096,2814.0,2814.0,2814.0,135.75,
gemv,subgroup,q4,64,2048,20957.800,400.2619,106.3196,2813.0,2813.0,2813.0,136.02,
gemv,subgroup,q8,128,2048,30215.400,277.6269,140.9824,2814.0,2814.0,2814.0,135.94,
gemv,subgroup,q4,128,2048,20771.450,403.8528,104.1183,2814.0,2814.0,2814.0,135.97,
gemv,subgroup,q8,256,2048,29674.350,282.6889,142.4487,2814.0,2814.0,2814.0,136.67,
gemv,subgroup,q4,256,2048,20771.450,403.8528,102.5407,2814.0,2814.0,2814.0,136.16,
gemv,subgroup,q8,512,2048,29381.800,285.5035,143.3094,2814.0,2814.0,2814.0,136.31,
gemv,subgroup,q4,512,2048,20675.250,405.7319,102.2254,2813.0,2813.0,2813.0,136.58,
gemv,subgroup,q8,1024,2048,30103.150,278.6621,139.6032,2813.0,2813.0,2813.0,136.11,
gemv,subgroup,q4,1024,2048,20753.400,404.2040,101.4457,2813.0,2813.0,2813.0,136.03,
gemv,subgroup,fp32,0,4096,454954.400,73.7534,147.5068,2814.0,2814.0,2814.0,135.68,
gemv,subgroup,fp16,0,4096,96024.400,349.4365,349.4365,2812.0,2810.0,2814.0,135.72,
gemv,subgroup,q8,32,4096,95719.850,350.5483,186.2288,2814.0,2814.0,2814.0,135.74,
gemv,subgroup,q4,32,4096,84408.350,397.5250,111.8039,2814.0,2814.0,2814.0,135.84,
gemv,subgroup,q8,64,4096,84248.050,398.2814,205.3639,2813.0,2813.0,2813.0,136.29,
gemv,subgroup,q4,64,4096,121947.700,275.1543,73.0879,2811.5,2811.0,2813.0,135.83,
gemv,subgroup,q8,128,4096,88383.900,379.6442,192.7881,2814.0,2814.0,2814.0,135.74,
gemv,subgroup,q4,128,4096,84414.350,397.4968,102.4796,2813.0,2813.0,2813.0,136.30,
gemv,subgroup,q8,256,4096,87921.050,381.6428,192.3122,2814.0,2814.0,2814.0,136.71,
gemv,subgroup,q4,256,4096,84696.900,396.1707,100.5902,2814.0,2814.0,2814.0,135.96,
gemv,subgroup,q8,512,4096,89057.200,376.7739,189.1229,2813.5,2813.0,2814.0,136.55,
gemv,subgroup,q4,512,4096,84540.600,396.9032,100.0010,2813.0,2813.0,2813.0,135.50,
gemv,subgroup,q8,1024,4096,85658.750,391.7222,196.2436,2813.0,2813.0,2813.0,135.99,
gemv,subgroup,q4,1024,4096,84670.850,396.2926,99.4602,2813.0,2813.0,2813.0,135.87,
gemv,subgroup,w8a8,32,256,861.600,152.1263,80.8171,2815.0,2815.0,2815.0,135.83,
gemv,subgroup,w8a8,32,512,1378.600,380.3047,202.0368,2813.0,2813.0,2813.0,135.65,
gemv,subgroup,w8a8,32,1024,4017.600,521.9912,277.3078,2813.0,2813.0,2813.0,135.52,
gemv,subgroup,w8a8,32,2048,14483.500,579.1838,307.6914,2813.0,2813.0,2813.0,135.34,
gemv,subgroup,w8a8,32,4096,33681.950,996.2141,529.2387,2813.0,2813.0,2813.0,135.25,
gemv,subgroup,w8a8,64,256,857.600,152.8358,78.8060,2815.0,2815.0,2815.0,135.24,
gemv,subgroup,w8a8,64,512,1380.600,379.7537,195.8105,2815.0,2815.0,2815.0,135.14,
gemv,subgroup,w8a8,64,1024,4031.650,520.1721,268.2138,2813.0,2813.0,2813.0,135.36,
gemv,subgroup,w8a8,64,2048,13649.900,614.5545,316.8797,2813.0,2813.0,2813.0,135.97,
gemv,subgroup,w8a8,64,4096,34168.900,982.0167,506.3524,2813.0,2813.0,2813.0,137.28,
gemv,subgroup,w8a8,128,256,851.600,153.9126,78.1588,2815.0,2815.0,2815.0,136.96,
gemv,subgroup,w8a8,128,512,1370.600,382.5244,194.2507,2815.0,2815.0,2815.0,136.73,
gemv,subgroup,w8a8,128,1024,4019.600,521.7315,264.9418,2813.0,2813.0,2813.0,136.50,
gemv,subgroup,w8a8,128,2048,14106.800,594.6500,301.9707,2814.0,2814.0,2814.0,136.44,
gemv,subgroup,w8a8,128,4096,32479.700,1033.0893,524.6157,2814.0,2814.0,2814.0,135.45,
gemv,subgroup,w8a8,256,256,849.600,154.2750,77.7401,2814.0,2814.0,2814.0,135.07,
gemv,subgroup,w8a8,256,512,1390.600,377.0229,189.9842,2813.0,2813.0,2813.0,134.79,
gemv,subgroup,w8a8,256,1024,3987.550,525.9249,265.0169,2814.0,2814.0,2814.0,134.91,
gemv,subgroup,w8a8,256,2048,14331.200,585.3388,294.9559,2814.0,2814.0,2814.0,135.33,
gemv,subgroup,w8a8,256,4096,33559.750,999.8415,503.8264,2813.0,2813.0,2813.0,135.40,
gemv,subgroup,w8a8,512,512,1306.450,401.3074,201.4375,2813.0,2813.0,2813.0,135.71,
gemv,subgroup,w8a8,512,1024,3983.550,526.4530,264.2547,2814.0,2814.0,2814.0,135.53,
gemv,subgroup,w8a8,512,2048,14639.800,573.0002,287.6192,2813.0,2813.0,2813.0,135.70,
gemv,subgroup,w8a8,512,4096,32748.200,1024.6191,514.3108,2813.0,2813.0,2813.0,135.92,
gemv,subgroup,w8a8,1024,1024,4003.600,523.8166,262.4198,2813.0,2813.0,2813.0,136.18,
gemv,subgroup,w8a8,1024,2048,14657.850,572.2946,286.7062,2814.0,2814.0,2814.0,136.58,
gemv,subgroup,w8a8,1024,4096,33331.300,1006.6944,504.3303,2814.0,2814.0,2814.0,136.92,
gemv,subgroup,w4a8,32,256,959.800,136.5618,38.4080,2816.0,2816.0,2816.0,136.80,
gemv,subgroup,w4a8,32,512,1070.000,489.9888,137.8093,2813.0,2813.0,2813.0,136.54,
gemv,subgroup,w4a8,32,1024,1781.350,1177.2824,331.1107,2813.0,2813.0,2813.0,136.86,
gemv,subgroup,w4a8,32,2048,6067.500,1382.5477,388.8415,2814.0,2814.0,2814.0,136.70,
gemv,subgroup,w4a8,32,4096,22326.400,1502.9038,422.6917,2814.0,2814.0,2814.0,137.36,
gemv,subgroup,w4a8,64,256,959.800,136.5618,36.2742,2816.0,2816.0,2816.0,137.27,
gemv,subgroup,w4a8,64,512,1072.000,489.0746,129.9104,2815.0,2815.0,2815.0,137.09,
gemv,subgroup,w4a8,64,1024,1751.300,1197.4830,318.0814,2813.0,2813.0,2813.0,136.88,
gemv,subgroup,w4a8,64,2048,5879.150,1426.8403,379.0044,2813.0,2813.0,2813.0,136.26,
gemv,subgroup,w4a8,64,4096,20831.550,1610.7506,427.8556,2813.0,2813.0,2813.0,136.43,
gemv,subgroup,w4a8,128,256,959.800,136.5618,35.2073,2815.0,2815.0,2815.0,136.31,
gemv,subgroup,w4a8,128,512,1066.000,491.8274,126.7992,2815.0,2815.0,2815.0,136.06,
gemv,subgroup,w4a8,128,1024,1737.300,1207.1329,311.2140,2813.0,2813.0,2813.0,136.36,
gemv,subgroup,w4a8,128,2048,5865.100,1430.2583,368.7385,2814.0,2814.0,2814.0,136.87,
gemv,subgroup,w4a8,128,4096,20140.250,1666.0385,429.5256,2813.0,2813.0,2813.0,135.73,
gemv,subgroup,w4a8,256,256,961.800,136.2778,34.6018,2813.0,2813.0,2813.0,135.39,
gemv,subgroup,w4a8,256,512,1070.000,489.9888,124.4112,2813.0,2813.0,2813.0,135.25,
gemv,subgroup,w4a8,256,1024,1719.250,1219.8063,309.7164,2813.0,2813.0,2813.0,135.54,
gemv,subgroup,w4a8,256,2048,5831.050,1438.6102,365.2721,2813.0,2813.0,2813.0,136.23,
gemv,subgroup,w4a8,256,4096,20430.800,1642.3455,417.0018,2813.0,2813.0,2813.0,135.29,
gemv,subgroup,w4a8,512,512,1068.000,490.9064,123.6854,2814.0,2814.0,2814.0,134.87,
gemv,subgroup,w4a8,512,1024,1735.250,1208.5590,304.5002,2814.0,2814.0,2814.0,134.86,
gemv,subgroup,w4a8,512,2048,5863.100,1430.7462,360.4810,2814.0,2814.0,2814.0,134.59,
gemv,subgroup,w4a8,512,4096,20751.400,1616.9720,407.4011,2814.0,2814.0,2814.0,134.88,
gemv,subgroup,w4a8,1024,1024,1719.250,1219.8063,306.1428,2814.0,2814.0,2814.0,135.80,
gemv,subgroup,w4a8,1024,2048,5724.850,1465.2974,367.7553,2813.0,2813.0,2813.0,135.88,
gemv,subgroup,w4a8,1024,4096,21703.200,1546.0592,388.0246,2814.0,2814.0,2814.0,135.80,
gemv,subgroup_vec4,w4a8,32,256,983.850,133.2236,37.4691,2816.0,2816.0,2816.0,135.74,
gemv,subgroup_vec4,w4a8,32,512,1096.050,478.3431,134.5340,2814.0,2814.0,2814.0,135.40,
gemv,subgroup_vec4,w4a8,32,1024,1589.000,1319.7936,371.1919,2814.0,2814.0,2814.0,135.34,
gemv,subgroup_vec4,w4a8,32,2048,3877.350,2163.4900,608.4816,2813.0,2813.0,2813.0,135.78,
gemv,subgroup_vec4,w4a8,32,4096,19619.250,1710.2811,481.0166,2814.0,2814.0,2814.0,135.59,
gemv,subgroup_vec4,w4a8,64,256,983.850,133.2236,35.3875,2816.0,2816.0,2816.0,135.53,
gemv,subgroup_vec4,w4a8,64,512,1096.050,478.3431,127.0599,2815.0,2815.0,2815.0,135.29,
gemv,subgroup_vec4,w4a8,64,1024,1540.900,1360.9916,361.5134,2814.0,2814.0,2814.0,135.38,
gemv,subgroup_vec4,w4a8,64,2048,3650.900,2297.6822,610.3218,2814.0,2814.0,2814.0,136.21,
gemv,subgroup_vec4,w4a8,64,4096,15753.900,2129.9127,565.7581,2814.0,2814.0,2814.0,135.89,
gemv,subgroup_vec4,w4a8,128,256,987.850,132.6841,34.2076,2814.0,2814.0,2814.0,135.61,
gemv,subgroup_vec4,w4a8,128,512,1082.050,484.5321,124.9184,2813.0,2813.0,2813.0,135.50,
gemv,subgroup_vec4,w4a8,128,1024,1532.900,1368.0945,352.7119,2813.0,2813.0,2813.0,136.03,
gemv,subgroup_vec4,w4a8,128,2048,3582.800,2341.3554,603.6307,2814.0,2814.0,2814.0,136.45,
gemv,subgroup_vec4,w4a8,128,4096,15571.550,2154.8550,555.5485,2814.0,2814.0,2814.0,136.45,
gemv,subgroup_vec4,w4a8,256,256,1025.900,127.7629,32.4398,2813.0,2813.0,2813.0,136.08,
gemv,subgroup_vec4,w4a8,256,512,1088.050,481.8602,122.3473,2813.0,2813.0,2813.0,135.85,
gemv,subgroup_vec4,w4a8,256,1024,1514.850,1384.3958,351.5067,2813.0,2813.0,2813.0,136.24,
gemv,subgroup_vec4,w4a8,256,2048,3033.750,2765.0953,702.0750,2813.0,2813.0,2813.0,136.54,
gemv,subgroup_vec4,w4a8,256,4096,15705.800,2136.4357,542.4544,2814.0,2814.0,2814.0,135.85,
gemv,subgroup_vec4,w4a8,512,512,1088.050,481.8602,121.4062,2814.0,2814.0,2814.0,135.94,
gemv,subgroup_vec4,w4a8,512,1024,1518.850,1380.7499,347.8843,2814.0,2814.0,2814.0,136.03,
gemv,subgroup_vec4,w4a8,512,2048,3532.700,2374.5600,598.2778,2814.0,2814.0,2814.0,136.47,
gemv,subgroup_vec4,w4a8,512,4096,15828.050,2119.9347,534.1242,2813.0,2813.0,2813.0,135.91,
gemv,subgroup_vec4,w4a8,1024,1024,1496.800,1401.0903,351.6408,2814.0,2814.0,2814.0,136.28,
gemv,subgroup_vec4,w4a8,1024,2048,3490.600,2403.1994,603.1467,2813.0,2813.0,2813.0,136.10,
gemv,subgroup_vec4,w4a8,1024,4096,15761.900,2128.8317,534.2869,2813.0,2813.0,2813.0,136.89,
gemv_cold,subgroup,fp16,0,2048,39649.300,423.1403,423.1403,2814.0,2814.0,2814.0,136.60,N=4096;weightMB=16.0
gemv_cold,subgroup,q8,32,2048,51964.700,322.8579,171.5183,2816.0,2816.0,2816.0,136.43,N=4096;weightMB=8.5
gemv_cold,subgroup,q4,32,2048,46332.000,362.1086,101.8430,2818.0,2818.0,2818.0,136.42,N=4096;weightMB=4.5
gemv_cold,subgroup,w8a8,32,2048,20807.500,806.3062,428.3502,2820.0,2820.0,2820.0,136.34,N=4096;weightMB=8.5
gemv_cold,subgroup,w4a8,32,2048,14681.850,1142.7181,321.3895,2822.0,2822.0,2822.0,136.29,N=4096;weightMB=4.5
gemv_cold,subgroup_vec4,w4a8,32,2048,10824.550,1549.9227,435.9158,2824.0,2824.0,2824.0,136.38,N=4096;weightMB=4.5
gemv_cold,subgroup,q8,64,2048,51479.800,325.8990,168.0417,2826.0,2826.0,2826.0,136.39,N=4096;weightMB=8.2
gemv_cold,subgroup,q4,64,2048,46855.000,358.0667,95.1115,2827.0,2827.0,2827.0,136.22,N=4096;weightMB=4.2
gemv_cold,subgroup,w8a8,64,2048,22132.050,758.0507,390.8699,2829.0,2829.0,2829.0,136.17,N=4096;weightMB=8.2
gemv_cold,subgroup,w4a8,64,2048,14433.400,1162.3883,308.7594,2831.0,2831.0,2831.0,136.21,N=4096;weightMB=4.2
gemv_cold,subgroup_vec4,w4a8,64,2048,9542.100,1758.2310,467.0301,2832.0,2832.0,2832.0,136.15,N=4096;weightMB=4.2
gemv_cold,subgroup,q8,128,2048,51479.800,325.8990,165.4956,2834.0,2834.0,2834.0,136.10,N=4096;weightMB=8.1
gemv_cold,subgroup,q4,128,2048,46909.100,357.6538,92.2076,2835.0,2835.0,2835.0,136.07,N=4096;weightMB=4.1
gemv_cold,subgroup,w8a8,128,2048,20478.900,819.2440,416.0223,2837.0,2837.0,2837.0,136.07,N=4096;weightMB=8.1
gemv_cold,subgroup,w4a8,128,2048,13527.700,1240.2120,319.7422,2838.0,2838.0,2838.0,136.09,N=4096;weightMB=4.1
gemv_cold,subgroup_vec4,w4a8,128,2048,9488.000,1768.2563,455.8786,2840.0,2840.0,2840.0,136.06,N=4096;weightMB=4.1
gemv_cold,subgroup,q8,256,2048,51756.300,324.1579,163.3452,2839.0,2839.0,2839.0,135.91,N=4096;weightMB=8.1
gemv_cold,subgroup,q4,256,2048,46871.050,357.9441,90.8842,2840.0,2840.0,2840.0,135.98,N=4096;weightMB=4.1
gemv_cold,subgroup,w8a8,256,2048,20813.500,806.0738,406.1856,2842.0,2842.0,2842.0,135.94,N=4096;weightMB=8.1
gemv_cold,subgroup,w4a8,256,2048,13950.500,1202.6247,305.3539,2843.0,2843.0,2843.0,136.00,N=4096;weightMB=4.1
gemv_cold,subgroup_vec4,w4a8,256,2048,9323.700,1799.4161,456.8830,2844.0,2844.0,2844.0,136.08,N=4096;weightMB=4.1
gemv_cold,subgroup,q8,512,2048,51491.800,325.8231,163.5479,2843.0,2843.0,2843.0,135.87,N=4096;weightMB=8.0
gemv_cold,subgroup,q4,512,2048,46732.750,359.0034,90.4520,2844.0,2844.0,2844.0,135.95,N=4096;weightMB=4.0
gemv_cold,subgroup,w8a8,512,2048,21088.050,795.5793,399.3435,2846.0,2846.0,2846.0,135.88,N=4096;weightMB=8.0
gemv_cold,subgroup,w4a8,512,2048,14066.700,1192.6903,300.5020,2847.0,2847.0,2847.0,135.91,N=4096;weightMB=4.0
gemv_cold,subgroup_vec4,w4a8,512,2048,9369.800,1790.5629,451.1379,2848.0,2848.0,2848.0,135.97,N=4096;weightMB=4.0
gemv_cold,subgroup,q8,1024,2048,51814.400,323.7945,162.2134,2849.0,2849.0,2849.0,135.96,N=4096;weightMB=8.0
gemv_cold,subgroup,q4,1024,2048,46945.150,357.3791,89.6938,2850.0,2850.0,2850.0,135.98,N=4096;weightMB=4.0
gemv_cold,subgroup,w8a8,1024,2048,21260.350,789.1317,395.3365,2851.0,2851.0,2851.0,135.92,N=4096;weightMB=8.0
gemv_cold,subgroup,w4a8,1024,2048,14481.500,1158.5275,290.7632,2853.0,2853.0,2853.0,136.01,N=4096;weightMB=4.0
gemv_cold,subgroup_vec4,w4a8,1024,2048,9303.650,1803.2940,452.5845,2854.0,2854.0,2854.0,136.09,N=4096;weightMB=4.0
gemv_cold,subgroup,fp16,0,8192,496212.800,135.2421,135.2421,2839.8,2839.0,2840.0,134.94,N=4096;weightMB=64.0
gemv_cold,subgroup,q8,32,8192,353144.950,190.0321,100.9545,2831.0,2831.0,2831.0,133.87,N=4096;weightMB=34.0
gemv_cold,subgroup,q4,32,8192,149484.000,448.9368,126.2635,2824.0,2824.0,2824.0,133.34,N=4096;weightMB=18.0
gemv_cold,subgroup,w8a8,32,8192,224807.100,298.5175,158.5874,2815.4,2815.0,2816.0,132.89,N=4096;weightMB=34.0
gemv_cold,subgroup,w4a8,32,8192,36082.550,1859.8703,523.0885,2813.0,2813.0,2813.0,132.43,N=4096;weightMB=18.0
gemv_cold,subgroup_vec4,w4a8,32,8192,33225.100,2019.8243,568.0756,2813.0,2813.0,2813.0,132.51,N=4096;weightMB=18.0
gemv_cold,subgroup,q8,64,8192,276128.600,243.0348,125.3148,2814.0,2814.0,2814.0,133.01,N=4096;weightMB=33.0
gemv_cold,subgroup,q4,64,8192,150203.350,446.7867,118.6777,2814.0,2814.0,2814.0,132.79,N=4096;weightMB=17.0
gemv_cold,subgroup,w8a8,64,8192,137479.200,488.1383,251.6963,2813.0,2813.0,2813.0,133.73,N=4096;weightMB=33.0
gemv_cold,subgroup,w4a8,64,8192,31996.750,2097.3650,557.1126,2813.0,2813.0,2813.0,133.41,N=4096;weightMB=17.0
gemv_cold,subgroup_vec4,w4a8,64,8192,26722.750,2511.3008,667.0643,2813.0,2813.0,2813.0,133.23,N=4096;weightMB=17.0
gemv_cold,subgroup,q8,128,8192,204362.250,328.3819,166.7564,2814.0,2814.0,2814.0,133.45,N=4096;weightMB=32.5
gemv_cold,subgroup,q4,128,8192,149814.600,447.9461,115.4861,2814.0,2814.0,2814.0,133.21,N=4096;weightMB=16.5
gemv_cold,subgroup,w8a8,128,8192,89760.500,747.6436,379.6628,2813.0,2813.0,2813.0,133.50,N=4096;weightMB=32.5
gemv_cold,subgroup,w4a8,128,8192,31177.200,2152.4981,554.9409,2813.0,2813.0,2813.0,133.30,N=4096;weightMB=16.5
gemv_cold,subgroup_vec4,w4a8,128,8192,26382.100,2543.7271,655.8047,2813.0,2813.0,2813.0,133.33,N=4096;weightMB=16.5
gemv_cold,subgroup,q8,256,8192,188440.000,356.1286,179.4554,2814.2,2814.0,2815.0,133.55,N=4096;weightMB=32.2
gemv_cold,subgroup,q4,256,8192,149558.150,448.7142,113.9313,2814.7,2814.0,2815.0,133.36,N=4096;weightMB=16.2
gemv_cold,subgroup,w8a8,256,8192,72621.950,924.0851,465.6523,2813.0,2813.0,2813.0,133.63,N=4096;weightMB=32.2
gemv_cold,subgroup,w4a8,256,8192,31614.050,2122.7544,538.9806,2813.0,2813.0,2813.0,133.56,N=4096;weightMB=16.2
gemv_cold,subgroup_vec4,w4a8,256,8192,26111.600,2570.0786,652.5590,2813.0,2813.0,2813.0,133.44,N=4096;weightMB=16.2
gemv_cold,subgroup,q8,512,8192,180248.450,372.3131,186.8837,2813.0,2813.0,2813.0,133.44,N=4096;weightMB=32.1
gemv_cold,subgroup,q4,512,8192,149860.700,447.8083,112.8267,2813.0,2813.0,2813.0,133.54,N=4096;weightMB=16.1
gemv_cold,subgroup,w8a8,512,8192,64163.900,1045.8975,524.9915,2812.7,2812.0,2814.0,134.00,N=4096;weightMB=32.1
gemv_cold,subgroup,w4a8,512,8192,31582.000,2124.9086,535.3774,2813.0,2813.0,2813.0,133.99,N=4096;weightMB=16.1
gemv_cold,subgroup_vec4,w4a8,512,8192,26245.850,2556.9324,644.2271,2813.0,2813.0,2813.0,133.89,N=4096;weightMB=16.1
gemv_cold,subgroup,q8,1024,8192,174026.650,385.6241,193.1886,2814.0,2814.0,2814.0,133.98,N=4096;weightMB=32.1
gemv_cold,subgroup,q4,1024,8192,149812.600,447.9521,112.4255,2814.0,2814.0,2814.0,133.79,N=4096;weightMB=16.1
gemv_cold,subgroup,w8a8,1024,8192,60765.450,1104.3918,553.2744,2813.0,2813.0,2813.0,134.24,N=4096;weightMB=32.1
gemv_cold,subgroup,w4a8,1024,8192,32690.100,2052.8804,515.2249,2813.0,2813.0,2813.0,134.11,N=4096;weightMB=16.1
gemv_cold,subgroup_vec4,w4a8,1024,8192,26057.500,2575.4145,646.3687,2813.0,2813.0,2813.0,134.01,N=4096;weightMB=16.1
gemv_cold,subgroup,fp16,0,32768,1497565.350,179.2479,179.2479,2815.9,2815.0,2817.0,134.53,N=4096;weightMB=256.0
gemv_cold,subgroup,q8,32,32768,1146356.050,234.1641,124.3997,2814.5,2814.0,2815.0,134.56,N=4096;weightMB=136.0
gemv_cold,subgroup,q4,32,32768,1002580.900,267.7444,75.3031,2815.2,2814.0,2816.0,134.78,N=4096;weightMB=72.0
gemv_cold,subgroup,w8a8,32,32768,816004.400,328.9632,174.7617,2814.6,2814.0,2815.0,135.25,N=4096;weightMB=136.0
gemv_cold,subgroup,w4a8,32,32768,429131.350,625.5322,175.9309,2813.0,2813.0,2813.0,135.01,N=4096;weightMB=72.0
gemv_cold,subgroup_vec4,w4a8,32,32768,409480.000,655.5521,184.3740,2814.0,2814.0,2814.0,135.34,N=4096;weightMB=72.0
gemv_cold,subgroup,q8,64,32768,1173926.450,228.6646,117.9052,2811.8,2811.0,2813.0,134.99,N=4096;weightMB=132.0
gemv_cold,subgroup,q4,64,32768,952930.550,281.6947,74.8251,2812.5,2812.0,2813.0,134.55,N=4096;weightMB=68.0
gemv_cold,subgroup,w8a8,64,32768,822873.450,326.2172,168.2057,2814.4,2814.0,2815.0,135.40,N=4096;weightMB=132.0
gemv_cold,subgroup,w4a8,64,32768,389648.300,688.9173,182.9937,2814.0,2814.0,2814.0,134.93,N=4096;weightMB=68.0
gemv_cold,subgroup_vec4,w4a8,64,32768,339527.100,790.6157,210.0073,2809.6,2809.0,2813.0,134.86,N=4096;weightMB=68.0
gemv_cold,subgroup,q8,128,32768,1155206.900,232.3700,118.0004,2814.0,2813.0,2815.0,134.86,N=4096;weightMB=130.0
gemv_cold,subgroup,q4,128,32768,919733.500,291.8622,75.2457,2814.4,2814.0,2815.0,134.68,N=4096;weightMB=66.0
gemv_cold,subgroup,w8a8,128,32768,779855.700,344.2117,174.7950,2814.5,2814.0,2815.0,135.42,N=4096;weightMB=130.0
gemv_cold,subgroup,w4a8,128,32768,384745.000,697.6971,179.8750,2813.9,2813.0,2814.0,134.76,N=4096;weightMB=66.0
gemv_cold,subgroup_vec4,w4a8,128,32768,324189.950,828.0191,213.4737,2813.0,2813.0,2813.0,134.76,N=4096;weightMB=66.0
gemv_cold,subgroup,q8,256,32768,1153485.600,232.7168,117.2674,2814.7,2814.0,2816.0,135.09,N=4096;weightMB=129.0
gemv_cold,subgroup,q4,256,32768,952696.100,281.7640,71.5416,2814.6,2814.0,2815.0,134.59,N=4096;weightMB=65.0
gemv_cold,subgroup,w8a8,256,32768,785554.550,341.7146,172.1921,2814.7,2814.0,2815.0,134.53,N=4096;weightMB=129.0
gemv_cold,subgroup,w4a8,256,32768,379705.400,706.9572,179.5008,2813.6,2813.0,2814.0,134.21,N=4096;weightMB=65.0
gemv_cold,subgroup_vec4,w4a8,256,32768,325197.850,825.4527,209.5876,2814.4,2814.0,2815.0,134.39,N=4096;weightMB=65.0
gemv_cold,subgroup,q8,512,32768,1129281.600,237.7046,119.3166,2809.9,2809.0,2811.0,134.23,N=4096;weightMB=128.5
gemv_cold,subgroup,q4,512,32768,950057.100,282.5467,71.1885,2814.4,2814.0,2815.0,134.53,N=4096;weightMB=64.5
gemv_cold,subgroup,w8a8,512,32768,788009.200,340.6502,170.9904,2809.7,2809.0,2810.0,134.38,N=4096;weightMB=128.5
gemv_cold,subgroup,w4a8,512,32768,379579.200,707.1922,178.1793,2813.6,2813.0,2814.0,134.79,N=4096;weightMB=64.5
gemv_cold,subgroup_vec4,w4a8,512,32768,328037.250,818.3078,206.1752,2814.0,2814.0,2814.0,134.73,N=4096;weightMB=64.5
gemv_cold,subgroup,q8,1024,32768,1161809.450,231.0495,115.7504,2815.3,2814.0,2816.0,135.10,N=4096;weightMB=128.2
gemv_cold,subgroup,q4,1024,32768,951974.750,281.9775,70.7697,2814.1,2813.0,2815.0,134.47,N=4096;weightMB=64.2
gemv_cold,subgroup,w8a8,1024,32768,788464.050,340.4536,170.5593,2815.0,2814.0,2816.0,134.64,N=4096;weightMB=128.2
gemv_cold,subgroup,w4a8,1024,32768,379711.450,706.9459,177.4269,2813.9,2813.0,2814.0,135.44,N=4096;weightMB=64.2
gemv_cold,subgroup_vec4,w4a8,1024,32768,325420.300,824.8885,207.0277,2814.0,2814.0,2814.0,135.47,N=4096;weightMB=64.2
gemm,naive,fp32,0,256,44390.300,755.8956,0.0000,2816.0,2816.0,2816.0,135.29,
gemm,naive,fp32,0,512,261558.950,1026.2905,0.0000,2816.4,2816.0,2817.0,135.39,
gemm,naive,fp32,0,1024,2251353.550,953.8634,0.0000,2815.7,2814.0,2818.0,135.37,
gemm,naive,fp32,0,2048,18471692.400,930.0647,0.0000,2831.9,2819.0,2844.0,132.55,
gemm,naive,fp32,0,4096,260049336.000,528.5111,0.0000,2854.4,2848.0,2860.0,115.88,
gemm,naive,fp16,0,256,43672.950,768.3116,0.0000,2861.0,2861.0,2861.0,113.57,
gemm,naive,fp16,0,512,262212.200,1023.7337,0.0000,2855.2,2855.0,2856.0,113.91,
gemm,naive,fp16,0,1024,2241296.450,958.1435,0.0000,2825.9,2824.0,2827.0,113.07,
gemm,naive,fp16,0,2048,18009674.600,953.9245,0.0000,2827.5,2813.0,2840.0,127.16,
gemm,naive,fp16,0,4096,165612004.500,829.8852,0.0000,2856.1,2849.0,2863.0,120.04,
gemm,tiled,fp32,0,256,14387.300,2332.2258,0.0000,2864.0,2864.0,2864.0,118.58,
gemm,tiled,fp32,0,512,107063.400,2507.2570,0.0000,2865.0,2865.0,2865.0,119.00,
gemm,tiled,fp32,0,1024,759497.050,2827.5076,0.0000,2857.0,2857.0,2857.0,119.48,
gemm,tiled,fp32,0,2048,6274433.500,2738.0749,0.0000,2813.8,2810.0,2817.0,122.50,
gemm,tiled,fp32,0,4096,85033123.800,1616.2990,0.0000,2845.9,2834.0,2857.0,131.71,
gemm,tiled,fp16,0,256,14818.150,2264.4144,0.0000,2858.0,2858.0,2858.0,130.12,
gemm,tiled,fp16,0,512,115218.900,2329.7867,0.0000,2856.5,2856.0,2857.0,130.05,
gemm,tiled,fp16,0,1024,784328.200,2737.9911,0.0000,2825.3,2825.0,2826.0,128.59,
gemm,tiled,fp16,0,2048,6121220.350,2806.6085,0.0000,2819.5,2814.0,2824.0,135.36,
gemm,tiled,fp16,0,4096,49817689.778,2758.8384,0.0000,2839.1,2825.0,2851.0,141.87,
gemm,naive,q8,32,256,67582.400,496.4966,0.0000,2853.0,2853.0,2853.0,144.83,
gemm,naive,q8,32,512,514998.500,521.2354,0.0000,2850.0,2850.0,2850.0,144.36,
gemm,naive,q8,32,1024,3964616.800,541.6623,0.0000,2829.9,2828.0,2832.0,143.78,
gemm,naive,q8,32,2048,32257764.800,532.5809,0.0000,2825.8,2820.0,2829.0,144.15,
gemm,naive,q8,32,4096,264597939.000,519.4256,0.0000,2830.2,2830.0,2831.0,147.64,
gemm,naive,q4,32,256,80484.900,416.9034,0.0000,2831.0,2831.0,2831.0,148.76,
gemm,naive,q4,32,512,609101.300,440.7074,0.0000,2828.8,2828.0,2829.0,148.19,
gemm,naive,q4,32,1024,4747766.800,452.3145,0.0000,2818.6,2815.0,2821.0,146.14,
gemm,naive,q4,32,2048,38302593.846,448.5302,0.0000,2828.1,2821.0,2833.0,143.85,
gemm,naive,q4,32,4096,308136823.000,446.0322,0.0000,2829.9,2829.0,2830.0,146.48,
gemm,tiled,q8,32,256,16753.800,2002.7953,0.0000,2830.0,2830.0,2830.0,147.77,
gemm,tiled,q8,32,512,121943.650,2201.3074,0.0000,2827.7,2827.0,2828.0,147.41,
gemm,tiled,q8,32,1024,841009.900,2553.4582,0.0000,2813.9,2813.0,2815.0,145.22,
gemm,tiled,q8,32,2048,6906949.250,2487.3310,0.0000,2811.3,2810.0,2814.0,141.29,
gemm,tiled,q8,32,4096,57475544.125,2391.2597,0.0000,2795.0,2778.0,2808.0,144.27,
gemm,tiled,q4,32,256,17078.400,1964.7292,0.0000,2814.0,2814.0,2814.0,142.77,
gemm,tiled,q4,32,512,126572.450,2120.8048,0.0000,2813.0,2813.0,2813.0,142.19,
gemm,tiled,q4,32,1024,861961.700,2491.3910,0.0000,2812.7,2812.0,2813.0,138.65,
gemm,tiled,q4,32,2048,6979915.900,2461.3290,0.0000,2813.3,2808.0,2814.0,139.40,
gemm,tiled,q4,32,4096,56918285.375,2414.6714,0.0000,2804.1,2798.0,2811.0,144.18,
gemm,naive,q8,64,256,67307.850,498.5218,0.0000,2813.0,2813.0,2813.0,144.83,
gemm,naive,q8,64,512,513864.300,522.3859,0.0000,2813.3,2813.0,2814.0,144.37,
gemm,naive,q8,64,1024,3954563.700,543.0393,0.0000,2817.8,2815.0,2820.0,143.06,
gemm,naive,q8,64,2048,32230390.133,533.0332,0.0000,2827.0,2821.0,2831.0,143.62,
gemm,naive,q8,64,4096,269503580.000,509.9708,0.0000,2815.8,2811.0,2826.0,146.98,
gemm,naive,q4,64,256,79963.900,419.6198,0.0000,2814.0,2814.0,2814.0,148.19,
gemm,naive,q4,64,512,609724.450,440.2570,0.0000,2813.8,2813.0,2814.0,147.46,
gemm,naive,q4,64,1024,4744071.750,452.6668,0.0000,2817.9,2814.0,2821.0,144.95,
gemm,naive,q4,64,2048,38367788.462,447.7680,0.0000,2827.9,2822.0,2832.0,143.26,
gemm,naive,q4,64,4096,307713178.000,446.6463,0.0000,2792.9,2786.0,2799.0,151.44,
gemm,tiled,q8,64,256,16681.650,2011.4576,0.0000,2814.0,2814.0,2814.0,150.11,
gemm,tiled,q8,64,512,121356.550,2211.9569,0.0000,2813.0,2813.0,2813.0,148.87,
gemm,tiled,q8,64,1024,837741.700,2563.4198,0.0000,2813.8,2813.0,2814.0,146.09,
gemm,tiled,q8,64,2048,6784408.450,2532.2575,0.0000,2814.0,2814.0,2814.0,142.50,
gemm,tiled,q8,64,4096,56357479.875,2438.6994,0.0000,2798.7,2793.0,2807.0,144.04,
gemm,tiled,q4,64,256,17120.500,1959.8979,0.0000,2814.0,2814.0,2814.0,145.75,
gemm,tiled,q4,64,512,127720.650,2101.7389,0.0000,2813.3,2813.0,2814.0,145.04,
gemm,tiled,q4,64,1024,863905.400,2485.7857,0.0000,2806.2,2806.0,2807.0,142.59,
gemm,tiled,q4,64,2048,6915291.100,2484.3306,0.0000,2815.1,2814.0,2816.0,140.16,
gemm,tiled,q4,64,4096,56276030.125,2442.2290,0.0000,2807.1,2804.0,2811.0,144.11,
gemm,naive,q8,128,256,67446.100,497.5000,0.0000,2814.0,2814.0,2814.0,142.93,
gemm,naive,q8,128,512,513561.750,522.6936,0.0000,2814.0,2814.0,2814.0,142.39,
gemm,naive,q8,128,1024,3950656.250,543.5764,0.0000,2816.7,2814.0,2819.0,141.57,
gemm,naive,q8,128,2048,32221557.333,533.1794,0.0000,2826.9,2820.0,2831.0,142.50,
gemm,naive,q8,128,4096,262732955.000,523.1127,0.0000,2828.7,2828.0,2829.0,145.40,
gemm,naive,q4,128,256,122422.600,274.0869,0.0000,2812.0,2811.0,2813.0,143.64,
gemm,naive,q4,128,512,608660.450,441.0266,0.0000,2813.6,2813.0,2814.0,142.00,
gemm,naive,q4,128,1024,4737511.300,453.2936,0.0000,2819.0,2815.0,2823.0,141.20,
gemm,naive,q4,128,2048,38159028.769,450.2177,0.0000,2831.6,2823.0,2838.0,141.45,
gemm,naive,q4,128,4096,307325722.000,447.2094,0.0000,2829.8,2828.0,2830.0,144.34,
gemm,tiled,q8,128,256,16571.450,2024.8338,0.0000,2813.0,2813.0,2813.0,140.62,
gemm,tiled,q8,128,512,121689.200,2205.9103,0.0000,2813.0,2813.0,2813.0,140.22,
gemm,tiled,q8,128,1024,835529.500,2570.2069,0.0000,2813.8,2813.0,2814.0,139.46,
gemm,tiled,q8,128,2048,6708682.550,2560.8410,0.0000,2816.3,2814.0,2818.0,139.49,
gemm,tiled,q8,128,4096,54675020.889,2513.7430,0.0000,2811.0,2807.0,2814.0,144.00,
gemm,tiled,q4,128,256,17152.550,1956.2358,0.0000,2813.0,2813.0,2813.0,138.36,
gemm,tiled,q4,128,512,127295.850,2108.7526,0.0000,2814.0,2814.0,2814.0,137.79,
gemm,tiled,q4,128,1024,860721.350,2494.9813,0.0000,2814.4,2814.0,2815.0,136.33,
gemm,tiled,q4,128,2048,6874217.050,2499.1747,0.0000,2817.3,2815.0,2819.0,137.18,
gemm,tiled,q4,128,4096,55971889.444,2455.4996,0.0000,2812.5,2804.0,2817.0,141.75,
gemm,naive,q8,256,256,67163.600,499.5925,0.0000,2813.0,2813.0,2813.0,133.29,
gemm,naive,q8,256,512,514946.400,521.2881,0.0000,2813.3,2813.0,2814.0,133.21,
gemm,naive,q8,256,1024,3931231.350,546.2623,0.0000,2818.0,2815.0,2821.0,133.87,
gemm,naive,q8,256,2048,32053499.333,535.9748,0.0000,2833.0,2822.0,2839.0,137.46,
gemm,naive,q8,256,4096,272602227.000,504.1740,0.0000,2830.9,2816.0,2843.0,139.75,
gemm,naive,q4,256,256,79511.050,422.0097,0.0000,2813.5,2813.0,2814.0,129.03,
gemm,naive,q4,256,512,608532.200,441.1196,0.0000,2813.7,2813.0,2814.0,129.06,
gemm,naive,q4,256,1024,4716832.000,455.2809,0.0000,2818.0,2814.0,2822.0,129.97,
gemm,naive,q4,256,2048,38002405.000,452.0732,0.0000,2834.1,2822.0,2841.0,135.01,
gemm,naive,q4,256,4096,319982290.000,429.5205,0.0000,2808.3,2794.0,2823.0,135.22,
gemm,tiled,q8,256,256,16699.700,2009.2835,0.0000,2814.0,2814.0,2814.0,126.45,
gemm,tiled,q8,256,512,121208.250,2214.6632,0.0000,2813.0,2813.0,2813.0,126.28,
gemm,tiled,q8,256,1024,831371.600,2583.0611,0.0000,2814.7,2814.0,2815.0,126.61,
gemm,tiled,q8,256,2048,6654132.900,2581.8344,0.0000,2817.6,2815.0,2819.0,128.44,
gemm,tiled,q8,256,4096,56277550.222,2442.1630,0.0000,2802.3,2767.0,2819.0,133.97,
gemm,tiled,q4,256,256,17082.450,1964.2634,0.0000,2814.0,2814.0,2814.0,125.31,
gemm,tiled,q4,256,512,127630.450,2103.2242,0.0000,2813.0,2813.0,2813.0,125.36,
gemm,tiled,q4,256,1024,861689.200,2492.1789,0.0000,2813.6,2813.0,2814.0,125.36,
gemm,tiled,q4,256,2048,6805442.400,2524.4309,0.0000,2819.6,2816.0,2823.0,127.46,
gemm,tiled,q4,256,4096,58145091.375,2363.7241,0.0000,2802.5,2768.0,2824.0,132.24,
gemm,naive,q8,512,512,513990.550,522.2576,0.0000,2780.5,2780.0,2781.0,136.35,
gemm,naive,q8,512,1024,3936657.650,545.5094,0.0000,2818.3,2815.0,2821.0,139.52,
gemm,naive,q8,512,2048,31743908.467,541.2021,0.0000,2836.5,2821.0,2848.0,143.05,
gemm,naive,q8,512,4096,260587238.000,527.4201,0.0000,2842.3,2840.0,2844.0,146.00,
gemm,naive,q4,512,512,608440.000,441.1864,0.0000,2788.1,2787.0,2789.0,137.63,
gemm,naive,q4,512,1024,4716657.700,455.2978,0.0000,2817.7,2814.0,2821.0,139.52,
gemm,naive,q4,512,2048,37868775.692,453.6685,0.0000,2832.7,2821.0,2847.0,142.98,
gemm,naive,q4,512,4096,305026954.000,450.5797,0.0000,2844.8,2843.0,2846.0,147.06,
gemm,tiled,q8,512,512,120514.950,2227.4038,0.0000,2787.0,2787.0,2787.0,138.21,
gemm,tiled,q8,512,1024,829383.800,2589.2520,0.0000,2814.6,2814.0,2815.0,139.08,
gemm,tiled,q8,512,2048,6678617.450,2572.3691,0.0000,2815.6,2815.0,2817.0,140.54,
gemm,tiled,q8,512,4096,53931283.333,2548.4087,0.0000,2814.2,2813.0,2818.0,145.09,
gemm,tiled,q4,512,512,127317.900,2108.3874,0.0000,2788.0,2788.0,2788.0,137.89,
gemm,tiled,q4,512,1024,865113.700,2482.3138,0.0000,2813.6,2813.0,2814.0,138.98,
gemm,tiled,q4,512,2048,6957224.800,2469.3566,0.0000,2815.1,2813.0,2816.0,140.05,
gemm,tiled,q4,512,4096,55315691.556,2484.6287,0.0000,2821.1,2820.0,2822.0,145.92,
gemm,naive,q8,1024,1024,4036174.750,532.0591,0.0000,2792.9,2791.0,2794.0,141.44,
gemm,naive,q8,1024,2048,31697195.667,541.9997,0.0000,2836.6,2821.0,2850.0,144.89,
gemm,naive,q8,1024,4096,260180305.000,528.2450,0.0000,2844.9,2841.0,2849.0,149.31,
gemm,naive,q4,1024,1024,4720450.900,454.9319,0.0000,2790.8,2786.0,2796.0,138.86,
gemm,naive,q4,1024,2048,37670756.385,456.0532,0.0000,2838.1,2822.0,2852.0,143.42,
gemm,naive,q4,1024,4096,306664786.000,448.1732,0.0000,2837.2,2836.0,2838.0,147.47,
gemm,tiled,q8,1024,1024,868680.500,2472.1214,0.0000,2787.8,2787.0,2788.0,136.99,
gemm,tiled,q8,1024,2048,6883470.650,2495.8150,0.0000,2811.1,2805.0,2814.0,139.44,
gemm,tiled,q8,1024,4096,53710744.333,2558.8726,0.0000,2811.4,2809.0,2814.0,144.76,
gemm,tiled,q4,1024,1024,862442.650,2490.0017,0.0000,2769.9,2769.0,2771.0,135.22,
gemm,tiled,q4,1024,2048,6864051.750,2502.8758,0.0000,2816.3,2814.0,2818.0,139.50,
gemm,tiled,q4,1024,4096,55941761.111,2456.8221,0.0000,2808.7,2803.0,2814.0,142.82,
gemm,coopmat,fp16,0,256,5915.200,5672.5778,0.0000,2813.0,2813.0,2813.0,144.24,
gemm,coopmat,fp16,0,512,61094.050,4393.8069,0.0000,2813.0,2813.0,2813.0,143.43,
gemm,coopmat,fp16,0,1024,369672.350,5809.1541,0.0000,2813.7,2813.0,2814.0,139.12,
gemm,coopmat,fp16,0,2048,3344708.950,5136.4317,0.0000,2816.9,2814.0,2820.0,136.53,
gemm,coopmat,fp16,0,4096,32678426.500,4205.8008,0.0000,2837.3,2822.0,2851.0,136.24,
gemm,coopmat,q8,0,256,4564.650,7350.9321,0.0000,2852.0,2852.0,2852.0,136.96,
gemm,coopmat,q8,0,512,28419.950,9445.3177,0.0000,2853.0,2853.0,2853.0,137.09,
gemm,coopmat,q8,0,1024,358132.450,5996.3392,0.0000,2843.0,2843.0,2843.0,136.44,
gemm,coopmat,q8,0,2048,2342861.450,7332.8575,0.0000,2814.5,2813.0,2816.0,136.25,
gemm,coopmat,q8,0,4096,29229230.875,4702.1064,0.0000,2796.1,2770.0,2818.0,137.71,
gemm,wmma_reg32,fp16,0,256,6374.100,5264.1835,0.0000,2820.0,2820.0,2820.0,138.11,tile=32x32x16 waves=64 ai=16 strideA=512B strideB=512B
gemm,wmma_reg32,fp16,0,512,20494.900,13097.6709,0.0000,2818.0,2818.0,2818.0,137.82,tile=32x32x16 waves=256 ai=16 strideA=1024B strideB=1024B
gemm,wmma_reg32,fp16,0,1024,292623.950,7338.7146,0.0000,2813.0,2813.0,2813.0,136.31,tile=32x32x16 waves=1024 ai=16 strideA=2048B strideB=2048B
gemm,wmma_reg32,fp16,0,2048,1346167.700,12762.0572,0.0000,2745.8,2745.0,2746.0,136.56,tile=32x32x16 waves=4096 ai=16 strideA=4096B strideB=4096B
gemm,wmma_reg32,fp16,0,4096,11117112.650,12362.8282,0.0000,2750.7,2749.0,2753.0,138.91,tile=32x32x16 waves=16384 ai=16 strideA=8192B strideB=8192B
gemm,wmma_reg64,fp16,0,256,10804.500,3105.5979,0.0000,2736.0,2736.0,2736.0,136.04,tile=64x64x16 waves=16 ai=32 strideA=512B strideB=512B
gemm,wmma_reg64,fp16,0,512,21649.100,12399.3818,0.0000,2739.0,2739.0,2739.0,137.06,tile=64x64x16 waves=64 ai=32 strideA=1024B strideB=1024B
gemm,wmma_reg64,fp16,0,1024,96060.500,22355.5327,0.0000,2750.0,2750.0,2750.0,136.56,tile=64x64x16 waves=256 ai=32 strideA=2048B strideB=2048B
gemm,wmma_reg64,fp16,0,2048,853487.600,20129.0203,0.0000,2766.2,2766.0,2767.0,137.14,tile=64x64x16 waves=1024 ai=32 strideA=4096B strideB=4096B
gemm,wmma_reg64,fp16,0,4096,5612604.000,24487.5558,0.0000,2806.2,2799.0,2813.0,135.14,tile=64x64x16 waves=4096 ai=32 strideA=8192B strideB=8192B
gemm,wmma_reg64_bt,fp16,0,256,8311.750,4036.9876,0.0000,2813.0,2813.0,2813.0,136.92,tile=64x64x16 waves=16 ai=32 strideA=512B strideB=512B
gemm,wmma_reg64_bt,fp16,0,512,18258.650,14701.8238,0.0000,2813.0,2813.0,2813.0,136.37,tile=64x64x16 waves=64 ai=32 strideA=1024B strideB=1024B
gemm,wmma_reg64_bt,fp16,0,1024,195152.750,11004.1168,0.0000,2813.2,2813.0,2814.0,135.01,tile=64x64x16 waves=256 ai=32 strideA=2048B strideB=2048B
gemm,wmma_reg64_bt,fp16,0,2048,2468558.250,6959.4749,0.0000,2816.5,2814.0,2818.0,132.71,tile=64x64x16 waves=1024 ai=32 strideA=4096B strideB=4096B
gemm,wmma_reg64_bt,fp16,0,4096,16005208.050,8587.1395,0.0000,2829.7,2818.0,2840.0,131.61,tile=64x64x16 waves=4096 ai=32 strideA=8192B strideB=8192B
gemm,wmma_reg64x128,fp16,0,256,20899.700,1605.4983,0.0000,2840.0,2840.0,2840.0,128.85,tile=64x128x16 waves=8 ai=43 strideA=512B strideB=512B
gemm,wmma_reg64x128,fp16,0,512,39134.350,6859.3309,0.0000,2834.0,2834.0,2834.0,128.72,tile=64x128x16 waves=32 ai=43 strideA=1024B strideB=1024B
gemm,wmma_reg64x128,fp16,0,1024,114705.900,18721.6494,0.0000,2813.0,2813.0,2813.0,129.51,tile=64x128x16 waves=128 ai=43 strideA=2048B strideB=2048B
gemm,wmma_reg64x128,fp16,0,2048,865782.950,19843.1595,0.0000,2814.5,2814.0,2815.0,133.59,tile=64x128x16 waves=512 ai=43 strideA=4096B strideB=4096B
gemm,wmma_reg64x128,fp16,0,4096,5412203.250,25394.2705,0.0000,2818.1,2815.0,2822.0,136.05,tile=64x128x16 waves=2048 ai=43 strideA=8192B strideB=8192B
gemm,wmma_reg64_bt_k64,fp16,0,256,8231.600,4076.2953,0.0000,2817.0,2817.0,2817.0,136.88,tile=64x64x64 waves=16 ai=32 strideA=512B strideB=512B
gemm,wmma_reg64_bt_k64,fp16,0,512,18511.150,14501.2847,0.0000,2814.0,2814.0,2814.0,136.64,tile=64x64x64 waves=64 ai=32 strideA=1024B strideB=1024B
gemm,wmma_reg64_bt_k64,fp16,0,1024,162819.350,13189.3638,0.0000,2813.0,2813.0,2813.0,136.09,tile=64x64x64 waves=256 ai=32 strideA=2048B strideB=2048B
gemm,wmma_reg64_bt_k64,fp16,0,2048,2421522.900,7094.6548,0.0000,2816.1,2814.0,2818.0,133.80,tile=64x64x64 waves=1024 ai=32 strideA=4096B strideB=4096B
gemm,wmma_reg64_bt_k64,fp16,0,4096,15735876.350,8734.1150,0.0000,2828.0,2816.0,2839.0,132.49,tile=64x64x64 waves=4096 ai=32 strideA=8192B strideB=8192B
gemm,wmma_wg128,fp16,0,256,11151.150,3009.0557,0.0000,2834.0,2834.0,2834.0,129.42,tile=128x128x16 waves=16 ai=64 strideA=512B strideB=512B
gemm,wmma_wg128,fp16,0,512,20617.150,13020.0079,0.0000,2831.0,2831.0,2831.0,129.33,tile=128x128x16 waves=64 ai=64 strideA=1024B strideB=1024B
gemm,wmma_wg128,fp16,0,1024,100639.200,21338.4412,0.0000,2813.0,2813.0,2813.0,129.77,tile=128x128x16 waves=256 ai=64 strideA=2048B strideB=2048B
gemm,wmma_wg128,fp16,0,2048,840282.500,20445.3493,0.0000,2805.1,2804.0,2806.0,133.75,tile=128x128x16 waves=1024 ai=64 strideA=4096B strideB=4096B
gemm,wmma_wg128,fp16,0,4096,5882931.600,23362.3239,0.0000,2808.6,2803.0,2813.0,137.42,tile=128x128x16 waves=4096 ai=64 strideA=8192B strideB=8192B
gemm,wmma_wg128x256,fp16,0,256,21318.500,1573.9584,0.0000,2813.0,2813.0,2813.0,137.84,tile=128x256x16 waves=8 ai=85 strideA=512B strideB=512B
gemm,wmma_wg128x256,fp16,0,512,40202.350,6677.1086,0.0000,2814.0,2814.0,2814.0,137.57,tile=128x256x16 waves=32 ai=85 strideA=1024B strideB=1024B
gemm,wmma_wg128x256,fp16,0,1024,113255.150,18961.4658,0.0000,2814.0,2814.0,2814.0,136.08,tile=128x256x16 waves=128 ai=85 strideA=2048B strideB=2048B
gemm,wmma_wg128x256,fp16,0,2048,756150.650,22720.1672,0.0000,2815.0,2814.0,2816.0,134.65,tile=128x256x16 waves=512 ai=85 strideA=4096B strideB=4096B
gemm,wmma_wg128x256,fp16,0,4096,5417405.100,25369.8867,0.0000,2818.1,2814.0,2822.0,136.50,tile=128x256x16 waves=2048 ai=85 strideA=8192B strideB=8192B
gemm,wmma_lds128,fp16,0,256,20595.100,1629.2435,0.0000,2815.0,2815.0,2815.0,137.16,tile=128x128x16 waves=16 ai=64 strideA=512B strideB=512B
gemm,wmma_lds128,fp16,0,512,41727.250,6433.0972,0.0000,2813.0,2813.0,2813.0,136.66,tile=128x128x16 waves=64 ai=64 strideA=1024B strideB=1024B
gemm,wmma_lds128,fp16,0,1024,145436.300,14765.8023,0.0000,2814.0,2814.0,2814.0,136.09,tile=128x128x16 waves=256 ai=64 strideA=2048B strideB=2048B
gemm,wmma_lds128,fp16,0,2048,1060026.050,16207.0255,0.0000,2814.6,2814.0,2815.0,135.53,tile=128x128x16 waves=1024 ai=64 strideA=4096B strideB=4096B
gemm,wmma_lds128,fp16,0,4096,8014519.650,17148.7450,0.0000,2821.8,2815.0,2828.0,133.25,tile=128x128x16 waves=4096 ai=64 strideA=8192B strideB=8192B
gemm,wmma_lds128_db,fp16,0,256,18937.950,1771.8091,0.0000,2823.0,2823.0,2823.0,131.56,tile=128x128x16 waves=16 ai=64 strideA=512B strideB=512B
gemm,wmma_lds128_db,fp16,0,512,37699.600,7120.3794,0.0000,2821.0,2821.0,2821.0,131.33,tile=128x128x16 waves=64 ai=64 strideA=1024B strideB=1024B
gemm,wmma_lds128_db,fp16,0,1024,134140.850,16009.1698,0.0000,2809.0,2809.0,2809.0,132.55,tile=128x128x16 waves=256 ai=64 strideA=2048B strideB=2048B
gemm,wmma_lds128_db,fp16,0,2048,992289.350,17313.3665,0.0000,2815.2,2814.0,2816.0,134.59,tile=128x128x16 waves=1024 ai=64 strideA=4096B strideB=4096B
gemm,wmma_lds128_db,fp16,0,4096,6466660.700,21253.4660,0.0000,2820.6,2815.0,2826.0,135.13,tile=128x128x16 waves=4096 ai=64 strideA=8192B strideB=8192B
gemm,wmma_lds128_db_bt,fp16,0,256,20264.500,1655.8233,0.0000,2819.0,2819.0,2819.0,135.04,tile=128x128x16 waves=16 ai=64 strideA=512B strideB=512B
gemm,wmma_lds128_db_bt,fp16,0,512,40394.750,6645.3055,0.0000,2814.0,2814.0,2814.0,134.76,tile=128x128x16 waves=64 ai=64 strideA=1024B strideB=1024B
gemm,wmma_lds128_db_bt,fp16,0,1024,163556.750,13129.8992,0.0000,2813.0,2813.0,2813.0,134.39,tile=128x128x16 waves=256 ai=64 strideA=2048B strideB=2048B
gemm,wmma_lds128_db_bt,fp16,0,2048,1377892.000,12468.2262,0.0000,2814.0,2813.0,2815.0,135.22,tile=128x128x16 waves=1024 ai=64 strideA=4096B strideB=4096B
gemm,wmma_lds128_db_bt,fp16,0,4096,10376445.350,13245.2828,0.0000,2813.2,2804.0,2822.0,133.21,tile=128x128x16 waves=4096 ai=64 strideA=8192B strideB=8192B
gemm,wmma_lds128k32_db_bt,fp16,0,256,28778.650,1165.9488,0.0000,2813.0,2813.0,2813.0,131.39,tile=128x128x32 waves=16 ai=64 strideA=512B strideB=512B
gemm,wmma_lds128k32_db_bt,fp16,0,512,57853.900,4639.8852,0.0000,2814.0,2814.0,2814.0,131.85,tile=128x128x32 waves=64 ai=64 strideA=1024B strideB=1024B
gemm,wmma_lds128k32_db_bt,fp16,0,1024,215563.550,9962.1835,0.0000,2803.2,2800.0,2813.0,133.05,tile=128x128x32 waves=256 ai=64 strideA=2048B strideB=2048B
gemm,wmma_lds128k32_db_bt,fp16,0,2048,1678857.850,10233.0696,0.0000,2814.9,2813.0,2816.0,134.42,tile=128x128x32 waves=1024 ai=64 strideA=4096B strideB=4096B
gemm,wmma_lds128k32_db_bt,fp16,0,4096,11148592.450,12327.9198,0.0000,2824.9,2816.0,2833.0,132.46,tile=128x128x32 waves=4096 ai=64 strideA=8192B strideB=8192B
gemm,wmma_lds256x128_db_bt,fp16,0,256,33371.400,1005.4847,0.0000,2819.0,2819.0,2819.0,129.38,tile=256x128x16 waves=8 ai=85 strideA=512B strideB=512B
gemm,wmma_lds256x128_db_bt,fp16,0,512,66921.150,4011.2200,0.0000,2813.0,2813.0,2813.0,129.16,tile=256x128x16 waves=32 ai=85 strideA=1024B strideB=1024B
gemm,wmma_lds256x128_db_bt,fp16,0,1024,200116.200,10731.1834,0.0000,2813.0,2813.0,2813.0,132.22,tile=256x128x16 waves=128 ai=85 strideA=2048B strideB=2048B
gemm,wmma_lds256x128_db_bt,fp16,0,2048,1170808.550,14673.5085,0.0000,2814.7,2814.0,2816.0,134.39,tile=256x128x16 waves=512 ai=85 strideA=4096B strideB=4096B
gemm,wmma_lds256x128_db_bt,fp16,0,4096,10775988.500,12754.1852,0.0000,2825.1,2817.0,2833.0,131.82,tile=256x128x16 waves=2048 ai=85 strideA=8192B strideB=8192B
gemm,wmma_reg64_bt_pad8,fp16,0,256,9177.400,3656.2024,0.0000,2835.0,2835.0,2835.0,129.62,tile=64x64x16 waves=16 ai=32 strideA=512B strideB=528B
gemm,wmma_reg64_bt_pad8,fp16,0,512,19847.700,13524.7639,0.0000,2830.0,2830.0,2830.0,129.38,tile=64x64x16 waves=64 ai=32 strideA=1024B strideB=1040B
gemm,wmma_reg64_bt_pad8,fp16,0,1024,132988.650,16147.8716,0.0000,2813.0,2813.0,2813.0,130.65,tile=64x64x16 waves=256 ai=32 strideA=2048B strideB=2064B
gemm,wmma_reg64_bt_pad8,fp16,0,2048,1621346.550,10596.0500,0.0000,2815.1,2814.0,2816.0,134.98,tile=64x64x16 waves=1024 ai=32 strideA=4096B strideB=4112B
gemm,wmma_reg64_bt_pad8,fp16,0,4096,11660511.100,11786.7006,0.0000,2824.9,2816.0,2833.0,135.24,tile=64x64x16 waves=4096 ai=32 strideA=8192B strideB=8208B
gemm,wmma_reg64_bt_pad64,fp16,0,256,8181.500,4101.2567,0.0000,2835.0,2835.0,2835.0,134.68,tile=64x64x16 waves=16 ai=32 strideA=512B strideB=640B
gemm,wmma_reg64_bt_pad64,fp16,0,512,16972.200,15816.1851,0.0000,2830.0,2830.0,2830.0,134.29,tile=64x64x16 waves=64 ai=32 strideA=1024B strideB=1152B
gemm,wmma_reg64_bt_pad64,fp16,0,1024,123991.550,17319.5968,0.0000,2814.0,2814.0,2814.0,135.22,tile=64x64x16 waves=256 ai=32 strideA=2048B strideB=2176B
gemm,wmma_reg64_bt_pad64,fp16,0,2048,1503530.700,11426.3508,0.0000,2815.6,2814.0,2817.0,135.77,tile=64x64x16 waves=1024 ai=32 strideA=4096B strideB=4224B
gemm,wmma_reg64_bt_pad64,fp16,0,4096,10540847.700,13038.7002,0.0000,2824.1,2816.0,2832.0,135.90,tile=64x64x16 waves=4096 ai=32 strideA=8192B strideB=8320B
gemm,wmma_reg64_bt_pad128,fp16,0,256,8207.550,4088.2397,0.0000,2834.0,2834.0,2834.0,135.74,tile=64x64x16 waves=16 ai=32 strideA=512B strideB=768B
gemm,wmma_reg64_bt_pad128,fp16,0,512,16886.050,15896.8768,0.0000,2826.0,2826.0,2826.0,135.34,tile=64x64x16 waves=64 ai=32 strideA=1024B strideB=1280B
gemm,wmma_reg64_bt_pad128,fp16,0,1024,123418.450,17400.0212,0.0000,2813.0,2813.0,2813.0,135.27,tile=64x64x16 waves=256 ai=32 strideA=2048B strideB=2304B
gemm,wmma_reg64_bt_pad128,fp16,0,2048,1514469.500,11343.8199,0.0000,2815.2,2814.0,2816.0,135.67,tile=64x64x16 waves=1024 ai=32 strideA=4096B strideB=4352B
gemm,wmma_reg64_bt_pad128,fp16,0,4096,9834201.100,13975.6094,0.0000,2823.9,2816.0,2831.0,136.24,tile=64x64x16 waves=4096 ai=32 strideA=8192B strideB=8448B
gemm,wmma_reg64_bt_pad256,fp16,0,256,8293.750,4045.7491,0.0000,2833.0,2833.0,2833.0,136.54,tile=64x64x16 waves=16 ai=32 strideA=512B strideB=1024B
gemm,wmma_reg64_bt_pad256,fp16,0,512,17308.850,15508.5668,0.0000,2826.0,2826.0,2826.0,135.99,tile=64x64x16 waves=64 ai=32 strideA=1024B strideB=1536B
gemm,wmma_reg64_bt_pad256,fp16,0,1024,126287.900,17004.6667,0.0000,2808.5,2808.0,2809.0,135.78,tile=64x64x16 waves=256 ai=32 strideA=2048B strideB=2560B
gemm,wmma_reg64_bt_pad256,fp16,0,2048,1520987.850,11295.2047,0.0000,2814.7,2813.0,2816.0,136.05,tile=64x64x16 waves=1024 ai=32 strideA=4096B strideB=4608B
gemm,wmma_reg64_bt_pad256,fp16,0,4096,10390237.550,13227.7008,0.0000,2825.1,2817.0,2833.0,136.69,tile=64x64x16 waves=4096 ai=32 strideA=8192B strideB=8704B
gemm,wmma_reg64_bt_pad512,fp16,0,256,8165.500,4109.2930,0.0000,2834.0,2834.0,2834.0,136.52,tile=64x64x16 waves=16 ai=32 strideA=512B strideB=1536B
gemm,wmma_reg64_bt_pad512,fp16,0,512,19176.400,13998.2195,0.0000,2827.0,2827.0,2827.0,135.98,tile=64x64x16 waves=64 ai=32 strideA=1024B strideB=2048B
gemm,wmma_reg64_bt_pad512,fp16,0,1024,140258.450,15310.9039,0.0000,2814.0,2814.0,2814.0,135.88,tile=64x64x16 waves=256 ai=32 strideA=2048B strideB=3072B
gemm,wmma_reg64_bt_pad512,fp16,0,2048,1920248.450,8946.6908,0.0000,2815.5,2814.0,2817.0,135.34,tile=64x64x16 waves=1024 ai=32 strideA=4096B strideB=5120B
gemm,wmma_reg64_bt_pad512,fp16,0,4096,11831798.550,11616.0661,0.0000,2825.9,2817.0,2834.0,135.69,tile=64x64x16 waves=4096 ai=32 strideA=8192B strideB=9216B
gemm,wmma_reg64_bt_pad1024,fp16,0,256,8231.600,4076.2953,0.0000,2834.0,2834.0,2834.0,134.73,tile=64x64x16 waves=16 ai=32 strideA=512B strideB=2560B
gemm,wmma_reg64_bt_pad1024,fp16,0,512,18433.000,14562.7655,0.0000,2827.0,2827.0,2827.0,134.18,tile=64x64x16 waves=64 ai=32 strideA=1024B strideB=3072B
gemm,wmma_reg64_bt_pad1024,fp16,0,1024,200174.300,10728.0687,0.0000,2813.0,2813.0,2813.0,134.17,tile=64x64x16 waves=256 ai=32 strideA=2048B strideB=4096B
gemm,wmma_reg64_bt_pad1024,fp16,0,2048,2551834.500,6732.3603,0.0000,2816.4,2814.0,2819.0,134.35,tile=64x64x16 waves=1024 ai=32 strideA=4096B strideB=6144B
gemm,wmma_reg64_bt_pad1024,fp16,0,4096,13993465.750,9821.6522,0.0000,2827.4,2817.0,2837.0,134.00,tile=64x64x16 waves=4096 ai=32 strideA=8192B strideB=10240B
gemm,wmma_reg64_bt_pad2048,fp16,0,256,8215.600,4084.2339,0.0000,2836.0,2836.0,2836.0,132.13,tile=64x64x16 waves=16 ai=32 strideA=512B strideB=4608B
gemm,wmma_reg64_bt_pad2048,fp16,0,512,18300.750,14668.0030,0.0000,2827.0,2827.0,2827.0,131.56,tile=64x64x16 waves=64 ai=32 strideA=1024B strideB=5120B
gemm,wmma_reg64_bt_pad2048,fp16,0,1024,192105.000,11178.6973,0.0000,2813.0,2813.0,2813.0,133.83,tile=64x64x16 waves=256 ai=32 strideA=2048B strideB=6144B
gemm,wmma_reg64_bt_pad2048,fp16,0,2048,2444955.400,7026.6595,0.0000,2815.6,2814.0,2818.0,134.29,tile=64x64x16 waves=1024 ai=32 strideA=4096B strideB=8192B
gemm,wmma_reg64_bt_pad2048,fp16,0,4096,14859483.200,9249.2418,0.0000,2828.0,2817.0,2838.0,133.48,tile=64x64x16 waves=4096 ai=32 strideA=8192B strideB=12288B
gemm,wmma_reg64_pad64,fp16,0,256,10726.350,3128.2246,0.0000,2839.0,2839.0,2839.0,132.02,tile=64x64x16 waves=16 ai=32 strideA=512B strideB=640B
gemm,wmma_reg64_pad64,fp16,0,512,20152.250,13320.3715,0.0000,2838.0,2838.0,2838.0,131.95,tile=64x64x16 waves=64 ai=32 strideA=1024B strideB=1152B
gemm,wmma_reg64_pad64,fp16,0,1024,92754.200,23152.4141,0.0000,2814.0,2814.0,2814.0,132.27,tile=64x64x16 waves=256 ai=32 strideA=2048B strideB=2176B
gemm,wmma_reg64_pad64,fp16,0,2048,872068.900,19700.1283,0.0000,2814.8,2814.0,2816.0,135.34,tile=64x64x16 waves=1024 ai=32 strideA=4096B strideB=4224B
gemm,wmma_reg64_pad64,fp16,0,4096,5775275.050,23797.8195,0.0000,2811.2,2809.0,2814.0,138.62,tile=64x64x16 waves=4096 ai=32 strideA=8192B strideB=8320B
gemm,wmma_lds128_db_bt_pad64,fp16,0,256,26728.750,1255.3685,0.0000,2814.0,2814.0,2814.0,139.81,tile=128x128x16 waves=16 ai=64 strideA=512B strideB=640B
gemm,wmma_lds128_db_bt_pad64,fp16,0,512,40250.450,6669.1293,0.0000,2813.0,2813.0,2813.0,139.08,tile=128x128x16 waves=64 ai=64 strideA=1024B strideB=1152B
gemm,wmma_lds128_db_bt_pad64,fp16,0,1024,141528.900,15173.4639,0.0000,2813.0,2813.0,2813.0,138.06,tile=128x128x16 waves=256 ai=64 strideA=2048B strideB=2176B
gemm,wmma_lds128_db_bt_pad64,fp16,0,2048,1014367.300,16936.5369,0.0000,2814.3,2813.0,2815.0,137.07,tile=128x128x16 waves=1024 ai=64 strideA=4096B strideB=4224B
gemm,wmma_lds128_db_bt_pad64,fp16,0,4096,6678046.350,20580.7127,0.0000,2820.7,2815.0,2826.0,136.88,tile=128x128x16 waves=4096 ai=64 strideA=8192B strideB=8320B
gemm,wmma_reg64_bt_k64_pad128,fp16,0,256,7858.900,4269.6092,0.0000,2821.0,2821.0,2821.0,136.77,tile=64x64x64 waves=16 ai=32 strideA=512B strideB=768B
gemm,wmma_reg64_bt_k64_pad128,fp16,0,512,15966.300,16812.6276,0.0000,2814.0,2814.0,2814.0,136.19,tile=64x64x64 waves=64 ai=32 strideA=1024B strideB=1280B
gemm,wmma_reg64_bt_k64_pad128,fp16,0,1024,111886.550,19193.4030,0.0000,2814.0,2814.0,2814.0,136.38,tile=64x64x64 waves=256 ai=32 strideA=2048B strideB=2304B
gemm,wmma_reg64_bt_k64_pad128,fp16,0,2048,1490540.000,11525.9364,0.0000,2815.1,2814.0,2816.0,135.85,tile=64x64x64 waves=1024 ai=32 strideA=4096B strideB=4352B
gemm,wmma_reg64_bt_k64_pad128,fp16,0,4096,9711431.800,14152.2853,0.0000,2824.0,2816.0,2831.0,137.18,tile=64x64x64 waves=4096 ai=32 strideA=8192B strideB=8448B
gemm,wmma_reg64_pada128,fp16,0,256,9496.000,3533.5333,0.0000,2831.0,2831.0,2831.0,136.97,tile=64x64x16 waves=16 ai=32 strideA=768B strideB=512B
gemm,wmma_reg64_pada128,fp16,0,512,19825.650,13539.8061,0.0000,2826.0,2826.0,2826.0,136.52,tile=64x64x16 waves=64 ai=32 strideA=1280B strideB=1024B
gemm,wmma_reg64_pada128,fp16,0,1024,87223.700,24620.4145,0.0000,2813.0,2813.0,2813.0,136.16,tile=64x64x16 waves=256 ai=32 strideA=2304B strideB=2048B
gemm,wmma_reg64_pada128,fp16,0,2048,615886.150,27894.5535,0.0000,2812.8,2812.0,2813.0,136.82,tile=64x64x16 waves=1024 ai=32 strideA=4352B strideB=4096B
gemm,wmma_reg64_pada128,fp16,0,4096,5617443.200,24466.4607,0.0000,2803.8,2797.0,2812.0,138.37,tile=64x64x16 waves=4096 ai=32 strideA=8448B strideB=8192B
gemm,wmma_reg64x128_pada128,fp16,0,256,19617.250,1710.4554,0.0000,2814.0,2814.0,2814.0,139.61,tile=64x128x16 waves=8 ai=43 strideA=768B strideB=512B
gemm,wmma_reg64x128_pada128,fp16,0,512,38681.450,6939.6431,0.0000,2813.0,2813.0,2813.0,139.12,tile=64x128x16 waves=32 ai=43 strideA=1280B strideB=1024B
gemm,wmma_reg64x128_pada128,fp16,0,1024,109498.000,19612.0810,0.0000,2813.0,2813.0,2813.0,137.89,tile=64x128x16 waves=128 ai=43 strideA=2304B strideB=2048B
gemm,wmma_reg64x128_pada128,fp16,0,2048,708975.050,24231.9799,0.0000,2813.9,2813.0,2814.0,136.58,tile=64x128x16 waves=512 ai=43 strideA=4352B strideB=4096B
gemm,wmma_reg64x128_pada128,fp16,0,4096,5233551.800,26261.1241,0.0000,2815.0,2814.0,2817.0,138.06,tile=64x128x16 waves=2048 ai=43 strideA=8448B strideB=8192B
gemm,wmma_wg128x256_pada128,fp16,0,256,20064.100,1672.3617,0.0000,2813.0,2813.0,2813.0,138.37,tile=128x256x16 waves=8 ai=85 strideA=768B strideB=512B
gemm,wmma_wg128x256_pada128,fp16,0,512,39234.500,6841.8218,0.0000,2814.0,2814.0,2814.0,137.97,tile=128x256x16 waves=32 ai=85 strideA=1280B strideB=1024B
gemm,wmma_wg128x256_pada128,fp16,0,1024,108283.700,19832.0121,0.0000,2813.3,2813.0,2814.0,136.96,tile=128x256x16 waves=128 ai=85 strideA=2304B strideB=2048B
gemm,wmma_wg128x256_pada128,fp16,0,2048,692060.900,24824.2159,0.0000,2814.9,2814.0,2815.0,136.92,tile=128x256x16 waves=512 ai=85 strideA=4352B strideB=4096B
gemm,wmma_wg128x256_pada128,fp16,0,4096,5164674.900,26611.3465,0.0000,2817.8,2815.0,2820.0,137.44,tile=128x256x16 waves=2048 ai=85 strideA=8448B strideB=8192B
gemm,wmma_reg64_bt_padab128,fp16,0,256,7622.450,4402.0534,0.0000,2822.0,2822.0,2822.0,138.36,tile=64x64x16 waves=16 ai=32 strideA=768B strideB=768B
gemm,wmma_reg64_bt_padab128,fp16,0,512,15956.300,16823.1643,0.0000,2813.0,2813.0,2813.0,137.64,tile=64x64x16 waves=64 ai=32 strideA=1280B strideB=1280B
gemm,wmma_reg64_bt_padab128,fp16,0,1024,75325.100,28509.5360,0.0000,2814.0,2814.0,2814.0,137.07,tile=64x64x16 waves=256 ai=32 strideA=2304B strideB=2304B
gemm,wmma_reg64_bt_padab128,fp16,0,2048,905037.550,18982.4933,0.0000,2814.6,2814.0,2815.0,136.44,tile=64x64x16 waves=1024 ai=32 strideA=4352B strideB=4352B
gemm,wmma_reg64_bt_padab128,fp16,0,4096,8755581.700,15697.2955,0.0000,2821.8,2815.0,2828.0,137.13,tile=64x64x16 waves=4096 ai=32 strideA=8448B strideB=8448B
gemm,wmma_reg32_bt,fp16,0,256,4805.100,6983.0871,0.0000,2830.0,2830.0,2830.0,137.59,tile=32x32x16 waves=64 ai=16 strideA=512B strideB=512B
gemm,wmma_reg32_bt,fp16,0,512,25362.150,10584.0970,0.0000,2825.0,2825.0,2825.0,137.13,tile=32x32x16 waves=256 ai=16 strideA=1024B strideB=1024B
gemm,wmma_reg32_bt,fp16,0,1024,798988.050,2687.7544,0.0000,2814.4,2814.0,2815.0,136.22,tile=32x32x16 waves=1024 ai=16 strideA=2048B strideB=2048B
gemm,wmma_reg32_bt,fp16,0,2048,3886249.900,4420.6805,0.0000,2815.9,2813.0,2819.0,134.41,tile=32x32x16 waves=4096 ai=16 strideA=4096B strideB=4096B
gemm,wmma_reg32_bt,fp16,0,4096,24524661.556,5604.1121,0.0000,2834.6,2819.0,2848.0,132.25,tile=32x32x16 waves=16384 ai=16 strideA=8192B strideB=8192B
gemm,wmma_reg32_bt_hkab2,fp16,0,256,4486.500,7478.9774,0.0000,2849.0,2849.0,2849.0,128.68,tile=32x32x32 waves=64 ai=16 strideA=512B strideB=512B
gemm,wmma_reg32_bt_hkab2,fp16,0,512,25113.700,10688.8056,0.0000,2842.0,2842.0,2842.0,128.38,tile=32x32x32 waves=256 ai=16 strideA=1024B strideB=1024B
gemm,wmma_reg32_bt_hkab2,fp16,0,1024,374531.600,5733.7849,0.0000,2813.0,2813.0,2813.0,130.35,tile=32x32x32 waves=1024 ai=16 strideA=2048B strideB=2048B
gemm,wmma_reg32_bt_hkab2,fp16,0,2048,1461617.050,11754.0153,0.0000,2815.9,2815.0,2817.0,134.48,tile=32x32x32 waves=4096 ai=16 strideA=4096B strideB=4096B
gemm,wmma_reg32_bt_hkab2,fp16,0,4096,12020110.350,11434.0842,0.0000,2825.4,2816.0,2834.0,136.10,tile=32x32x32 waves=16384 ai=16 strideA=8192B strideB=8192B
gemm,wmma_reg32_bt_hkab4,fp16,0,256,4682.850,7165.3869,0.0000,2836.0,2836.0,2836.0,135.96,tile=32x32x64 waves=64 ai=16 strideA=512B strideB=512B
gemm,wmma_reg32_bt_hkab4,fp16,0,512,25630.650,10473.2208,0.0000,2831.0,2831.0,2831.0,135.59,tile=32x32x64 waves=256 ai=16 strideA=1024B strideB=1024B
gemm,wmma_reg32_bt_hkab4,fp16,0,1024,198190.550,10835.4493,0.0000,2814.0,2814.0,2814.0,135.65,tile=32x32x64 waves=1024 ai=16 strideA=2048B strideB=2048B
gemm,wmma_reg32_bt_hkab4,fp16,0,2048,1099268.600,15628.4544,0.0000,2814.8,2814.0,2816.0,136.19,tile=32x32x64 waves=4096 ai=16 strideA=4096B strideB=4096B
gemm,wmma_reg32_bt_hkab4,fp16,0,4096,10622404.700,12938.5913,0.0000,2822.4,2814.0,2830.0,139.02,tile=32x32x64 waves=16384 ai=16 strideA=8192B strideB=8192B
gemm,wmma_reg32_bt_hka8,fp16,0,256,4616.750,7267.9768,0.0000,2830.0,2830.0,2830.0,138.48,tile=32x32x128 waves=64 ai=16 strideA=512B strideB=512B
gemm,wmma_reg32_bt_hka8,fp16,0,512,22751.200,11798.7384,0.0000,2825.0,2825.0,2825.0,138.03,tile=32x32x128 waves=256 ai=16 strideA=1024B strideB=1024B
gemm,wmma_reg32_bt_hka8,fp16,0,1024,126287.900,17004.6667,0.0000,2814.0,2814.0,2814.0,137.41,tile=32x32x128 waves=1024 ai=16 strideA=2048B strideB=2048B
gemm,wmma_reg32_bt_hka8,fp16,0,2048,856098.550,20067.6303,0.0000,2813.9,2813.0,2814.0,136.79,tile=32x32x128 waves=4096 ai=16 strideA=4096B strideB=4096B
gemm,wmma_reg32_bt_hka8,fp16,0,4096,8376673.750,16407.3423,0.0000,2822.2,2816.0,2829.0,137.36,tile=32x32x128 waves=16384 ai=16 strideA=8192B strideB=8192B
gemm,wmma_reg32_bt_hkb8,fp16,0,256,4590.700,7309.2191,0.0000,2824.0,2824.0,2824.0,137.56,tile=32x32x128 waves=64 ai=16 strideA=512B strideB=512B
gemm,wmma_reg32_bt_hkb8,fp16,0,512,22819.350,11763.5014,0.0000,2819.0,2819.0,2819.0,137.13,tile=32x32x128 waves=256 ai=16 strideA=1024B strideB=1024B
gemm,wmma_reg32_bt_hkb8,fp16,0,1024,148568.250,14454.5261,0.0000,2813.0,2813.0,2813.0,136.47,tile=32x32x128 waves=1024 ai=16 strideA=2048B strideB=2048B
gemm,wmma_reg32_bt_hkb8,fp16,0,2048,872179.150,19697.6380,0.0000,2814.8,2814.0,2816.0,136.25,tile=32x32x128 waves=4096 ai=16 strideA=4096B strideB=4096B
gemm,wmma_reg32_bt_hkb8,fp16,0,4096,8522975.750,16125.7004,0.0000,2822.4,2816.0,2829.0,137.25,tile=32x32x128 waves=16384 ai=16 strideA=8192B strideB=8192B
gemm,wmma_reg32_bt_padab128,fp16,0,256,4163.900,8058.4145,0.0000,2831.0,2831.0,2831.0,137.62,tile=32x32x16 waves=64 ai=16 strideA=768B strideB=768B
gemm,wmma_reg32_bt_padab128,fp16,0,512,16581.500,16188.8524,0.0000,2823.0,2823.0,2823.0,137.02,tile=32x32x16 waves=256 ai=16 strideA=1280B strideB=1280B
gemm,wmma_reg32_bt_padab128,fp16,0,1024,183450.550,11706.0627,0.0000,2814.0,2814.0,2814.0,136.43,tile=32x32x16 waves=1024 ai=16 strideA=2304B strideB=2304B
gemm,wmma_reg32_bt_padab128,fp16,0,2048,1905235.950,9017.1872,0.0000,2814.7,2813.0,2816.0,136.12,tile=32x32x16 waves=4096 ai=16 strideA=4352B strideB=4352B
gemm,wmma_reg32_bt_padab128,fp16,0,4096,17090816.750,8041.6843,0.0000,2831.1,2819.0,2842.0,135.78,tile=32x32x16 waves=16384 ai=16 strideA=8448B strideB=8448B
gemm,wmma_reg32_bt_hkab2_padab128,fp16,0,256,3580.800,9370.6524,0.0000,2841.0,2841.0,2841.0,135.40,tile=32x32x32 waves=64 ai=16 strideA=768B strideB=768B
gemm,wmma_reg32_bt_hkab2_padab128,fp16,0,512,16551.400,16218.2931,0.0000,2838.0,2838.0,2838.0,135.07,tile=32x32x32 waves=256 ai=16 strideA=1280B strideB=1280B
gemm,wmma_reg32_bt_hkab2_padab128,fp16,0,1024,119056.200,18037.5625,0.0000,2813.0,2813.0,2813.0,134.68,tile=32x32x32 waves=1024 ai=16 strideA=2304B strideB=2304B
gemm,wmma_reg32_bt_hkab2_padab128,fp16,0,2048,1071824.450,16028.6222,0.0000,2815.2,2814.0,2816.0,136.33,tile=32x32x32 waves=4096 ai=16 strideA=4352B strideB=4352B
gemm,wmma_reg32_bt_hkab2_padab128,fp16,0,4096,9708097.500,14157.1460,0.0000,2822.6,2815.0,2830.0,139.09,tile=32x32x32 waves=16384 ai=16 strideA=8448B strideB=8448B
gemm,wmma_reg32_bt_hkab4_padab128,fp16,0,256,3797.200,8836.6249,0.0000,2831.0,2831.0,2831.0,140.39,tile=32x32x64 waves=64 ai=16 strideA=768B strideB=768B
gemm,wmma_reg32_bt_hkab4_padab128,fp16,0,512,16930.150,15855.4683,0.0000,2824.0,2824.0,2824.0,139.75,tile=32x32x64 waves=256 ai=16 strideA=1280B strideB=1280B
gemm,wmma_reg32_bt_hkab4_padab128,fp16,0,1024,126091.550,17031.1464,0.0000,2813.7,2813.0,2814.0,138.12,tile=32x32x64 waves=1024 ai=16 strideA=2304B strideB=2304B
gemm,wmma_reg32_bt_hkab4_padab128,fp16,0,2048,1258425.000,13651.8817,0.0000,2814.2,2813.0,2815.0,136.74,tile=32x32x64 waves=4096 ai=16 strideA=4352B strideB=4352B
gemm,wmma_reg32_bt_hkab4_padab128,fp16,0,4096,12035146.900,11419.7986,0.0000,2826.4,2817.0,2835.0,137.08,tile=32x32x64 waves=16384 ai=16 strideA=8448B strideB=8448B
gemm,wmma_reg32_bt_hka8_padab128,fp16,0,256,3747.100,8954.7736,0.0000,2837.0,2837.0,2837.0,136.62,tile=32x32x128 waves=64 ai=16 strideA=768B strideB=768B
gemm,wmma_reg32_bt_hka8_padab128,fp16,0,512,15625.650,17179.1545,0.0000,2829.0,2829.0,2829.0,136.09,tile=32x32x128 waves=256 ai=16 strideA=1280B strideB=1280B
gemm,wmma_reg32_bt_hka8_padab128,fp16,0,1024,116563.450,18423.3021,0.0000,2809.0,2809.0,2809.0,135.48,tile=32x32x128 waves=1024 ai=16 strideA=2304B strideB=2304B
gemm,wmma_reg32_bt_hka8_padab128,fp16,0,2048,701252.350,24498.8401,0.0000,2812.0,2812.0,2812.0,135.87,tile=32x32x128 waves=4096 ai=16 strideA=4352B strideB=4352B
gemm,wmma_reg32_bt_hka8_padab128,fp16,0,4096,7716699.800,17810.5870,0.0000,2820.2,2815.0,2826.0,138.24,tile=32x32x128 waves=16384 ai=16 strideA=8448B strideB=8448B
gemm,wmma_reg32_bt_hkb8_padab128,fp16,0,256,3634.900,9231.1844,0.0000,2823.0,2823.0,2823.0,139.30,tile=32x32x128 waves=64 ai=16 strideA=768B strideB=768B
gemm,wmma_reg32_bt_hkb8_padab128,fp16,0,512,15641.700,17161.5269,0.0000,2819.0,2819.0,2819.0,138.69,tile=32x32x128 waves=256 ai=16 strideA=1280B strideB=1280B
gemm,wmma_reg32_bt_hkb8_padab128,fp16,0,1024,117936.050,18208.8823,0.0000,2813.0,2813.0,2813.0,137.99,tile=32x32x128 waves=1024 ai=16 strideA=2304B strideB=2304B
gemm,wmma_reg32_bt_hkb8_padab128,fp16,0,2048,610854.600,28124.3183,0.0000,2813.1,2812.0,2814.0,137.22,tile=32x32x128 waves=4096 ai=16 strideA=4352B strideB=4352B
gemm,wmma_reg32_bt_hkb8_padab128,fp16,0,4096,7724550.700,17792.4851,0.0000,2812.1,2808.0,2816.0,138.27,tile=32x32x128 waves=16384 ai=16 strideA=8448B strideB=8448B
gemm,wmma_reg32_hkab4,fp16,0,256,4434.400,7566.8483,0.0000,2813.0,2813.0,2813.0,139.94,tile=32x32x64 waves=64 ai=16 strideA=512B strideB=512B
gemm,wmma_reg32_hkab4,fp16,0,512,19749.500,13592.0128,0.0000,2814.0,2814.0,2814.0,139.47,tile=32x32x64 waves=256 ai=16 strideA=1024B strideB=1024B
gemm,wmma_reg32_hkab4,fp16,0,1024,127654.500,16822.6239,0.0000,2813.0,2813.0,2813.0,138.40,tile=32x32x64 waves=1024 ai=16 strideA=2048B strideB=2048B
gemm,wmma_reg32_hkab4,fp16,0,2048,1048219.600,16389.5706,0.0000,2812.8,2811.0,2814.0,137.40,tile=32x32x64 waves=4096 ai=16 strideA=4096B strideB=4096B
gemm,wmma_reg32_hkab4,fp16,0,4096,9716711.850,14144.5950,0.0000,2813.9,2812.0,2816.0,139.08,tile=32x32x64 waves=16384 ai=16 strideA=8192B strideB=8192B
gemm,wmma_reg32_hka8,fp16,0,256,4965.400,6757.6493,0.0000,2814.0,2814.0,2814.0,140.91,tile=32x32x128 waves=64 ai=16 strideA=512B strideB=512B
gemm,wmma_reg32_hka8,fp16,0,512,21747.300,12343.3923,0.0000,2813.0,2813.0,2813.0,140.34,tile=32x32x128 waves=256 ai=16 strideA=1024B strideB=1024B
gemm,wmma_reg32_hka8,fp16,0,1024,118705.500,18090.8521,0.0000,2813.0,2813.0,2813.0,138.65,tile=32x32x128 waves=1024 ai=16 strideA=2048B strideB=2048B
gemm,wmma_reg32_hka8,fp16,0,2048,1052505.750,16322.8269,0.0000,2814.6,2813.0,2815.0,137.53,tile=32x32x128 waves=4096 ai=16 strideA=4096B strideB=4096B
gemm,wmma_reg32_hka8,fp16,0,4096,9854142.950,13947.3269,0.0000,2815.2,2812.0,2819.0,139.04,tile=32x32x128 waves=16384 ai=16 strideA=8192B strideB=8192B
gemm,wmma_reg32_hkab4_pada128,fp16,0,256,3933.450,8530.5348,0.0000,2821.0,2821.0,2821.0,140.96,tile=32x32x64 waves=64 ai=16 strideA=768B strideB=512B
gemm,wmma_reg32_hkab4_pada128,fp16,0,512,17198.650,15607.9376,0.0000,2819.0,2819.0,2819.0,140.51,tile=32x32x64 waves=256 ai=16 strideA=1280B strideB=1024B
gemm,wmma_reg32_hkab4_pada128,fp16,0,1024,112207.150,19138.5633,0.0000,2813.0,2813.0,2813.0,138.53,tile=32x32x64 waves=1024 ai=16 strideA=2304B strideB=2048B
gemm,wmma_reg32_hkab4_pada128,fp16,0,2048,1028530.200,16703.3201,0.0000,2814.2,2813.0,2815.0,137.41,tile=32x32x64 waves=4096 ai=16 strideA=4352B strideB=4096B
gemm,wmma_reg32_hkab4_pada128,fp16,0,4096,9764725.050,14075.0459,0.0000,2811.5,2808.0,2815.0,139.51,tile=32x32x64 waves=16384 ai=16 strideA=8448B strideB=8192B
gemm,wmma_reg32_hka8_pada128,fp16,0,256,4450.450,7539.5594,0.0000,2814.0,2814.0,2814.0,141.27,tile=32x32x128 waves=64 ai=16 strideA=768B strideB=512B
gemm,wmma_reg32_hka8_pada128,fp16,0,512,18695.500,14358.2924,0.0000,2813.0,2813.0,2813.0,140.59,tile=32x32x128 waves=256 ai=16 strideA=1280B strideB=1024B
gemm,wmma_reg32_hka8_pada128,fp16,0,1024,115513.450,18590.7671,0.0000,2814.0,2814.0,2814.0,139.67,tile=32x32x128 waves=1024 ai=16 strideA=2304B strideB=2048B
gemm,wmma_reg32_hka8_pada128,fp16,0,2048,1036781.850,16570.3800,0.0000,2813.0,2813.0,2813.0,137.91,tile=32x32x128 waves=4096 ai=16 strideA=4352B strideB=4096B
gemm,wmma_reg32_hka8_pada128,fp16,0,4096,9424566.750,14583.0527,0.0000,2810.1,2802.0,2812.0,139.09,tile=32x32x128 waves=16384 ai=16 strideA=8448B strideB=8192B
gemm,wmma_reg64_bt_hkab2,fp16,0,256,8143.450,4120.4197,0.0000,2814.0,2814.0,2814.0,141.01,tile=64x64x32 waves=16 ai=32 strideA=512B strideB=512B
gemm,wmma_reg64_bt_hkab2,fp16,0,512,17411.050,15417.5340,0.0000,2813.0,2813.0,2813.0,140.43,tile=64x64x32 waves=64 ai=32 strideA=1024B strideB=1024B
gemm,wmma_reg64_bt_hkab2,fp16,0,1024,183929.450,11675.5835,0.0000,2813.2,2813.0,2814.0,138.82,tile=64x64x32 waves=256 ai=32 strideA=2048B strideB=2048B
gemm,wmma_reg64_bt_hkab2,fp16,0,2048,1795723.850,9567.0997,0.0000,2812.7,2811.0,2814.0,136.13,tile=64x64x32 waves=1024 ai=32 strideA=4096B strideB=4096B
gemm,wmma_reg64_bt_hkab2,fp16,0,4096,13268309.950,10358.4371,0.0000,2827.3,2817.0,2836.0,133.62,tile=64x64x32 waves=4096 ai=32 strideA=8192B strideB=8192B
gemm,wmma_reg64_bt_hkb4,fp16,0,256,8738.600,3839.7949,0.0000,2831.0,2831.0,2831.0,132.55,tile=64x64x64 waves=16 ai=32 strideA=512B strideB=512B
gemm,wmma_reg64_bt_hkb4,fp16,0,512,18873.850,14222.6126,0.0000,2826.0,2826.0,2826.0,132.40,tile=64x64x64 waves=64 ai=32 strideA=1024B strideB=1024B
gemm,wmma_reg64_bt_hkb4,fp16,0,1024,168564.250,12739.8523,0.0000,2813.7,2813.0,2814.0,134.38,tile=64x64x64 waves=256 ai=32 strideA=2048B strideB=2048B
gemm,wmma_reg64_bt_hkb4,fp16,0,2048,724520.550,23712.0523,0.0000,2814.8,2814.0,2815.0,135.89,tile=64x64x64 waves=1024 ai=32 strideA=4096B strideB=4096B
gemm,wmma_reg64_bt_hkb4,fp16,0,4096,7202148.150,19083.0500,0.0000,2821.7,2816.0,2827.0,136.49,tile=64x64x64 waves=4096 ai=32 strideA=8192B strideB=8192B
gemm,wmma_reg64_bt_hka4,fp16,0,256,8742.600,3838.0381,0.0000,2825.0,2825.0,2825.0,135.95,tile=64x64x64 waves=16 ai=32 strideA=512B strideB=512B
gemm,wmma_reg64_bt_hka4,fp16,0,512,18378.900,14605.6323,0.0000,2820.0,2820.0,2820.0,135.58,tile=64x64x64 waves=64 ai=32 strideA=1024B strideB=1024B
gemm,wmma_reg64_bt_hka4,fp16,0,1024,134196.950,16002.4773,0.0000,2811.0,2809.0,2813.0,135.33,tile=64x64x64 waves=256 ai=32 strideA=2048B strideB=2048B
gemm,wmma_reg64_bt_hka4,fp16,0,2048,766680.700,22408.1149,0.0000,2814.4,2814.0,2815.0,136.53,tile=64x64x64 waves=1024 ai=32 strideA=4096B strideB=4096B
gemm,wmma_reg64_bt_hka4,fp16,0,4096,7484564.750,18362.9854,0.0000,2820.8,2815.0,2826.0,136.53,tile=64x64x64 waves=4096 ai=32 strideA=8192B strideB=8192B
gemm,wmma_reg64_bt_hkab2_padab128,fp16,0,256,6867.000,4886.3306,0.0000,2826.0,2826.0,2826.0,136.47,tile=64x64x32 waves=16 ai=32 strideA=768B strideB=768B
gemm,wmma_reg64_bt_hkab2_padab128,fp16,0,512,14451.450,18574.9842,0.0000,2819.0,2819.0,2819.0,135.99,tile=64x64x32 waves=64 ai=32 strideA=1280B strideB=1280B
gemm,wmma_reg64_bt_hkab2_padab128,fp16,0,1024,68165.500,31503.9668,0.0000,2813.0,2813.0,2813.0,136.30,tile=64x64x32 waves=256 ai=32 strideA=2304B strideB=2304B
gemm,wmma_reg64_bt_hkab2_padab128,fp16,0,2048,820993.850,20925.6978,0.0000,2814.4,2814.0,2815.0,137.17,tile=64x64x32 waves=1024 ai=32 strideA=4352B strideB=4352B
gemm,wmma_reg64_bt_hkab2_padab128,fp16,0,4096,9061937.750,15166.6186,0.0000,2822.8,2816.0,2830.0,136.73,tile=64x64x32 waves=4096 ai=32 strideA=8448B strideB=8448B
gemm,wmma_reg64_bt_hkb4_padab128,fp16,0,256,7470.150,4491.8016,0.0000,2827.0,2827.0,2827.0,136.60,tile=64x64x64 waves=16 ai=32 strideA=768B strideB=768B
gemm,wmma_reg64_bt_hkb4_padab128,fp16,0,512,15671.750,17128.6204,0.0000,2820.0,2820.0,2820.0,136.08,tile=64x64x64 waves=64 ai=32 strideA=1280B strideB=1280B
gemm,wmma_reg64_bt_hkb4_padab128,fp16,0,1024,79014.100,27178.4865,0.0000,2814.0,2814.0,2814.0,136.22,tile=64x64x64 waves=256 ai=32 strideA=2304B strideB=2304B
gemm,wmma_reg64_bt_hkb4_padab128,fp16,0,2048,447111.500,38424.1273,0.0000,2813.6,2813.0,2814.0,136.34,tile=64x64x64 waves=1024 ai=32 strideA=4352B strideB=4352B
gemm,wmma_reg64_bt_hkb4_padab128,fp16,0,4096,4490117.250,30609.2126,0.0000,2804.2,2796.0,2813.0,138.07,tile=64x64x64 waves=4096 ai=32 strideA=8448B strideB=8448B
gemm,wmma_reg64_bt_hka4_padab128,fp16,0,256,7456.150,4500.2356,0.0000,2813.0,2813.0,2813.0,139.05,tile=64x64x64 waves=16 ai=32 strideA=768B strideB=768B
gemm,wmma_reg64_bt_hka4_padab128,fp16,0,512,15685.800,17113.2780,0.0000,2813.0,2813.0,2813.0,138.68,tile=64x64x64 waves=64 ai=32 strideA=1280B strideB=1280B
gemm,wmma_reg64_bt_hka4_padab128,fp16,0,1024,75737.900,28354.1483,0.0000,2813.0,2813.0,2813.0,137.38,tile=64x64x64 waves=256 ai=32 strideA=2304B strideB=2304B
gemm,wmma_reg64_bt_hka4_padab128,fp16,0,2048,440619.150,38990.2917,0.0000,2813.8,2813.0,2814.0,137.04,tile=64x64x64 waves=1024 ai=32 strideA=4352B strideB=4352B
gemm,wmma_reg64_bt_hka4_padab128,fp16,0,4096,4536321.050,30297.4485,0.0000,2803.4,2799.0,2812.0,138.10,tile=64x64x64 waves=4096 ai=32 strideA=8448B strideB=8448B
gemm,wmma_reg64_hka4,fp16,0,256,11103.050,3022.0914,0.0000,2814.0,2814.0,2814.0,139.06,tile=64x64x64 waves=16 ai=32 strideA=512B strideB=512B
gemm,wmma_reg64_hka4,fp16,0,512,22184.150,12100.3264,0.0000,2814.0,2814.0,2814.0,138.11,tile=64x64x64 waves=64 ai=32 strideA=1024B strideB=1024B
gemm,wmma_reg64_hka4,fp16,0,1024,101817.450,21091.5089,0.0000,2813.5,2813.0,2814.0,137.74,tile=64x64x64 waves=256 ai=32 strideA=2048B strideB=2048B
gemm,wmma_reg64_hka4,fp16,0,2048,597018.300,28776.1182,0.0000,2814.8,2814.0,2815.0,136.44,tile=64x64x64 waves=1024 ai=32 strideA=4096B strideB=4096B
gemm,wmma_reg64_hka4,fp16,0,4096,5005131.800,27459.6073,0.0000,2809.3,2806.0,2814.0,138.08,tile=64x64x64 waves=4096 ai=32 strideA=8192B strideB=8192B
gemm,wmma_reg64_hka4_pada128,fp16,0,256,9820.650,3416.7221,0.0000,2813.0,2813.0,2813.0,139.13,tile=64x64x64 waves=16 ai=32 strideA=768B strideB=512B
gemm,wmma_reg64_hka4_pada128,fp16,0,512,20050.050,13388.2687,0.0000,2814.0,2814.0,2814.0,138.67,tile=64x64x64 waves=64 ai=32 strideA=1280B strideB=1024B
gemm,wmma_reg64_hka4_pada128,fp16,0,1024,99859.700,21505.0080,0.0000,2814.0,2814.0,2814.0,137.81,tile=64x64x64 waves=256 ai=32 strideA=2304B strideB=2048B
gemm,wmma_reg64_hka4_pada128,fp16,0,2048,590984.850,29069.8978,0.0000,2814.3,2814.0,2815.0,137.11,tile=64x64x64 waves=1024 ai=32 strideA=4352B strideB=4096B
gemm,wmma_reg64_hka4_pada128,fp16,0,4096,5153742.150,26667.7978,0.0000,2809.7,2805.0,2814.0,138.45,tile=64x64x64 waves=4096 ai=32 strideA=8448B strideB=8192B
dequant,q4_to_fp16,q4,32,256,1250.350,0.0000,134.3112,2813.0,2813.0,2813.0,139.74,
gemm,coopmat_dequant,q4,32,256,24109.800,1391.7341,0.0000,2815.0,2815.0,2815.0,139.57,
dequant,q4_to_fp16,q4,32,512,3099.850,0.0000,216.7021,2814.0,2814.0,2814.0,139.07,
gemm,coopmat_dequant,q4,32,512,61380.600,4373.2948,0.0000,2814.0,2814.0,2814.0,138.79,
dequant,q4_to_fp16,q4,32,1024,9391.800,0.0000,286.0981,2814.0,2814.0,2814.0,138.41,
gemm,coopmat_dequant,q4,32,1024,369818.650,5806.8560,0.0000,2814.6,2814.0,2815.0,138.02,
dequant,q4_to_fp16,q4,32,2048,31327.500,0.0000,343.0821,2814.0,2814.0,2814.0,137.05,
gemm,coopmat_dequant,q4,32,2048,3299444.950,5206.8967,0.0000,2817.5,2815.0,2820.0,137.09,
dequant,q4_to_fp16,q4,32,4096,216854.000,0.0000,198.2514,2813.4,2813.0,2814.0,137.08,
gemm,coopmat_dequant,q4,32,4096,32766989.071,4194.4334,0.0000,2836.5,2821.0,2850.0,137.23,
gemm,coopmat_fused,q4,32,256,9932.850,3378.1273,0.0000,2851.0,2851.0,2851.0,137.28,
gemm,coopmat_fused,q4,32,512,55824.050,4808.5987,0.0000,2848.0,2848.0,2848.0,136.99,
gemm,coopmat_fused,q4,32,1024,430077.150,4993.2521,0.0000,2813.9,2813.0,2814.0,135.64,
gemm,coopmat_fused,q4,32,2048,3630938.800,4731.5227,0.0000,2806.1,2803.0,2812.0,137.28,
gemm,coopmat_fused,q4,32,4096,42030053.909,3270.0161,0.0000,2830.6,2821.0,2840.0,143.26,
dequant,q4_to_fp16,q4,64,256,1248.350,0.0000,132.8858,2841.0,2841.0,2841.0,146.54,
gemm,coopmat_dequant,q4,64,256,5891.150,5695.7355,0.0000,2842.0,2842.0,2842.0,146.41,
dequant,q4_to_fp16,q4,64,512,3081.850,0.0000,215.3096,2842.0,2842.0,2842.0,145.94,
gemm,coopmat_dequant,q4,64,512,61130.100,4391.2157,0.0000,2841.0,2841.0,2841.0,145.54,
dequant,q4_to_fp16,q4,64,1024,9411.850,0.0000,282.0070,2822.0,2822.0,2822.0,144.26,
gemm,coopmat_dequant,q4,64,1024,371561.950,5779.6113,0.0000,2813.3,2813.0,2814.0,143.17,
dequant,q4_to_fp16,q4,64,2048,31393.600,0.0000,338.1846,2813.0,2813.0,2813.0,139.47,
gemm,coopmat_dequant,q4,64,2048,3299487.050,5206.8303,0.0000,2817.4,2815.0,2820.0,138.23,
dequant,q4_to_fp16,q4,64,4096,216122.600,0.0000,196.4965,2814.0,2814.0,2814.0,136.42,
gemm,coopmat_dequant,q4,64,4096,32740438.643,4197.8348,0.0000,2837.7,2823.0,2851.0,136.92,
gemm,coopmat_fused,q4,64,256,9930.850,3378.8077,0.0000,2852.0,2852.0,2852.0,136.38,
gemm,coopmat_fused,q4,64,512,55830.050,4808.0820,0.0000,2849.0,2849.0,2849.0,136.17,
gemm,coopmat_fused,q4,64,1024,438875.850,4893.1461,0.0000,2799.9,2799.0,2800.0,134.09,
gemm,coopmat_fused,q4,64,2048,3566502.350,4817.0077,0.0000,2809.7,2808.0,2814.0,136.56,
gemm,coopmat_fused,q4,64,4096,31885633.062,4310.3724,0.0000,2744.0,2703.0,2803.0,142.91,
dequant,q4_to_fp16,q4,128,256,1238.350,0.0000,133.1320,2813.0,2813.0,2813.0,142.55,
gemm,coopmat_dequant,q4,128,256,5877.150,5709.3033,0.0000,2815.0,2815.0,2815.0,142.37,
dequant,q4_to_fp16,q4,128,512,3075.800,0.0000,214.4015,2815.0,2815.0,2815.0,141.97,
gemm,coopmat_dequant,q4,128,512,61158.200,4389.1981,0.0000,2815.0,2815.0,2815.0,141.67,
dequant,q4_to_fp16,q4,128,1024,9413.850,0.0000,280.2067,2813.0,2813.0,2813.0,139.76,
gemm,coopmat_dequant,q4,128,1024,370558.050,5795.2692,0.0000,2813.6,2813.0,2814.0,138.87,
dequant,q4_to_fp16,q4,128,2048,31349.550,0.0000,336.5693,2813.0,2813.0,2813.0,137.23,
gemm,coopmat_dequant,q4,128,2048,3335333.150,5150.8705,0.0000,2818.0,2815.0,2820.0,136.58,
dequant,q4_to_fp16,q4,128,4096,214862.200,0.0000,196.4291,2813.4,2813.0,2814.0,136.30,
gemm,coopmat_dequant,q4,128,4096,32800114.857,4190.1973,0.0000,2836.8,2821.0,2850.0,138.70,
gemm,coopmat_fused,q4,128,256,9902.800,3388.3782,0.0000,2849.0,2849.0,2849.0,140.34,
gemm,coopmat_fused,q4,128,512,55864.100,4805.1514,0.0000,2841.0,2841.0,2841.0,139.70,
gemm,coopmat_fused,q4,128,1024,430467.850,4988.7202,0.0000,2814.0,2814.0,2814.0,138.45,
gemm,coopmat_fused,q4,128,2048,3515166.850,4887.3553,0.0000,2811.1,2810.0,2814.0,137.83,
gemm,coopmat_fused,q4,128,4096,28462905.706,4828.7042,0.0000,2789.6,2772.0,2809.0,142.85,
dequant,q4_to_fp16,q4,256,256,1210.250,0.0000,135.8000,2813.0,2813.0,2813.0,142.00,
gemm,coopmat_dequant,q4,256,256,5871.150,5715.1379,0.0000,2815.0,2815.0,2815.0,141.95,
dequant,q4_to_fp16,q4,256,512,3099.850,0.0000,212.0774,2815.0,2815.0,2815.0,141.56,
gemm,coopmat_dequant,q4,256,512,60593.100,4430.1324,0.0000,2815.0,2815.0,2815.0,141.11,
dequant,q4_to_fp16,q4,256,1024,9415.850,0.0000,279.2772,2813.0,2813.0,2813.0,140.14,
gemm,coopmat_dequant,q4,256,1024,371237.350,5784.6648,0.0000,2813.6,2813.0,2814.0,138.87,
dequant,q4_to_fp16,q4,256,2048,31499.850,0.0000,333.9231,2813.0,2813.0,2813.0,138.59,
gemm,coopmat_dequant,q4,256,2048,3327105.500,5163.6082,0.0000,2817.0,2814.0,2820.0,137.50,
dequant,q4_to_fp16,q4,256,4096,214407.350,0.0000,196.2345,2813.0,2813.0,2813.0,137.18,
gemm,coopmat_dequant,q4,256,4096,32688388.286,4204.5191,0.0000,2837.5,2822.0,2851.0,135.92,
gemm,coopmat_fused,q4,256,256,9942.850,3374.7298,0.0000,2826.0,2826.0,2826.0,134.24,
gemm,coopmat_fused,q4,256,512,55804.000,4810.3264,0.0000,2823.0,2823.0,2823.0,134.01,
gemm,coopmat_fused,q4,256,1024,428732.550,5008.9121,0.0000,2813.3,2813.0,2814.0,134.62,
gemm,coopmat_fused,q4,256,2048,3536118.650,4858.3973,0.0000,2812.3,2810.0,2815.0,136.67,
gemm,coopmat_fused,q4,256,4096,28159449.944,4880.7400,0.0000,2796.5,2783.0,2810.0,143.02,
dequant,q4_to_fp16,q4,512,512,3051.750,0.0000,215.0845,2813.0,2813.0,2813.0,137.75,
gemm,coopmat_dequant,q4,512,512,61174.200,4388.0501,0.0000,2815.0,2815.0,2815.0,137.54,
dequant,q4_to_fp16,q4,512,1024,9383.800,0.0000,279.7945,2813.0,2813.0,2813.0,137.02,
gemm,coopmat_dequant,q4,512,1024,370425.800,5797.3382,0.0000,2813.2,2813.0,2814.0,137.21,
dequant,q4_to_fp16,q4,512,2048,31285.400,0.0000,335.6883,2813.0,2813.0,2813.0,136.79,
gemm,coopmat_dequant,q4,512,2048,3339046.200,5145.1427,0.0000,2816.5,2814.0,2819.0,136.77,
dequant,q4_to_fp16,q4,512,4096,213269.200,0.0000,196.9744,2810.0,2810.0,2810.0,135.67,
gemm,coopmat_dequant,q4,512,4096,32743000.643,4197.5064,0.0000,2837.8,2823.0,2851.0,136.39,
gemm,coopmat_fused,q4,512,512,56036.450,4790.3723,0.0000,2814.0,2814.0,2814.0,135.68,
gemm,coopmat_fused,q4,512,1024,432123.000,4969.6120,0.0000,2813.8,2813.0,2814.0,136.17,
gemm,coopmat_fused,q4,512,2048,3434758.050,5001.7698,0.0000,2813.4,2813.0,2814.0,137.00,
gemm,coopmat_fused,q4,512,4096,28164069.833,4879.9394,0.0000,2796.3,2785.0,2811.0,143.38,
dequant,q4_to_fp16,q4,1024,1024,9389.800,0.0000,279.3976,2788.0,2788.0,2788.0,136.93,
gemm,coopmat_dequant,q4,1024,1024,370986.850,5788.5708,0.0000,2813.9,2813.0,2814.0,138.42,
dequant,q4_to_fp16,q4,1024,2048,31247.350,0.0000,335.8349,2814.0,2814.0,2814.0,138.01,
gemm,coopmat_dequant,q4,1024,2048,3316130.650,5180.6973,0.0000,2816.7,2814.0,2819.0,138.00,
dequant,q4_to_fp16,q4,1024,4096,213353.350,0.0000,196.7431,2814.0,2814.0,2814.0,137.10,
gemm,coopmat_dequant,q4,1024,4096,32738391.857,4198.0973,0.0000,2837.6,2822.0,2851.0,136.47,
gemm,coopmat_fused,q4,1024,1024,430457.850,4988.8361,0.0000,2788.0,2788.0,2788.0,137.69,
gemm,coopmat_fused,q4,1024,2048,3421276.450,5021.4794,0.0000,2815.5,2815.0,2816.0,139.86,
gemm,coopmat_fused,q4,1024,4096,27959874.062,4915.5784,0.0000,2802.7,2795.0,2812.0,143.57,
gemm,naive,w8a8,32,256,14844.200,2260.4406,0.0000,2813.0,2813.0,2813.0,145.04,
gemm,naive,w8a8,32,512,235900.200,1137.9196,0.0000,2814.0,2814.0,2814.0,144.65,
gemm,naive,w8a8,32,1024,2944085.750,729.4229,0.0000,2816.5,2814.0,2819.0,142.11,
gemm,naive,w8a8,32,2048,41286572.182,416.1128,0.0000,2838.9,2824.0,2852.0,123.24,
gemm,naive,w8a8,32,4096,294991367.000,465.9084,0.0000,2857.8,2851.0,2864.0,109.35,
gemm,naive,w8a8,64,256,15196.850,2207.9860,0.0000,2865.0,2865.0,2865.0,106.15,
gemm,naive,w8a8,64,512,213503.650,1257.2874,0.0000,2861.0,2861.0,2861.0,106.61,
gemm,naive,w8a8,64,1024,2116463.300,1014.6567,0.0000,2826.7,2825.0,2828.0,106.50,
gemm,naive,w8a8,64,2048,25844192.684,664.7478,0.0000,2836.5,2820.0,2851.0,120.12,
gemm,naive,w8a8,64,4096,259752372.000,529.1153,0.0000,2855.9,2850.0,2861.0,111.44,
gemm,naive,w8a8,128,256,15252.950,2199.8651,0.0000,2836.0,2836.0,2836.0,107.75,
gemm,naive,w8a8,128,512,205163.800,1308.3958,0.0000,2835.2,2835.0,2836.0,108.41,
gemm,naive,w8a8,128,1024,1704177.950,1260.1288,0.0000,2814.9,2813.0,2816.0,111.86,
gemm,naive,w8a8,128,2048,18060741.600,951.2272,0.0000,2831.7,2819.0,2843.0,124.49,
gemm,naive,w8a8,128,4096,139954021.000,982.0293,0.0000,2854.1,2844.0,2863.0,122.54,
gemm,naive,w8a8,256,256,15307.050,2192.0901,0.0000,2813.0,2813.0,2813.0,133.41,
gemm,naive,w8a8,256,512,206498.300,1299.9403,0.0000,2814.0,2814.0,2814.0,133.45,
gemm,naive,w8a8,256,1024,1504686.900,1427.1963,0.0000,2814.9,2814.0,2816.0,134.06,
gemm,naive,w8a8,256,2048,13303092.000,1291.4193,0.0000,2827.4,2817.0,2837.0,133.26,
gemm,naive,w8a8,256,4096,103197777.000,1331.8015,0.0000,2848.5,2837.0,2858.0,130.34,
gemm,naive,w8a8,512,512,207001.300,1296.7815,0.0000,2774.3,2774.0,2775.0,137.05,
gemm,naive,w8a8,512,1024,1551509.850,1384.1250,0.0000,2814.8,2813.0,2816.0,138.05,
gemm,naive,w8a8,512,2048,11563484.750,1485.7000,0.0000,2825.6,2817.0,2834.0,137.96,
gemm,naive,w8a8,512,4096,98074893.500,1401.3673,0.0000,2847.2,2836.0,2857.0,131.67,
gemm,naive,w8a8,1024,1024,1489411.900,1441.8333,0.0000,2791.4,2790.0,2793.0,139.15,
gemm,naive,w8a8,1024,2048,11671461.900,1471.9552,0.0000,2825.2,2816.0,2833.0,139.11,
gemm,naive,w8a8,1024,4096,94770224.600,1450.2335,0.0000,2849.1,2836.0,2860.0,133.78,
rmsnorm,shared,,0,256,1218.300,0.0000,80.6895,2861.0,2861.0,2861.0,132.75,
rmsnorm,subgroup,,0,256,1953.700,0.0000,50.3168,2862.0,2862.0,2862.0,132.88,
softmax,shared,,0,256,1472.750,0.0000,44.4991,2863.0,2863.0,2863.0,133.12,
softmax,subgroup,,0,256,1889.550,0.0000,34.6834,2863.0,2863.0,2863.0,133.40,
rmsnorm,shared,,0,512,1617.050,0.0000,121.5844,2864.0,2864.0,2864.0,133.61,
rmsnorm,subgroup,,0,512,3380.400,0.0000,58.1612,2865.0,2865.0,2865.0,133.81,
softmax,shared,,0,512,1855.500,0.0000,70.6397,2866.0,2866.0,2866.0,133.98,
softmax,subgroup,,0,512,3162.000,0.0000,41.4522,2866.0,2866.0,2866.0,134.11,
rmsnorm,shared,,0,1024,2364.450,0.0000,166.3034,2867.0,2867.0,2867.0,134.18,
rmsnorm,subgroup,,0,1024,6143.650,0.0000,64.0036,2868.0,2868.0,2868.0,134.31,
softmax,shared,,0,1024,2518.750,0.0000,104.0770,2869.0,2869.0,2869.0,134.33,
softmax,subgroup,,0,1024,5618.650,0.0000,46.6560,2869.0,2869.0,2869.0,134.43,
rmsnorm,shared,,0,2048,3901.400,0.0000,201.5769,2870.0,2870.0,2870.0,134.44,
rmsnorm,subgroup,,0,2048,11716.250,0.0000,67.1232,2871.0,2871.0,2871.0,134.42,
softmax,shared,,0,2048,3893.350,0.0000,134.6624,2869.0,2869.0,2869.0,134.19,
softmax,subgroup,,0,2048,10750.400,0.0000,48.7692,2868.0,2868.0,2868.0,134.00,
rmsnorm,shared,,0,4096,7071.400,0.0000,222.4261,2864.0,2864.0,2864.0,133.80,
rmsnorm,subgroup,,0,4096,22987.650,0.0000,68.4221,2860.0,2860.0,2860.0,133.52,
softmax,shared,,0,4096,6656.600,0.0000,157.5243,2854.0,2854.0,2854.0,133.15,
softmax,subgroup,,0,4096,22061.900,0.0000,47.5288,2849.0,2849.0,2849.0,132.89,
