0 58 3 | [198 760 1156] | [0.87908965 0.9999609 0.99992335] | [198 760 1156]
0 58 3 | [198 760 1156] | [0.87908965 0.9999609 0.99992335] | [198 760 1156]
0 61 3 | [6587 728 310] | [0.9999411 0.9997141 0.99999994] | [6587 728 310]
0 64 3 | [4072 264 5805] | [0.85291314 0.94685656 0.91435367] | [4072 264 5805]
0 67 2 | [709 421 16915] | [0.9999659 0.99012315 0.62441176] | [709 2512]
0 69 3 | [1510 45243 4068] | [0.9989189 0.9999593 0.99999344] | [1510 45243 4068]
0 72 3 | [63 421 4829] | [0.99993634 0.9999044 0.86612576] | [63 421 4829]
0 75 3 | [264 886 321] | [0.9998139 0.997322 0.99641365] | [264 886 321]
0 78 1 | [4523 279 44543] | [0.8443025 0.7831715 0.7427412] | [82248]
0 79 3 | [279 1105 314] | [0.9360578 0.9996395 0.999855] | [279 1105 314]
0 82 3 | [1754 3542 471] | [0.93407637 0.9687614 0.86378235] | [1754 3542 471]
0 85 2 | [40657 310 38175] | [0.9849115 0.9336667 0.99997133] | [40657 8772]
0 87 2 | [38175 11 38175] | [0.9999744 0.6306923 0.63602626] | [38175 321]
0 89 3 | [38175 8772 40657] | [0.981528 0.9975346 0.9999989] | [38175 8772 40657]
0 92 3 | [13 271 9764] | [0.98757374 0.9490786 0.87655896] | [13 271 9764]
0 95 3 | [728 1683 883] | [0.99999976 0.6995956 0.9926731] | [728 1683 883]
0 98 3 | [279 7873 25] | [0.9654417 0.95439583 0.9982385] | [279 7873 25]
0 101 3 | [271 16 13] | [0.8093443 0.96851885 0.9999968] | [271 16 13]
0 104 3 | [52516 1472 1754] | [0.62328154 0.95664793 0.99194604] | [52516 1472 1754]
0 107 3 | [3542 303 279] | [0.99137044 0.9918757 0.99994355] | [3542 303 279]
0 110 3 | [886 198 17] | [0.9999643 0.99982303 0.99999994] | [886 198 17]
0 113 2 | [13 4109 413] | [0.9999995 0.9646868 0.99972945] | [13 1368]
0 115 3 | [424 579 264] | [0.663396 0.9997294 0.66033936] | [424 579 40657]
0 118 3 | [11 5335 424] | [0.9925296 0.9910574 0.5939652] | [11 5335 310]
0 121 3 | [38175 198 18] | [0.9992085 0.9951382 0.99999356] | [38175 198 18]
0 124 3 | [13 1368 424] | [0.9999982 0.9999979 0.99999666] | [13 1368 424]
0 127 3 | [579 38175 11] | [0.9999733 0.9999912 0.9999987] | [579 38175 11]
0 130 3 | [5335 310 40657] | [0.9999768 0.9999995 0.9999942] | [5335 310 40657]
0 133 3 | [198 19 13] | [0.9997944 0.99999976 0.9999999] | [198 19 13]
0 136 1 | [17673 11 2426] | [0.43238166 0.99931896 0.896252] | [1368]
0 137 3 | [424 579 13468] | [0.9965533 0.9999886 0.63856435] | [424 579 13468]
0 140 2 | [318 68 1257] | [0.9045499 0.8170478 1] | [318 58722]
0 142 2 | [11 59429 11] | [0.9999937 0.41368297 0.7405248] | [11 17210]
0 144 3 | [11 4831 23618] | [0.94327974 0.977819 0.99939436] | [11 4831 23618]
0 147 3 | [5106 424 33702] | [0.65561277 0.45450383 0.6026842] | [5106 424 430]
0 150 3 | [369 271 40] | [0.9644857 0.95187086 0.4770336] | [369 271 623]
0 153 3 | [5805 11 353] | [0.9999864 0.99880326 0.9380387] | [5805 11 353]
0 156 3 | [628 958 1510] | [0.9864526 0.7820297 0.50775814] | [628 958 25]
0 159 3 | [198 12 1510] | [0.9999973 0.99997944 0.99570256] | [198 12 1510]
0 162 3 | [23744 4358 8780] | [0.9333824 0.84851694 0.70252067] | [23744 4358 8780]
0 165 3 | [52434 321 1510] | [0.8206839 0.94469917 0.9999961] | [52434 321 1510]
0 168 3 | [23744 47735 52434] | [0.989077 0.94499344 0.99986076] | [23744 47735 52434]
0 171 1 | [310 1716 413] | [0.59493583 0.99807525 0.49066886] | [364]
0 172 2 | [40657 198 12] | [0.97339475 0.9736532 1] | [40657 310]
0 174 3 | [38175 198 12] | [0.9935674 0.98351026 1] | [38175 198 12]
0 177 3 | [1510 23744 4358] | [0.99999976 0.9999558 0.92604434] | [1510 23744 4358]
0 180 3 | [13843 52434 321] | [0.9996325 0.9999975 0.9999874] | [13843 52434 321]
0 183 3 | [1510 23744 29004] | [0.99992424 0.99995655 0.99966675] | [1510 23744 29004]
0 186 3 | [52434 364 38175] | [0.9999846 0.99999726 0.99996185] | [52434 364 38175]
0 189 3 | [310 40657 198] | [1 0.9999968 0.9638897] | [310 40657 198]
0 192 3 | [12 2441 353] | [0.9997475 0.8901363 0.5823548] | [12 2441 353]
0 195 1 | [1362 958 1510] | [0.57484996 0.99251914 0.72155327] | [628]
0 196 3 | [958 1510 18034] | [0.97466457 0.61635107 0.46123582] | [958 1510 18034]
0 199 1 | [15182 63 364] | [0.6485346 0.99660105 0.47222212] | [9804]
0 200 1 | [63 321 1510] | [0.88659894 0.5589511 0.976285] | [52434]
0 201 1 | [440 264 2446] | [0.5332765 0.8845447 0.8321621] | [864]
0 202 3 | [369 264 5617] | [0.70563513 0.929025 0.3293976] | [369 264 30835]
0 205 3 | [5313 271 9764] | [0.9866992 0.642465 0.9139587] | [5313 271 9764]
0 208 3 | [728 708 440] | [0.99999964 0.70658934 0.999996] | [728 708 440]
0 211 3 | [1510 18034 9804] | [0.500988 0.9997305 0.99975604] | [1510 18034 9804]
0 214 3 | [52434 5313 25] | [0.82276875 0.42852387 0.39433166] | [52434 5313 25]
0 217 2 | [271 50821 11] | [0.99438393 0.36550045 0.9999596] | [271 71093]
0 219 3 | [3237 198 2739] | [0.9994599 0.9999999 0.9884224] | [3237 198 2739]
0 222 3 | [38951 4068 4060] | [0.99953413 0.9999967 0.99963063] | [38951 4068 4060]
0 225 3 | [886 8 886] | [0.9999989 0.9999975 0.999999] | [886 8 886]
0 228 3 | [313 198 262] | [0.99999726 0.99999976 0.7669944] | [313 198 262]
0 231 3 | [460 8796 9804] | [0.9814445 0.9999236 0.9994053] | [460 8796 9804]
0 234 3 | [17994 2515 61353] | [0.9794194 0.9999938 0.999997] | [17994 2515 61353]
0 237 3 | [8 61353 313] | [0.9999998 0.9999088 0.99997276] | [8 61353 313]
0 240 3 | [198 285 413] | [0.9999998 0.9999944 0.99926585] | [198 285 413]
0 243 1 | [25243 4358 8780] | [0.8389504 0.99998975 0.98622966] | [427]
0 244 3 | [2518 359 64] | [0.99981517 0.99985844 0.962424] | [2518 359 64]
0 247 3 | [6 976 427] | [0.9999931 0.99167836 0.99995774] | [6 976 427]
0 250 3 | [2564 359 89] | [0.99998945 0.99999994 0.99999416] | [2564 359 89]
0 253 3 | [6 313 198] | [0.99999756 0.9994562 0.99996513] | [6 313 198]
0 256 3 | [309 460 427] | [0.99999994 0.9993575 0.99077183] | [309 460 427]
0 259 3 | [471 220 18] | [0.9999344 0.9931323 0.9999491] | [471 220 18]
0 262 3 | [17 198 285] | [1 0.99773693 0.9999997] | [17 198 285]
0 265 2 | [333 198 285] | [0.99999857 0.8995194 1] | [333 745]
0 267 3 | [413 427 2518] | [0.9999583 0.99999994 0.999502] | [413 427 2518]
0 270 3 | [359 32 6] | [1 0.9999967 1] | [359 32 6]
0 273 3 | [976 427 2564] | [0.9999551 0.99999976 0.9999992] | [976 427 2564]
0 276 3 | [359 57 6] | [0.99999934 0.9997904 0.99999946] | [359 57 6]
0 279 3 | [313 198 309] | [0.99999994 0.9999999 1] | [313 198 309]
0 282 3 | [460 427 478] | [0.9999998 0.9998847 0.999938] | [460 427 478]
0 285 3 | [220 18 17] | [0.9999863 1 1] | [220 18 17]
0 288 3 | [198 285 333] | [0.99999464 1 0.99999994] | [198 285 333]
0 291 3 | [198 285 460] | [0.9993406 0.9999813 0.99992275] | [198 285 460]
0 294 3 | [427 198 262] | [0.9999903 0.9999882 0.9999949] | [427 198 262]
0 297 2 | [2390 8796 8] | [0.99994695 0.99907446 0.49737978] | [2390 592]
0 299 3 | [8 198 92] | [0.99999917 0.9999997 0.9999999] | [8 198 92]
0 302 2 | [198 13475 271] | [0.9999844 0.6084755 0.8790355] | [198 71093]
0 304 3 | [271 2126 353] | [0.9999984 0.9657356 0.40209258] | [271 2126 1608]
0 307 1 | [279 25243 6129] | [0.46399543 0.79416984 0.9944291] | [25243]
0 308 3 | [6129 25 271] | [0.86547345 0.9912883 0.99571836] | [6129 25 271]
0 311 1 | [50821 11 1510] | [0.50968945 0.9990051 0.28156802] | [71093]
0 312 3 | [3237 198 2739] | [0.999908 1 0.99751765] | [3237 198 2739]
0 315 3 | [38951 4068 4060] | [0.99994224 0.999999 0.9999945] | [38951 4068 4060]
0 318 3 | [886 8 886] | [0.99999994 0.996354 0.99999994] | [886 8 886]
0 321 3 | [313 198 262] | [0.9999999 0.99999946 0.9999965] | [313 198 262]
0 324 3 | [460 8796 9804] | [0.97216994 0.9999799 0.9997839] | [460 8796 9804]
0 327 3 | [17994 2515 61353] | [0.9997695 0.9995684 0.99999994] | [17994 2515 61353]
0 330 3 | [8 61353 313] | [0.99999994 1 0.9998844] | [8 61353 313]
0 333 3 | [198 285 413] | [1 0.99999934 0.999438] | [198 285 413]
0 336 3 | [25243 4358 8780] | [0.91882807 0.99990225 0.995483] | [25243 4358 8780]
0 339 3 | [2515 8 313] | [0.99978966 0.99969834 0.9972526] | [2515 8 313]
0 342 3 | [198 309 460] | [0.9999925 0.9999984 0.9999915] | [198 309 460]
0 345 3 | [25243 47735 2515] | [0.99945796 0.9997304 0.99999714] | [25243 47735 2515]
0 348 3 | [8 198 285] | [0.99999946 0.9999881 0.9999993] | [8 198 285]
0 351 3 | [333 745 413] | [0.9999894 0.57121736 0.9999909] | [333 745 413]
0 354 3 | [25243 4358 13843] | [0.99999654 0.9999874 0.99994266] | [25243 4358 13843]
0 357 3 | [2515 8 313] | [0.99999994 1 1] | [2515 8 313]
0 360 3 | [198 309 460] | [1 0.99999994 0.9999997] | [198 309 460]
0 363 3 | [25243 29004 2515] | [0.99999696 0.99995327 0.99999994] | [25243 29004 2515]
0 366 3 | [8 198 285] | [0.9999994 0.9999964 0.9999978] | [8 198 285]
0 369 3 | [333 198 285] | [1 0.9996476 0.9999966] | [333 198 285]
0 372 3 | [460 427 198] | [0.99999714 0.9999991 0.99999946] | [460 427 198]
0 375 3 | [262 2390 592] | [0.99999285 0.999998 0.9999974] | [262 2390 592]
0 378 3 | [8 198 92] | [0.9999769 0.99999994 0.9999997] | [8 198 92]
0 381 2 | [198 13475 271] | [0.9999451 0.8797258 0.9991906] | [198 71093]
0 383 2 | [271 12189 279] | [0.9999992 0.63056785 0.95083576] | [271 760]
0 385 3 | [2018 5313 369] | [0.7970427 0.9743135 0.37860653] | [2018 5313 369]
0 388 2 | [777 21094 694] | [0.9195106 0.6533598 0.60797334] | [777 39318]
0 390 2 | [13099 321 13081] | [0.9999985 0.43133938 0.99143004] | [13099 5805]
0 392 3 | [321 13081 34707] | [0.44479716 0.98831195 0.77940893] | [321 13081 34707]
0 395 3 | [9971 13 1921] | [0.6890453 0.9831463 0.5591005] | [9971 13 1921]
0 398 3 | [2394 279 1156] | [0.81849873 0.9584388 0.5763022] | [2394 279 1120]
0 401 1 | [369 1132 1510] | [0.47338316 0.7130776 0.9065838] | [1132]
0 402 2 | [4774 1510 18034] | [0.7765414 0.8276717 0.99952585] | [4774 328]
0 404 3 | [18034 487 353] | [0.9999854 0.9852735 0.65189904] | [18034 487 1042]
0 407 2 | [728 708 440] | [0.9999895 0.39319226 0.9999777] | [728 958]
0 409 2 | [279 1118 5313] | [0.980899 0.53917325 0.9979509] | [279 38016]
0 411 3 | [5313 466 279] | [0.8382497 0.8126076 0.97704035] | [5313 466 884]
0 414 3 | [279 25243 1120] | [0.94287103 0.9957419 0.9998536] | [279 25243 1120]
0 417 3 | [13 32645 11] | [0.9994975 0.9807013 0.9999777] | [13 32645 11]
0 420 1 | [1042 728 958] | [0.39443493 0.9999835 0.43650085] | [353]
0 421 2 | [3172 708 440] | [0.9844859 0.54898757 0.99996555] | [3172 958]
0 423 3 | [279 25243 5313] | [0.9200415 0.50232446 0.8906695] | [279 25243 5313]
0 426 3 | [2394 424 579] | [0.5323702 0.9970823 0.97365695] | [2394 424 579]
0 429 2 | [777 21094 11] | [0.9329691 0.8783709 0.6877102] | [777 4252]
0 431 3 | [11 694 353] | [0.60553414 0.9745166 0.40069714] | [11 694 353]
0 434 3 | [3172 5020 421] | [0.76027334 0.36635742 0.45215896] | [3172 5020 279]
0 437 2 | [1120 4221 13] | [0.9266698 0.5405442 0.94382507] | [1120 13]
0 439 1 | [32645 11 1042] | [0.5460799 0.99995446 0.7301009] | [2441]
0 440 2 | [353 1362 1066] | [0.9775384 0.64829415 0.48853627] | [353 628]
0 442 1 | [958 279 33153] | [0.456071 0.9682862 0.34758165] | [1066]
0 443 3 | [958 279 38016] | [0.961078 0.94217825 0.91329867] | [958 279 38016]
0 446 1 | [5313 2394 424] | [0.42588267 0.55092865 0.634632] | [33633]
0 447 2 | [5313 864 3070] | [0.8234579 0.5966545 0.6377508] | [5313 2394]
0 449 3 | [1132 328 18034] | [0.8122933 0.930476 0.9996933] | [1132 328 18034]
0 452 3 | [1 369 24138] | [0.9999707 0.9998943 0.9953423] | [1 369 24138]
0 455 3 | [13 271 9764] | [0.9961341 0.98022944 0.9507454] | [13 271 9764]
0 458 3 | [728 708 440] | [0.9999998 0.9245672 0.99999195] | [728 708 440]
0 461 3 | [279 38016 5313] | [0.96734697 0.5110972 0.9547931] | [279 38016 5313]
0 464 2 | [2394 424 579] | [0.9294702 0.73062885 0.8842891] | [2394 1132]
0 466 3 | [328 18034 1] | [0.89921933 0.9998592 0.99998534] | [328 18034 1]
0 469 3 | [369 24138 11] | [0.9993323 0.947584 0.73439807] | [369 24138 11]
0 472 3 | [694 3404 353] | [0.7515136 0.6783788 0.30454612] | [694 3404 353]
0 475 2 | [3172 958 279] | [0.7583684 0.4360378 0.5904466] | [3172 3300]
0 477 3 | [279 25243 2243] | [0.96675485 0.89260423 0.75726414] | [279 25243 2243]
0 480 3 | [430 424 579] | [0.8236588 0.99180907 0.9991996] | [430 424 579]
0 483 3 | [777 21094 13] | [0.63250464 0.85157746 0.75450903] | [777 21094 13]
0 486 1 | [353 3172 1066] | [0.43387145 0.99309546 0.6559213] | [6558]
0 487 3 | [728 1066 958] | [0.9999921 0.8330764 0.88072824] | [728 1066 958]
0 490 2 | [279 38016 5313] | [0.88649607 0.46561125 0.8276162] | [279 4145]
0 492 3 | [38016 5313 2394] | [0.61209416 0.67538583 0.65688705] | [38016 5313 310]
0 495 3 | [2353 279 2574] | [0.66068125 0.99647206 0.4722777] | [2353 279 2574]
0 498 3 | [14760 13 198] | [0.94533414 0.97257805 0.63317394] | [14760 13 198]
0 501 1 | [510 15704 29] | [0.93544525 0.42554474 0.99999744] | [248069]
0 502 2 | [271 760 709] | [0.9999996 0.44290486 0.5285696] | [271 71093]
0 504 3 | [3237 198 2739] | [0.9999572 0.9999997 0.62380904] | [3237 198 464]
0 507 3 | [318 198 262] | [0.9994985 0.9999978 0.99877876] | [318 198 262]
0 510 3 | [328 18034 1] | [0.9997715 0.99896604 0.9999983] | [328 18034 1]
0 513 2 | [198 8 271] | [0.99998426 0.5718681 0.9999878] | [198 262]
0 515 3 | [328 23744 1] | [0.99975574 0.999942 0.9999993] | [328 23744 1]
0 518 3 | [198 8 271] | [0.9999899 0.99993145 0.99992645] | [198 8 271]
0 521 3 | [320 1690 264] | [0.9979705 0.9999272 1] | [320 1690 264]
0 524 3 | [2574 886 11] | [0.9999999 0.99999756 1] | [2574 886 11]
0 527 3 | [17743 40657 5587] | [0.99999315 0.99999994 0.9999932] | [17743 40657 5587]
0 530 3 | [310 38175 321] | [1 0.99998856 1] | [310 38175 321]
0 533 3 | [38175 310 40657] | [0.9999979 1 0.99999976] | [38175 310 40657]
0 536 3 | [13 198 320] | [0.9999999 1 0.9923904] | [13 198 320]
0 539 3 | [11765 38951 4068] | [0.9999907 0.9999937 0.9999866] | [11765 38951 4068]
0 542 3 | [482 9419 837] | [0.896877 0.99999493 0.99999905] | [482 9419 837]
0 545 3 | [198 320 359] | [0.9999994 0.99999994 0.9999998] | [198 320 359]
0 548 2 | [71 4638 6] | [1 0.4133619 0.9999999] | [71 198669]
0 550 3 | [6 198 2739] | [0.9999998 0.99999887 0.9999976] | [6 198 2739]
0 553 3 | [38951 4068 4060] | [0.9999971 0.9999982 0.9999877] | [38951 4068 4060]
0 556 3 | [886 8 886] | [0.99999994 0.99999994 0.99999994] | [886 8 886]
0 559 3 | [313 198 827] | [1 0.99998116 0.6786982] | [313 198 262]
0 562 3 | [460 8796 9804] | [0.9988997 0.9999619 0.9999471] | [460 8796 9804]
0 565 3 | [17994 2515 61353] | [0.99934816 0.9997921 1] | [17994 2515 61353]
0 568 3 | [8 61353 313] | [0.9999999 1 0.9950429] | [8 61353 313]
0 571 3 | [198 285 413] | [1 0.99994254 0.9996178] | [198 285 413]
0 574 3 | [25243 4358 8780] | [0.99615794 0.99999225 0.9974212] | [25243 4358 8780]
0 577 3 | [2515 8 313] | [0.99999064 1 0.99999857] | [2515 8 313]
0 580 3 | [198 309 460] | [0.9999997 0.99999845 0.99999845] | [198 309 460]
0 583 3 | [25243 47735 2515] | [0.999996 0.9999221 0.9999995] | [25243 47735 2515]
0 586 3 | [8 198 285] | [0.99999994 0.99999076 0.99999684] | [8 198 285]
0 589 3 | [333 745 413] | [0.9999974 0.7462482 0.9999055] | [333 745 413]
0 592 3 | [25243 4358 13843] | [0.99999946 0.99999666 0.99998724] | [25243 4358 13843]
0 595 3 | [2515 8 313] | [1 1 1] | [2515 8 313]
0 598 3 | [198 309 460] | [1 1 0.9999998] | [198 309 460]
0 601 3 | [25243 29004 2515] | [0.99999833 0.999983 0.99999994] | [25243 29004 2515]
0 604 3 | [8 198 285] | [1 0.99999744 0.99999946] | [8 198 285]
0 607 3 | [333 198 285] | [1 0.9996096 0.9995997] | [333 198 285]
0 610 3 | [460 427 198] | [0.9999938 0.99999446 0.9998454] | [460 427 198]
0 613 3 | [262 2390 592] | [0.99999905 0.99999315 0.99997824] | [262 2390 592]
0 616 3 | [8 198 92] | [0.99999875 0.99999976 0.999999] | [8 198 92]
0 619 2 | [198 13475 7561] | [0.99984205 0.50106263 0.82016724] | [198 71093]
0 621 2 | [271 332 4199] | [0.9999933 0.81816894 0.9974887] | [271 1919]
0 623 1 | [709 5533 1510] | [0.4224134 0.6275669 0.9994521] | [7873]
0 624 3 | [5533 1510 18034] | [0.9362614 0.9993033 0.9984309] | [5533 1510 18034]
0 627 3 | [9804 63 864] | [0.99989605 0.9311307 0.550773] | [9804 63 310]
0 630 3 | [28662 888 1754] | [0.6132519 0.9950649 0.9989635] | [28662 888 1754]
0 633 3 | [61353 303 279] | [0.9863507 0.7663202 0.99988836] | [61353 303 279]
0 636 3 | [886 321 16298] | [0.99343973 0.82386637 0.9323557] | [886 321 25]
0 639 3 | [198 12 2972] | [0.55361474 0.9997742 0.8625316] | [198 12 40351]
0 642 3 | [40657 11592 310] | [0.7548901 0.9649864 0.9915719] | [40657 11592 310]
0 645 2 | [38175 198 12] | [0.9934866 0.78039175 1] | [38175 1608]
0 647 3 | [1510 23744 4358] | [0.9999819 0.99973685 0.993631] | [1510 23744 47735]
0 650 3 | [63 198 12] | [0.99164766 0.9997661 1] | [63 198 12]
0 653 3 | [40351 38175 11592] | [0.9996352 0.9999991 0.99996674] | [40351 38175 11592]
0 656 3 | [310 40657 1608] | [0.9999998 0.9999985 0.9999301] | [310 40657 1608]
0 659 3 | [1510 23744 29004] | [0.99999994 0.9999585 0.99992925] | [1510 23744 29004]
0 662 3 | [63 198 12] | [0.9999995 0.99985474 0.99999994] | [63 198 12]
0 665 1 | [5019 2397 18212] | [0.5036009 0.83191514 0.91287875] | [74864]
0 666 1 | [2397 18212 734] | [0.74918354 0.98963076 0.9286706] | [660]
0 667 3 | [975 5587 318] | [0.9940582 0.9988087 0.9616609] | [975 5587 318]
0 670 3 | [58722 11 17210] | [0.99634314 0.99999875 0.8269084] | [58722 11 59429]
0 673 3 | [11 12258 8] | [0.99962825 0.66460997 0.9524121] | [11 12258 11]
0 676 3 | [4831 5946 33702] | [0.98517066 0.9999344 0.9980647] | [4831 5946 33702]
0 679 2 | [271 760 1510] | [0.99332017 0.44730687 0.6874636] | [271 15947]
0 681 1 | [1510 23744 63] | [0.74665093 0.97207326 0.9984788] | [279]
0 682 3 | [1510 23744 63] | [0.99954396 0.99980396 0.9999066] | [1510 23744 63]
0 685 2 | [6129 369 777] | [0.99947166 0.42065704 0.92487913] | [6129 24546]
0 687 1 | [5976 11256 314] | [0.5572104 0.87195104 0.9920976] | [4252]
0 688 3 | [11256 314 2397] | [0.937346 0.8751454 0.81372386] | [11256 314 34707]
0 691 3 | [5587 7551 38016] | [0.9310695 0.50981736 0.9840527] | [5587 7551 6557]
0 694 2 | [38016 11592 13] | [0.9998696 0.43578526 0.68482614] | [38016 13]
0 696 1 | [271 332 12929] | [0.59479046 0.7426695 0.8635914] | [248046]
1 298 2 | [198 9764 728] | [0.7882824 0.70662814 0.99999297] | [198 760]
1 300 3 | [1156 6587 728] | [0.99991786 0.9998184 0.99999946] | [1156 6587 728]
1 303 3 | [310 3165 264] | [0.9999999 0.99891466 0.99998486] | [310 3165 264]
1 306 3 | [709 421 25419] | [0.5465282 0.9161814 0.9999472] | [709 421 25419]
1 309 3 | [264 2321 886] | [0.9999589 0.98934907 0.9999993] | [264 2321 886]
1 312 3 | [303 279 3443] | [0.9918158 0.9906688 0.9975302] | [303 279 3443]
1 315 1 | [328 3693 20881] | [0.5181671 0.9999301 0.99999994] | [9186]
1 316 2 | [20881 20881 13] | [0.9999998 0.99194497 0.60399747] | [20881 72820]
1 318 3 | [13 6558 728] | [0.99804 0.5368263 0.9999996] | [13 6558 728]
1 321 1 | [1387 1441 279] | [0.523212 0.99999213 0.99998665] | [1683]
1 322 3 | [1472 279 8242] | [0.98429686 0.9987816 0.82204056] | [1472 279 8242]
1 325 3 | [25 271 16] | [0.99993044 0.9999999 0.99999744] | [25 271 16]
1 328 2 | [13 561 2321] | [0.9999999 0.9821351 0.9957712] | [13 2544]
1 330 3 | [886 369 524] | [0.9997942 0.97584647 0.9996835] | [886 369 524]
1 333 3 | [4147 198 17] | [0.9999985 0.9771855 1] | [4147 198 17]
1 336 2 | [13 14606 25] | [0.9999997 0.95921904 0.6860927] | [13 20542]
1 338 2 | [10206 25 198] | [0.55777293 0.9225699 0.98801506] | [10206 3018]
1 340 3 | [383 2182 25] | [0.9999969 0.9066424 0.9761464] | [383 2182 25]
1 343 3 | [198 256 471] | [0.99993485 0.99998415 1] | [198 256 471]
1 346 3 | [49619 220 16] | [0.9448304 0.9756555 0.99973667] | [49619 220 16]
1 349 3 | [11 18 11] | [0.9999916 0.9942012 0.99999994] | [11 18 11]
1 352 3 | [20 11 22] | [0.99999803 1 1] | [20 11 22]
1 355 3 | [11 23 11] | [0.99999994 1 1] | [11 23 11]
1 358 3 | [16 15 11] | [1 0.9999996 1] | [16 15 11]
1 361 3 | [16 17 25] | [0.99999654 1 0.93941444] | [16 17 25]
1 364 1 | [220 16 12] | [0.8001372 0.9999657 0.9952577] | [2756]
1 365 3 | [220 16 12] | [0.9822402 0.99999976 0.9997937] | [220 16 12]
1 368 3 | [18 16 198] | [1 0.99999917 0.99636585] | [18 16 198]
1 371 3 | [256 471 49619] | [1 0.99999994 0.9997294] | [256 471 49619]
1 374 3 | [220 19 11] | [1 1 1] | [220 19 11]
1 377 3 | [21 11 24] | [0.99999976 1 1] | [21 11 24]
1 380 3 | [11 16 16] | [1 1 1] | [11 16 16]
1 383 3 | [25 2756 220] | [0.9999999 0.9999924 0.99999994] | [25 2756 220]
1 386 3 | [16 12 18] | [1 1 0.99994874] | [16 12 18]
1 389 3 | [15 198 256] | [1 0.9998045 1] | [15 198 256]
1 392 3 | [471 18809 220] | [1 0.9994582 0.9999969] | [471 18809 220]
1 395 3 | [17 25 2756] | [0.9999984 0.9996462 0.9999506] | [17 25 2756]
1 398 3 | [220 16 12] | [0.9999926 1 1] | [220 16 12]
1 401 3 | [17 24 198] | [0.99999654 0.9999972 0.9762086] | [17 24 198]
1 404 3 | [18 13 18809] | [0.9987194 0.9999963 0.9827736] | [18 13 49619]
1 407 3 | [1220 381 220] | [0.55788004 0.9922925 0.97032624] | [1220 381 220]
1 410 3 | [16 12 16] | [0.99999547 0.9999867 1] | [16 12 16]
1 413 3 | [17 198 19] | [0.99999976 0.999341 1] | [17 198 19]
1 416 2 | [13 2544 3443] | [0.99999744 0.7229865 0.9776099] | [13 14606]
1 418 1 | [1220 381 9186] | [0.42190972 0.99999726 0.9740598] | [1902]
1 419 3 | [381 9186 20881] | [0.99999774 0.9983974 0.9999999] | [381 9186 20881]
1 422 1 | [41236 271 9764] | [0.7183346 0.48629665 0.9583729] | [72820]
1 423 3 | [318 4058 6077] | [0.81608313 0.7445169 0.9555482] | [318 4058 6077]
1 426 3 | [734 704 8] | [0.9992149 0.99980223 0.46694088] | [734 704 11]
1 429 2 | [524 16996 8] | [0.77263457 0.2575001 0.92738825] | [524 84381]
1 431 3 | [8 271 9764] | [0.9528681 0.87001824 0.90219325] | [8 271 9764]
1 434 3 | [728 1683 883] | [0.99999964 0.5438273 0.9963997] | [728 1683 883]
1 437 3 | [6607 4886 25] | [0.5898488 0.99999857 0.9962857] | [6607 4886 25]
1 440 3 | [198 12 561] | [0.99999624 0.9999972 0.6015886] | [198 12 21539]
1 443 3 | [886 11069 3439] | [0.99855244 0.8842146 0.4112116] | [886 11069 3439]
1 446 3 | [198 12 39410] | [0.9999634 0.99999946 0.7258546] | [198 12 39410]
1 449 1 | [3443 318 1856] | [0.75162196 0.9100171 0.49581784] | [24009]
1 450 2 | [318 1856 6077] | [0.94666296 0.8943405 0.9427349] | [318 4650]
1 452 3 | [593 8 11069] | [0.93173987 0.89173454 0.99999046] | [593 8 11069]
1 455 3 | [3439 198 12] | [0.9999751 0.99986726 0.9999981] | [3439 198 12]
1 458 1 | [11248 12 19000] | [0.4010353 0.9989479 0.98904306] | [39410]
1 459 3 | [1324 314 5306] | [0.9371823 0.99997306 0.87616014] | [1324 314 5306]
1 462 3 | [11069 3439 198] | [0.9496338 0.99975026 0.9879622] | [11069 3439 198]
1 465 3 | [12 11248 12] | [0.99998844 0.6835007 0.9987] | [12 11248 12]
1 468 3 | [19000 5306 11069] | [0.9991319 0.9547469 0.9996923] | [19000 5306 11069]
1 471 3 | [3439 198 12] | [0.99998647 0.999189 0.999997] | [3439 198 12]
1 474 1 | [18809 680 314] | [0.4881565 0.5617211 0.9999949] | [56095]
1 475 2 | [16996 11069 3439] | [0.97862506 0.7573047 0.9997288] | [16996 513]
1 477 3 | [5252 318 68] | [0.36615995 0.9180611 0.6257218] | [5252 318 68]
1 480 3 | [1257 2487 359] | [0.9998216 0.9995786 0.9195505] | [1257 2487 359]
1 483 3 | [15 18 12] | [0.9999329 0.9953574 0.99490577] | [15 18 12]
1 486 3 | [16 16 12] | [0.9994762 0.99998474 0.99940014] | [16 16 12]
1 489 3 | [17 15 15] | [0.9999515 0.9999997 0.9999964] | [17 15 15]
1 492 3 | [15 837 198] | [1 0.7881336 0.882678] | [15 837 198]
1 495 2 | [12 18809 220] | [0.9999671 0.19649222 0.39291084] | [12 561]
1 497 2 | [3443 1220 381] | [0.9288147 0.41019735 0.86419016] | [3443 369]
1 499 3 | [9186 20881 20881] | [0.6869327 0.99998945 0.40958646] | [9186 20881 72820]
1 502 3 | [11 748 279] | [0.51940584 0.8597291 0.30702657] | [11 748 1118]
1 505 3 | [919 369 2182] | [0.7128507 0.9875444 0.9173685] | [919 369 2182]
1 508 3 | [11 2018 369] | [0.91628766 0.9986648 0.9932213] | [11 2018 369]
1 511 3 | [1834 11 4688] | [0.9988758 0.9998041 0.9991102] | [1834 11 4688]
1 514 3 | [369 1007 271] | [0.99996954 0.9999691 0.94532365] | [369 1007 271]
1 517 3 | [9764 728 3165] | [0.8834224 1 0.837006] | [9764 728 3165]
1 520 3 | [279 709 25] | [0.96450084 0.95245963 0.9949103] | [279 709 25]
1 523 2 | [271 16 13] | [0.9996018 0.9732615 0.9999979] | [271 71093]
1 525 3 | [12305 198 727] | [0.99988484 0.9999999 0.9998771] | [12305 198 727]
1 528 3 | [2610 4028 11631] | [0.9999994 0.9999994 0.9999975] | [2610 4028 11631]
1 531 3 | [1590 198 262] | [0.9998728 0.99999994 0.9999998] | [1590 198 262]
1 534 2 | [653 17561 220] | [0.9154871 0.45234647 0.99999875] | [653 4109]
1 536 3 | [413 4147 198] | [0.8197037 0.87364024 0.99681574] | [413 4147 198]
1 539 3 | [262 413 524] | [1 0.9999753 0.999984] | [262 413 524]
1 542 3 | [2321 25 198] | [0.99988246 0.9813726 0.9999941] | [2321 25 198]
1 545 3 | [285 460 3439] | [0.9999944 0.99999416 0.999994] | [285 460 3439]
1 548 3 | [6987 262 653] | [0.99742854 0.99999994 0.9996938] | [6987 262 653]
1 551 3 | [4109 3443 25] | [0.92812675 0.9744413 0.5945582] | [4109 3443 25]
1 554 2 | [1902 381 9186] | [0.51242775 0.74456096 0.9779863] | [1902 599]
1 556 1 | [6077 734 704] | [0.6499451 0.9999498 0.9999782] | [6681]
1 557 3 | [220 18 5306] | [0.9656663 0.99191314 0.92625165] | [220 18 5306]
1 560 3 | [18101 539 20046] | [0.99814 0.99999994 0.7408192] | [18101 539 20046]
1 563 3 | [198 262 5306] | [0.99995536 0.99999255 0.91083485] | [198 262 5306]
1 566 3 | [283 2321 5121] | [0.99999976 0.99998593 0.9999995] | [283 2321 5121]
1 569 3 | [14233 837 198] | [0.99867773 0.99999714 0.99998647] | [14233 837 198]
1 572 3 | [262 413 2343] | [0.9999748 0.99989647 0.9999807] | [262 413 2343]
1 575 3 | [44674 8 931] | [0.9999903 0.99994737 0.9999575] | [44674 8 931]
1 578 3 | [220 18 25] | [0.99999046 0.99998355 0.9999979] | [220 18 25]
1 581 3 | [198 285 460] | [0.9999988 0.99999994 0.99999577] | [198 285 460]
1 584 3 | [3439 6987 262] | [0.9999912 0.99992925 0.99999994] | [3439 6987 262]
1 587 3 | [653 4109 413] | [0.9079546 0.98236656 0.781826] | [653 4109 1754]
1 590 3 | [919 369 23311] | [0.9899334 0.997416 0.84173155] | [919 369 23311]
1 593 3 | [198 262 2182] | [0.91999847 0.99999994 0.60815376] | [198 262 364]
1 596 3 | [919 303 5306] | [0.9797598 0.9999745 0.99999774] | [919 303 5306]
1 599 3 | [25 198 285] | [0.99999857 1 0.9999991] | [25 198 285]
1 602 3 | [413 524 919] | [0.99868304 0.9954388 0.99518925] | [413 524 919]
1 605 1 | [2011 19000 4406] | [0.44106424 0.982299 0.9844222] | [84736]
1 606 3 | [4406 198 309] | [0.9979214 0.99425805 0.9999806] | [4406 198 309]
1 609 3 | [460 3439 6987] | [0.99997807 0.99995637 0.99978596] | [460 3439 6987]
1 612 2 | [262 653 4109] | [0.99999034 0.9622759 0.4499648] | [262 2182]
1 614 3 | [283 514 44674] | [0.6771557 0.99998605 0.9955444] | [283 514 44674]
1 617 3 | [58 15 2387] | [1 0.9999987 0.99935865] | [58 15 2387]
1 620 3 | [198 262 1834] | [0.99990255 1 0.99954325] | [198 262 1834]
1 623 3 | [283 514 44674] | [0.99997395 0.9999999 0.99998826] | [283 514 44674]
1 626 3 | [58 16 2387] | [0.99999994 1 0.9999903] | [58 16 2387]
1 629 3 | [198 262 1007] | [0.9999686 0.99999964 0.9999711] | [198 262 1007]
1 632 3 | [283 514 44674] | [0.9999845 0.9999977 0.999992] | [283 514 44674]
1 635 3 | [58 17 2387] | [0.9999996 0.9999996 0.9999852] | [58 17 2387]
1 638 3 | [198 1031 262] | [0.98811734 0.9999136 1] | [198 1031 262]
1 641 3 | [653 4109 2182] | [0.99999434 0.6144558 0.88020116] | [653 4109 2182]
1 644 3 | [2020 198 262] | [0.6757531 0.93365103 1] | [2020 198 262]
1 647 3 | [413 2182 361] | [0.99997276 0.9997581 0.9999997] | [413 2182 361]
1 650 3 | [220 16 466] | [0.9999979 1 0.99999964] | [220 16 466]
1 653 3 | [2182 835 220] | [0.99998695 1 1] | [2182 835 220]
1 656 3 | [16 17 25] | [0.9999974 1 0.9999966] | [16 17 25]
1 659 3 | [198 285 460] | [0.9999995 0.9999998 0.9999953] | [198 285 460]
1 662 3 | [3439 6987 262] | [0.99999946 0.99982244 0.99999946] | [3439 6987 262]
1 665 3 | [653 4109 1834] | [0.99999905 0.9839515 0.7891907] | [653 4109 1834]
1 668 3 | [2020 3018 383] | [0.9748341 0.4850695 0.99999934] | [2020 3018 383]
1 671 3 | [2182 198 262] | [0.9999501 0.99995476 0.9999987] | [2182 198 262]
1 674 3 | [413 2182 303] | [0.9845338 0.99966604 0.99973154] | [413 2182 303]
1 677 3 | [498 16 11] | [0.8306081 0.9987923 0.99999964] | [498 16 11]
1 680 3 | [220 18 11] | [0.9927518 0.9999989 1] | [220 18 11]
1 683 3 | [220 20 11] | [0.99999446 0.9999999 1] | [220 20 11]
1 686 3 | [220 22 11] | [0.9999995 0.99999976 1] | [220 22 11]
1 689 3 | [220 23 11] | [0.99999976 0.9999974 1] | [220 23 11]
1 692 3 | [220 16 15] | [0.9999995 0.99999964 0.9999997] | [220 16 15]
1 695 3 | [11 220 16] | [1 0.99999434 1] | [11 220 16]
1 698 3 | [17 5491 198] | [1 0.99951565 0.9999247] | [17 5491 198]
1 701 3 | [285 413 1834] | [0.9999978 0.97988105 0.9999839] | [285 413 1834]
1 704 3 | [361 220 16] | [0.9999918 0.99999994 1] | [361 220 16]
1 707 3 | [466 1834 835] | [0.99999875 0.9999997 0.9999845] | [466 1834 835]
1 710 3 | [220 18 16] | [0.9999982 0.9999999 1] | [220 18 16]
1 713 3 | [25 198 309] | [0.99999994 0.99999744 0.99999964] | [25 198 309]
1 716 3 | [460 3439 198] | [0.99999976 0.9999898 0.9999991] | [460 3439 198]
1 719 3 | [262 4265 2182] | [0.99999654 0.99963313 0.9999955] | [262 4265 2182]
1 722 3 | [303 498 19] | [0.9999999 0.9999999 1] | [303 498 19]
1 725 3 | [11 220 21] | [1 0.99999875 0.99999994] | [11 220 21]
1 728 3 | [11 220 24] | [1 0.9999994 1] | [11 220 24]
1 731 3 | [11 220 16] | [1 0.99999964 1] | [11 220 16]
1 734 3 | [16 5491 198] | [1 0.9999938 1] | [16 5491 198]
1 737 3 | [285 413 1834] | [1 0.9999976 0.9999989] | [285 413 1834]
1 740 3 | [361 220 16] | [0.9999999 1 1] | [361 220 16]
1 743 3 | [466 1834 835] | [1 0.99999994 1] | [466 1834 835]
1 746 2 | [220 17 24] | [0.99999994 0.9988968 0.9995169] | [220 18]
1 748 3 | [15 25 198] | [0.99999994 1 1] | [15 25 198]
1 751 3 | [309 460 3439] | [0.99638194 0.99999994 0.9999988] | [309 460 3439]
1 754 3 | [198 262 4265] | [0.9999991 0.9999998 0.6268922] | [198 262 4265]
1 757 3 | [2182 606 220] | [0.9999703 0.99999875 0.99999994] | [2182 606 220]
1 760 3 | [17 25 198] | [0.99999946 0.9999995 0.99998474] | [17 25 198]
1 763 3 | [285 413 1834] | [1 0.99932355 0.9999999] | [285 413 1834]
1 766 3 | [361 220 16] | [0.9999997 1 1] | [361 220 16]
1 769 3 | [466 1834 835] | [1 0.99999994 1] | [466 1834 835]
1 772 3 | [220 17 24] | [1 0.9999999 1] | [220 17 24]
1 775 3 | [25 198 309] | [1 0.9999998 1] | [25 198 309]
1 778 3 | [460 3439 6987] | [0.99999994 0.9999989 0.99989444] | [460 3439 6987]
1 781 3 | [262 460 2912] | [0.9999889 0.9752579 0.9999801] | [262 460 2912]
1 784 2 | [198 52451 271] | [0.9999991 0.41493276 0.99999905] | [198 71093]
1 786 3 | [271 13784 11] | [0.9999997 0.90997505 0.99997294] | [271 13784 11]
1 789 3 | [353 1144 310] | [0.52843314 0.58480364 0.99991333] | [353 1144 310]
1 792 2 | [1048 2814 279] | [0.6213586 0.49574012 0.5821971] | [1048 1716]
1 794 3 | [421 279 3443] | [0.7299032 0.987762 0.9282061] | [421 279 3443]
1 797 3 | [369 6681 9186] | [0.47045177 0.50864977 0.98696876] | [369 6681 9186]
1 800 2 | [20881 20881 13] | [0.9999118 0.48331833 0.52135843] | [20881 72820]
1 802 3 | [13 561 1007] | [0.8835936 0.58882177 0.21152456] | [13 561 6507]
1 805 1 | [14233 837 1220] | [0.8898476 0.9999914 0.54876983] | [539]
1 806 3 | [20046 1220 3579] | [0.9975589 0.59012365 0.8505181] | [20046 1220 3579]
1 809 1 | [411 13 1921] | [0.5059051 0.65850854 0.9778387] | [279]
1 810 3 | [24009 1716 13] | [0.39102027 0.84550285 0.8350759] | [24009 1716 13]
1 813 3 | [1921 1092 883] | [0.8190537 0.9425229 0.9280605] | [1921 1092 883]
1 816 1 | [359 15 21] | [0.22415946 0.9717858 0.9383888] | [2414]
1 817 3 | [1040 359 15] | [0.99996746 0.9959223 0.98422724] | [1040 359 15]
1 820 2 | [21 12 15] | [0.95735365 0.8991181 0.9879685] | [21 14]
1 822 3 | [15 19 14] | [0.99999964 0.99999994 0.99995536] | [15 19 14]
1 825 3 | [17 15 17] | [0.9999975 1 0.9999999] | [17 15 17]
1 828 2 | [15 6 471] | [1 0.99959654 0.96667445] | [15 67619]
1 830 3 | [26907 1235 539] | [0.4174486 0.9862996 0.996278] | [26907 1235 539]
1 833 3 | [20046 1000 2873] | [0.9956024 0.68773836 0.99898106] | [20046 1000 2873]
1 836 1 | [799 919 359] | [0.67733294 0.8880235 0.57760155] | [2429]
1 837 3 | [15 21 14] | [0.9905924 1 0.99996465] | [15 21 14]
1 840 3 | [15 19 14] | [1 1 0.9999645] | [15 19 14]
1 843 3 | [17 15 17] | [0.99999636 1 0.99999994] | [17 15 17]
1 846 2 | [15 3953 864] | [0.9999997 0.65680486 0.9035692] | [15 642]
1 848 2 | [864 369 220] | [0.98114306 0.55138284 0.42976296] | [864 682]
1 850 3 | [2984 220 16] | [0.94351244 0.9998434 1] | [2984 220 16]
1 853 3 | [11 748 424] | [0.99943316 0.883212 0.8489232] | [11 748 424]
1 856 3 | [1000 460 3439] | [0.947398 0.8038467 0.9997978] | [1000 460 3439]
1 859 3 | [13 7441 13] | [0.99587804 0.9332292 0.9999759] | [13 7441 13]
1 862 3 | [271 3710 883] | [0.9999981 0.63114566 0.99581444] | [271 3710 883]
1 865 3 | [359 15 19] | [0.7805667 0.9655271 0.39104825] | [359 15 19]
1 868 3 | [12 15 12] | [0.99947405 0.9987164 0.9996943] | [12 15 12]
1 871 3 | [17 15 19] | [0.99999726 1 1] | [17 15 19]
1 874 2 | [15 6 471] | [0.99999994 0.8982216 0.7136238] | [15 67619]
1 876 1 | [26907 1235 539] | [0.85358214 0.93799794 0.98458374] | [5306]
1 877 1 | [283 2429 15] | [0.9258972 0.99976754 0.99955165] | [1000]
1 878 3 | [381 2429 15] | [0.99993527 0.9940026 0.9999196] | [381 2429 15]
1 881 3 | [19 504 359] | [0.99997 0.99895114 0.99615866] | [19 504 359]
1 884 3 | [15 504 359] | [0.99997234 0.99999887 0.9999991] | [15 504 359]
1 887 3 | [17 15 19] | [0.999988 0.99999845 1] | [17 15 19]
1 890 2 | [15 3953 321] | [0.9995465 0.7124452 0.4692217] | [15 6978]
1 892 2 | [1834 283 220] | [0.45500687 0.84671706 0.9955323] | [1834 1000]
1 894 3 | [381 220 15] | [0.99992335 0.9783731 0.9995372] | [381 220 15]
1 897 3 | [11 864 369] | [0.9869782 0.94682395 0.9719874] | [11 864 369]
1 900 3 | [361 220 16] | [0.6547479 0.997494 1] | [361 220 16]
1 903 3 | [11 748 424] | [0.9962591 0.99996585 0.9929257] | [11 748 424]
1 906 3 | [4523 3439 13] | [0.9020075 0.9999911 0.99984336] | [4523 3439 13]
1 909 3 | [7441 13 271] | [0.9974358 0.9999941 0.99993294] | [7441 13 271]
1 912 3 | [3710 883 359] | [0.99260545 0.9999839 0.9964673] | [3710 883 359]
1 915 3 | [16 20 12] | [0.99963474 0.9999795 0.99999994] | [16 20 12]
1 918 3 | [15 16 12] | [0.999999 1 1] | [15 16 12]
1 921 3 | [17 15 16] | [0.9999965 0.9999995 1] | [17 15 16]
1 924 2 | [17 6 7403] | [1 0.97378874 0.36460638] | [17 67619]
1 926 3 | [2182 1000 381] | [0.71238714 0.7995284 0.9999983] | [2182 1000 381]
1 929 3 | [220 16 20] | [0.99999005 0.9999998 1] | [220 16 20]
1 932 3 | [11 864 369] | [0.96059 0.9822127 0.99798685] | [11 864 369]
1 935 3 | [835 220 16] | [0.99995863 0.999832 1] | [835 220 16]
1 938 3 | [17 11 748] | [1 0.9992682 0.9992939] | [17 11 748]
1 941 3 | [424 4523 3439] | [0.67015725 0.99996996 0.99999857] | [424 4523 3439]
1 944 3 | [13 7441 13] | [0.9999994 0.999993 0.9999995] | [13 7441 13]
1 947 3 | [271 3710 883] | [0.99986094 0.47679126 0.9965991] | [271 3710 883]
1 950 2 | [4147 8796 30] | [0.40297192 0.7181894 0.9423832] | [4147 886]
1 952 2 | [30 26907 1235] | [0.94884986 0.25661477 0.9419391] | [30 1510]
1 954 3 | [1856 2321 63] | [0.87860316 0.9987788 0.9999894] | [1856 2321 63]
1 957 3 | [1000 381 2912] | [0.71423453 0.86087924 0.99870557] | [1000 381 2912]
1 960 3 | [364 4147 886] | [0.9119297 0.954825 0.9790909] | [364 4147 886]
1 963 2 | [11 748 424] | [0.98212993 0.938856 0.9040917] | [11 4523]
1 965 3 | [3439 13 7441] | [0.99982417 0.99999547 0.9967724] | [3439 13 7441]
1 968 3 | [13 271 3710] | [0.9999917 0.99848026 0.5564774] | [13 271 3710]
1 971 2 | [883 279 3443] | [0.9962092 0.28272516 0.277906] | [883 264]
1 973 3 | [886 440 4799] | [0.96364963 0.6504464 0.69995314] | [886 440 1132]
1 976 1 | [12258 1040 359] | [0.8648795 0.49290407 0.99838257] | [6077]
1 977 3 | [734 704 30] | [0.9999953 0.9999091 0.54431784] | [734 704 1040]
1 980 3 | [359 4277 6] | [0.59521335 0.98879796 0.99672425] | [359 4277 67619]
1 983 3 | [5306 1000 381] | [0.5208697 0.6355162 0.9999136] | [5306 1000 381]
1 986 1 | [2429 39697 1780] | [0.9275753 0.99845886 0.9424648] | [42214]
1 987 2 | [8710 8710 359] | [0.9999968 0.99701184 0.99337083] | [8710 359]
1 989 2 | [3953 864 369] | [0.82925874 0.32371432 0.7415076] | [3953 321]
1 991 2 | [41445 284 33777] | [0.28645062 0.98686534 0.9876452] | [41445 67464]
1 993 3 | [363 369 3439] | [0.9991922 0.86865604 0.9999759] | [363 369 3439]
1 996 3 | [11 748 424] | [0.9902614 0.92326903 0.9236497] | [11 748 424]
1 999 3 | [4523 3439 13] | [0.9357752 0.9999891 0.9999948] | [4523 3439 13]
1 1002 3 | [7441 13 271] | [0.9995419 0.999999 0.999952] | [7441 13 271]
1 1005 1 | [40 1683 411] | [0.59800667 0.99461216 0.96322453] | [3710]
1 1006 2 | [883 264 886] | [0.99964195 0.25922477 0.67191947] | [883 359]
1 1008 2 | [15 19 12] | [0.8050441 0.41508448 0.96137965] | [15 18]
1 1010 3 | [12 16 16] | [0.9935257 0.7798093 0.9990502] | [12 16 16]
1 1013 3 | [12 17 15] | [0.9970174 0.9975936 0.9998238] | [12 17 15]
1 1016 3 | [15 15 6] | [0.99832183 0.99979174 0.89770967] | [15 15 67619]
1 1019 1 | [5306 283 2429] | [0.62768775 0.95673776 0.9998597] | [2182]
1 1020 3 | [28 18 11] | [0.92194295 0.99999917 0.99615365] | [28 18 11]
1 1023 3 | [1834 28 16] | [0.99982274 0.99997 0.99999917] | [1834 28 16]
1 1026 3 | [16 11 1007] | [0.99999887 0.99806714 0.99976283] | [16 11 1007]
1 1029 3 | [28 17 15] | [0.99998426 0.9999994 0.9999999] | [28 17 15]
1 1032 3 | [15 15 13] | [0.99999994 1 0.99674857] | [15 15 13]
1 1035 1 | [1942 2610 13] | [0.3047627 0.9906339 0.93008775] | [18809]
1 1036 1 | [220 18 369] | [0.9777434 0.99998987 0.88787484] | [369]
1 1037 2 | [2610 11 1834] | [0.6179799 0.921642 0.9962366] | [2610 318]
1 1039 3 | [16 12 16] | [0.98808134 0.9999677 1] | [16 12 16]
1 1042 3 | [17 681 1834] | [0.99972665 0.9765515 0.9849666] | [17 681 1834]
1 1045 3 | [369 2610 364] | [0.8559832 0.6389118 0.5401689] | [369 2610 364]
1 1048 3 | [2182 220 18] | [0.9689494 0.9998605 0.99704367] | [2182 220 18]
1 1051 3 | [318 16 12] | [0.99968857 0.9948107 0.99981964] | [318 16 12]
1 1054 3 | [18 16 553] | [0.99997526 0.99999976 0.638111] | [18 16 553]
1 1057 3 | [5019 2912 13] | [0.98811334 0.999997 0.9999996] | [5019 2912 13]
1 1060 3 | [7441 13 271] | [0.9991746 0.99999297 0.99999046] | [7441 13 271]
1 1063 1 | [40 1683 411] | [0.58488977 0.99845916 0.96701133] | [3710]
1 1064 3 | [883 359 15] | [0.9999882 0.97933316 0.9798348] | [883 359 15]
1 1067 3 | [21 12 15] | [0.9993539 0.9999999 0.9999995] | [21 12 15]
1 1070 3 | [19 12 17] | [0.99999964 1 0.9999999] | [19 12 17]
1 1073 3 | [15 17 15] | [0.99999994 0.9999992 1] | [15 17 15]
1 1076 1 | [19610 2182 28] | [0.24712963 0.9962792 0.99992573] | [67619]
1 1077 3 | [2182 28 21] | [0.99899256 0.99997586 0.99999994] | [2182 28 21]
1 1080 3 | [11 1834 28] | [0.9999142 0.99999505 0.99999386] | [11 1834 28]
1 1083 3 | [19 11 1007] | [0.99971366 0.9911022 0.99991137] | [19 11 1007]
1 1086 3 | [28 17 15] | [0.9999974 1 1] | [28 17 15]
1 1089 3 | [17 15 13] | [0.99999994 1 0.9999971] | [17 15 13]
1 1092 3 | [18809 369 2610] | [0.97217286 0.96918833 0.99945205] | [18809 369 2610]
1 1095 3 | [11 1834 369] | [0.7682031 0.99993855 0.9898589] | [11 1834 369]
1 1098 3 | [2610 364 2182] | [0.99380887 0.9982017 0.9998938] | [2610 364 2182]
1 1101 3 | [220 21 318] | [0.999996 0.99998593 0.9997802] | [220 21 318]
1 1104 3 | [16 12 18] | [0.9988909 0.9999996 1] | [16 12 18]
1 1107 3 | [15 553 5019] | [0.99999845 0.99934 0.9999468] | [15 553 5019]
1 1110 3 | [2912 13 7441] | [0.99999875 0.9999995 0.9999835] | [2912 13 7441]
1 1113 3 | [13 271 40] | [0.9999992 0.9999783 0.8564341] | [13 271 40]
1 1116 3 | [1683 411 6093] | [0.99854505 0.9453198 0.92921716] | [1683 411 6093]
1 1119 1 | [13081 660 279] | [0.47932875 0.98931843 0.5198959] | [369]
1 1120 3 | [4252 13 6558] | [0.8352864 0.9191138 0.9976107] | [4252 13 6558]
1 1123 3 | [728 1048 2814] | [0.9999917 0.99862957 0.7630027] | [728 1048 2814]
1 1126 1 | [413 1017 579] | [0.61220187 0.5786036 0.5431745] | [25]
1 1127 3 | [1220 353 1716] | [0.5882258 0.98026174 0.94237286] | [1220 353 1716]
1 1130 3 | [421 279 1007] | [0.61731166 0.6998869 0.3498218] | [421 279 1007]
1 1133 2 | [369 220 15] | [0.5292755 0.37752178 0.5893838] | [369 2610]
1 1135 3 | [30 561 3377] | [0.9921356 0.99935085 0.99511665] | [30 561 3377]
1 1138 3 | [3070 914 6088] | [0.89514273 0.99999976 0.96406645] | [3070 914 6088]
1 1141 3 | [866 1007 10206] | [0.60096276 0.7843885 0.63069475] | [866 1007 16484]
1 1144 3 | [11 748 353] | [0.99594116 0.9976227 0.7291666] | [11 748 353]
1 1147 2 | [3172 1066 1716] | [0.9635077 0.6494615 0.77699554] | [3172 5106]
1 1149 3 | [424 430 369] | [0.9991054 0.79703337 0.97518414] | [424 430 369]
1 1152 3 | [13 271 3833] | [0.98271036 0.97680485 0.3579359] | [13 271 13007]
1 1155 2 | [11 1220 353] | [0.9643802 0.74770683 0.98915017] | [11 353]
1 1157 3 | [1220 2814 25] | [0.9782478 0.8186336 0.45415097] | [1220 2814 25]
1 1160 3 | [1092 413 279] | [0.9287996 0.7539858 0.665865] | [1092 413 279]
1 1163 2 | [2321 682 4799] | [0.5641627 0.4303668 0.6117432] | [2321 886]
1 1165 2 | [682 4799 12258] | [0.6001659 0.46029383 0.50976616] | [682 12258]
1 1167 3 | [30 8639 359] | [0.7222636 0.3987794 0.99941003] | [30 8639 359]
1 1170 3 | [220 15 18] | [0.9505776 0.9005425 0.9998088] | [220 15 18]
1 1173 3 | [12 16 16] | [0.9998445 0.9997471 0.9999999] | [12 16 16]
1 1176 3 | [12 17 15] | [0.99999887 0.9999976 1] | [12 17 15]
1 1179 3 | [15 15 4282] | [0.999998 0.99999994 0.47417238] | [15 15 67619]
1 1182 3 | [561 3377 3070] | [0.9575568 0.9545918 0.700854] | [561 3377 3070]
1 1185 3 | [914 6088 424] | [0.9999892 0.7462012 0.4967787] | [914 6088 79062]
1 1188 3 | [11 748 353] | [0.7811931 0.862338 0.9991183] | [11 748 353]
1 1191 3 | [3172 9370 424] | [0.97938544 0.46628135 0.71019477] | [3172 9370 874]
1 1194 1 | [6187 20827 13868] | [0.36745706 0.9911386 0.9999976] | [79062]
1 1195 3 | [369 4221 13] | [0.45051113 0.980352 0.94366753] | [369 4221 13]
1 1198 1 | [1921 3404 11] | [0.339478 0.45827714 0.99920064] | [32645]
1 1199 3 | [11 1042 728] | [0.9987845 0.3117981 0.99988824] | [11 1042 728]
1 1202 3 | [524 884 4799] | [0.44776294 0.9148386 0.7808687] | [524 884 79062]
1 1205 3 | [2394 279 3377] | [0.6671307 0.87159306 0.97265786] | [2394 279 3377]
1 1208 3 | [3070 914 6088] | [0.9624938 0.9999914 0.9245042] | [3070 914 6088]
1 1211 3 | [424 13 271] | [0.99999374 0.9928116 0.99743307] | [424 13 271]
1 1214 3 | [3833 777 3065] | [0.71514606 0.9936024 0.9629888] | [3833 777 3065]
1 1217 3 | [25 1092 883] | [0.5675557 0.59870106 0.8765415] | [25 1092 883]
1 1220 3 | [359 15 18] | [0.31813815 0.9066128 0.38399038] | [359 15 18]
1 1223 3 | [12 16 16] | [0.9885801 0.8566268 0.9979771] | [12 16 16]
1 1226 3 | [12 17 15] | [0.99608535 0.9931769 0.999342] | [12 17 15]
1 1229 3 | [15 15 12] | [0.97427243 0.98039436 0.39674032] | [15 15 12]
1 1232 2 | [15 15 15] | [0.68387437 0.6596506 0.94834256] | [15 16]
1 1234 1 | [6 466 2414] | [0.9897076 0.91040844 0.94259006] | [67619]
1 1235 2 | [26907 1235 539] | [0.46629527 0.8319317 0.99641746] | [26907 539]
1 1237 3 | [20046 6486 220] | [0.9961173 0.8876168 0.50582] | [20046 6486 220]
1 1240 3 | [19 5306 11] | [0.99957067 0.99568236 0.98942375] | [19 5306 11]
1 1243 1 | [748 2343 931] | [0.36498284 0.5160907 0.99775517] | [2343]
1 1244 3 | [931 220 18] | [0.997159 0.99999964 0.99998015] | [931 220 18]
1 1247 3 | [11 4523 3439] | [0.9996197 0.9108269 0.9999859] | [11 4523 3439]
1 1250 3 | [13 7441 13] | [0.9999989 0.99637634 0.99998504] | [13 7441 13]
1 1253 3 | [271 40 1683] | [0.9779716 0.8852955 0.98047936] | [271 40 1683]
1 1256 3 | [279 6093 369] | [0.74296486 0.9978718 0.937495] | [279 6093 369]
1 1259 2 | [4434 321 4252] | [0.6713468 0.9344515 0.5417972] | [4434 13]
1 1261 2 | [198 22749 198] | [0.9509454 0.6599029 0.9768713] | [198 248069]
1 1263 2 | [271 2 7571] | [0.99999994 0.9742171 0.7587455] | [271 71093]
1 1265 3 | [12305 198 727] | [0.9999996 0.99999994 0.9999784] | [12305 198 727]
1 1268 3 | [2610 4028 11631] | [0.9999987 0.9999921 0.9999933] | [2610 4028 11631]
1 1271 3 | [1590 198 262] | [0.99990785 0.99999994 0.9999654] | [1590 198 262]
1 1274 3 | [4071 2523 599] | [0.99982435 0.99860734 0.9999514] | [4071 2523 599]
1 1277 3 | [310 3165 264] | [1 0.9999998 1] | [310 3165 264]
1 1280 3 | [709 864 25419] | [0.99999976 0.9999999 0.9999775] | [709 864 25419]
1 1283 3 | [264 2574 2321] | [1 0.9999999 0.99999994] | [264 2574 2321]
1 1286 3 | [886 321 198] | [0.9999988 0.99999976 0.99994725] | [886 321 198]
1 1289 3 | [262 4523 2912] | [1 0.99997526 0.9999908] | [262 4523 2912]
1 1292 3 | [413 279 2321] | [0.9999999 0.99999946 0.9999998] | [413 279 2321]
1 1295 3 | [369 2610 5752] | [0.9999998 0.9999997 0.9999877] | [369 2610 5752]
1 1298 3 | [3439 13 198] | [0.9999933 0.9916695 0.9999714] | [3439 13 198]
1 1301 3 | [262 561 2321] | [0.9999469 0.99762094 0.9999994] | [262 561 2321]
1 1304 3 | [369 2610 413] | [0.99999905 0.9999999 0.99999964] | [369 2610 413]
1 1307 3 | [660 314 279] | [0.99999994 0.9999999 0.9999953] | [660 314 279]
1 1310 3 | [2614 5426 513] | [0.9999995 0.9999982 0.9999998] | [2614 5426 513]
1 1313 3 | [18933 25 198] | [0.99999875 1 1] | [18933 25 198]
1 1316 3 | [262 220 16] | [0.9999999 0.999997 0.99999994] | [262 220 16]
1 1319 3 | [13 561 2321] | [1 0.999999 0.99999994] | [13 561 2321]
2 163 3 | [198 9764 728] | [0.8698507 0.9650229 0.9999895] | [198 9764 728]
2 166 3 | [22903 411 3377] | [0.90633446 0.97054094 0.99903965] | [22903 411 3377]
2 169 3 | [25 271 16] | [0.51997226 0.99985504 0.999501] | [25 271 16]
2 172 2 | [13 7145 279] | [0.99999976 0.89873433 0.9587341] | [13 353]
2 174 3 | [1144 310 1423] | [0.99999255 0.99995756 0.99998325] | [1144 310 1423]
2 177 1 | [264 3542 318] | [0.8681457 0.29982325 0.6284543] | [279]
2 178 2 | [17554 328 85] | [0.99925494 0.94217795 0.9989479] | [17554 73574]
2 180 1 | [494 279 1245] | [0.31737113 0.99954367 0.9384587] | [421]
2 181 3 | [12965 1881 1330] | [0.9722367 0.99186516 0.99417245] | [12965 1881 1330]
2 184 1 | [23173 11592 494] | [0.63105935 0.9702415 0.86849624] | [74855]
2 185 3 | [1720 494 279] | [0.9999928 0.8428631 0.9994262] | [1720 494 279]
2 188 3 | [1245 3008 314] | [0.9307282 0.99994326 0.99535036] | [1245 3008 314]
2 191 3 | [279 3299 13] | [0.99866056 0.99974823 0.9743987] | [279 3299 13]
2 194 3 | [198 17 13] | [0.9998441 0.9999481 0.9999896] | [198 17 13]
2 197 2 | [328 53 358] | [0.43266344 0.90381455 0.99986005] | [328 3702]
2 199 3 | [279 1245 3008] | [0.9999145 0.99984545 0.9998457] | [279 1245 3008]
2 202 3 | [1 3254 353] | [0.99983525 0.99978614 0.6964258] | [1 3254 353]
2 205 3 | [1220 1151 494] | [0.8134793 0.8603529 0.8047932] | [1220 1151 12910]
2 208 3 | [494 279 1245] | [0.99992263 0.9992622 0.9979068] | [494 279 1245]
2 211 1 | [809 314 279] | [0.83766884 0.942894 0.9999943] | [3444]
2 212 2 | [3542 314 279] | [0.8823659 0.6702359 0.99999875] | [3542 321]
2 214 3 | [3166 2047 13] | [0.9781534 0.9896437 0.8485197] | [3166 2047 13]
2 217 3 | [198 18 13] | [0.99997896 1 0.9999993] | [198 18 13]
2 220 2 | [357 2610 2876] | [0.48631102 0.3137172 0.27541867] | [357 73574]
2 222 3 | [1902 381 1881] | [0.7699442 0.7664935 0.9446637] | [1902 381 1881]
2 225 2 | [1330 23173 11592] | [0.99969596 0.6807737 0.5230568] | [1330 74855]
2 227 3 | [1720 318 72] | [0.99999315 0.814272 0.48629212] | [1720 318 1856]
2 230 3 | [506 279 6941] | [0.9672908 0.9516592 0.82419574] | [506 279 6941]
2 233 3 | [466 809 553] | [0.9943467 0.9547259 0.5407952] | [466 809 553]
2 236 3 | [198 19 13] | [0.9999456 0.9999988 0.9999774] | [198 19 13]
2 239 3 | [11206 15739 471] | [0.85565627 0.78634024 0.9862163] | [11206 15739 471]
2 242 2 | [748 328 52] | [0.4896542 0.7486012 0.4046609] | [748 359]
2 244 1 | [32 6 321] | [0.7104099 0.73104805 0.99727803] | [52]
2 245 2 | [6 321 359] | [0.9703742 0.9118979 0.9996685] | [6 369]
2 247 3 | [2086 494 359] | [0.8953735 0.9999792 0.99959254] | [2086 494 359]
2 250 3 | [84 4282 198] | [0.9985281 0.70526826 0.9920881] | [84 4282 198]
2 253 3 | [20 13 629] | [1 0.9999952 0.6486251] | [20 13 629]
2 256 3 | [358 1943 513] | [0.9999988 0.99999523 0.9055467] | [358 1943 513]
2 259 3 | [25 264 11] | [0.4971598 0.99131435 0.99995476] | [25 264 11]
2 262 3 | [378 11 585] | [0.99995834 0.9999999 0.9989009] | [378 11 585]
2 265 3 | [11 296 11] | [1 0.9999661 0.99999994] | [11 296 11]
2 268 2 | [560 318 429] | [0.9999983 0.71456647 0.8863074] | [560 11]
2 270 3 | [357 11 458] | [0.9999819 1 0.9997297] | [357 11 458]
2 273 3 | [11 353 11] | [1 0.99999976 1] | [11 353 11]
2 276 3 | [496 11 533] | [0.9999895 1 0.99999106] | [496 11 533]
2 279 3 | [198 21 13] | [0.62923574 0.9999994 0.9999993] | [198 21 13]
2 282 3 | [1160 901 1720] | [0.4567219 0.9999242 0.99997383] | [1160 901 1720]
2 285 3 | [513 660 975] | [0.99440193 0.7817876 0.9947053] | [513 660 975]
2 288 1 | [11592 13 271] | [0.57894385 0.6732783 0.8662994] | [6163]
2 289 3 | [11592 13 271] | [0.9998899 0.96134996 0.8464366] | [11592 13 271]
2 292 3 | [9764 728 1683] | [0.996081 0.99999934 0.90879166] | [9764 728 11319]
2 295 3 | [1472 279 9989] | [0.99942523 0.9883528 0.9898372] | [1472 279 9989]
2 298 3 | [25 198 12] | [0.99999726 0.9350986 0.9999948] | [25 198 12]
2 301 3 | [328 88 525] | [0.99999195 0.99938893 0.9999999] | [328 88 525]
2 304 3 | [5462 763 374] | [0.99999964 0.9186207 0.3703347] | [5462 763 26760]
2 307 2 | [494 279 1245] | [0.9999633 0.914328 0.9952923] | [494 1245]
2 309 2 | [11 1716 1754] | [0.7436981 0.4182716 0.7444629] | [11 359]
2 311 1 | [88 6 369] | [0.34954637 0.9948634 0.68498945] | [83]
2 312 3 | [6 369 524] | [0.99875665 0.893779 0.6774626] | [6 369 74855]
2 315 3 | [505 11 359] | [0.99995553 0.8360379 0.99099904] | [505 11 359]
2 318 3 | [84 6 369] | [0.6566529 0.99996066 0.98594046] | [84 6 369]
2 321 1 | [264 6321 11] | [0.5301747 0.78097343 0.39744222] | [73574]
2 322 3 | [11 359 81] | [0.4907621 0.9703882 0.9968281] | [11 359 81]
2 325 3 | [6 369 384] | [0.9999957 0.9996732 0.7379668] | [6 369 74855]
2 328 3 | [505 11069 359] | [0.9999776 0.51277244 0.8712358] | [505 11069 359]
2 331 3 | [84 6 369] | [0.999178 0.9997932 0.8260671] | [84 6 369]
2 334 3 | [1881 1330 11592] | [0.9985652 0.9598213 0.71691096] | [1881 1330 74855]
2 337 2 | [1720 13 50615] | [0.99999666 0.45036182 0.5958573] | [1720 11069]
2 339 3 | [460 328 84] | [0.988066 0.779608 0.9999542] | [460 328 84]
2 342 3 | [1 198 12] | [0.9944332 0.98404855 0.9995724] | [1 198 12]
2 345 3 | [328 49908 763] | [0.9999994 0.99979866 0.9999992] | [328 49908 763]
2 348 3 | [26760 494 1245] | [0.98332906 0.9999997 0.9998897] | [26760 494 1245]
2 351 3 | [11 359 37] | [0.99957466 0.9985546 0.7212649] | [11 359 43]
2 354 3 | [6 369 3413] | [0.99999535 0.99968725 0.3387377] | [6 369 74855]
2 357 3 | [505 11 359] | [0.9999957 0.999925 0.99995637] | [505 11 359]
2 360 3 | [52 6 369] | [0.9851361 0.9999862 0.9999072] | [52 6 369]
2 363 1 | [38175 11 359] | [0.27310717 0.92527556 0.99961364] | [73574]
2 364 3 | [11 359 43] | [0.99936444 0.9999784 0.999906] | [11 359 37]
2 367 3 | [6 369 61144] | [0.99999934 0.9980317 0.539082] | [6 369 74855]
2 370 3 | [505 11069 460] | [0.9999958 0.99326706 0.9896227] | [505 11069 359]
2 373 3 | [52 6 369] | [0.99999857 0.99999875 0.99999046] | [52 6 369]
2 376 3 | [1881 1330 11592] | [0.9999643 0.999979 0.48373464] | [1881 1330 74855]
2 379 3 | [1720 11069 460] | [0.9999994 0.9996248 0.999986] | [1720 11069 460]
2 382 3 | [328 52 1] | [0.99999905 0.9999999 0.9999953] | [328 52 1]
2 385 3 | [198 12 328] | [0.99614805 0.9999983 0.99999887] | [198 12 328]
2 388 3 | [26863 763 26760] | [0.9999841 0.9999949 0.97876745] | [26863 763 26760]
2 391 3 | [494 1245 11] | [0.9999994 0.9999169 0.9926698] | [494 1245 11]
2 394 3 | [359 74 6] | [0.9999437 0.9881808 0.9998858] | [359 74 6]
2 397 2 | [369 384 11] | [0.99961394 0.4363551 0.96839213] | [369 74855]
2 399 3 | [505 11 359] | [0.99999774 0.9995706 0.9999269] | [505 11 359]
2 402 3 | [66 6 369] | [0.99605435 0.99985033 0.9990463] | [66 6 369]
2 405 1 | [264 6321 1076] | [0.29070768 0.6840583 0.45907333] | [74855]
2 406 3 | [505 11 359] | [0.9999822 0.9812791 0.9998938] | [505 11 359]
2 409 3 | [72 6 369] | [0.5946954 0.99987704 0.99697685] | [72 6 369]
2 412 1 | [264 6321 11] | [0.5122832 0.8500114 0.4488404] | [73574]
2 413 3 | [11 359 80] | [0.7648371 0.99433 0.9673308] | [11 359 84]
2 416 3 | [6 369 384] | [0.99997604 0.999811 0.35924086] | [6 369 73574]
2 419 3 | [11 359 80] | [0.78237367 0.9981574 0.99878824] | [11 359 80]
2 422 3 | [6 369 3413] | [0.99999976 0.9999478 0.30726016] | [6 369 74855]
2 425 2 | [505 11069 359] | [0.9999917 0.46986407 0.7484433] | [505 13]
2 427 3 | [6558 728 1716] | [0.3742086 0.7857274 0.9993037] | [6558 728 1716]
2 430 3 | [1754 2234 25] | [0.500304 0.69589573 0.98323977] | [1754 2234 25]
2 433 3 | [198 220 471] | [0.9469357 0.9999797 0.99999696] | [198 220 471]
2 436 3 | [359 74 6] | [0.38219765 0.500335 0.9775582] | [359 74 6]
2 439 3 | [318 1209 220] | [0.88712376 0.92891467 0.99990195] | [318 1209 220]
2 442 3 | [19 1590 524] | [0.998508 0.8955109 0.57193875] | [19 1590 1483]
2 445 3 | [1122 11 524] | [0.75292784 0.8013026 0.5291688] | [1122 11 10390]
2 448 3 | [198 220 471] | [0.9222401 0.9999998 1] | [198 220 471]
2 451 3 | [359 66 6] | [0.999982 0.9997705 0.9999457] | [359 66 6]
2 454 3 | [318 1209 220] | [0.9999976 0.9999368 1] | [318 1209 220]
2 457 3 | [18 1590 524] | [0.9993259 0.9999918 0.4153908] | [18 1590 74855]
2 460 3 | [505 11 10390] | [0.9997948 0.96606797 0.8988841] | [505 11 10390]
2 463 3 | [198 220 471] | [0.9707417 0.99999815 0.99999994] | [198 220 471]
2 466 3 | [359 72 6] | [0.9999824 0.99995404 0.99999976] | [359 72 6]
2 469 3 | [318 1209 220] | [0.99999976 0.9999781 1] | [318 1209 220]
2 472 3 | [17 1590 359] | [0.99900025 0.99989647 0.70658326] | [17 1590 73574]
2 475 2 | [11 694 359] | [0.96971214 0.4298875 0.26929307] | [11 1716]
2 477 1 | [2047 359 84] | [0.5401381 0.9754241 0.89969456] | [18146]
2 478 1 | [359 84 6] | [0.79189444 0.96402377 0.97014123] | [25]
2 479 3 | [359 84 6] | [0.96648496 0.8611104 0.9214053] | [359 84 6]
2 482 3 | [318 1209 220] | [0.9970909 0.8980745 0.99986815] | [318 1209 220]
2 485 3 | [16 8 369] | [0.9875432 0.88071936 0.7995659] | [16 8 369]
2 488 1 | [264 6321 11] | [0.9240055 0.6984495 0.49243224] | [73574]
2 489 3 | [11 359 66] | [0.931799 0.9999812 0.7241309] | [11 359 66]
2 492 3 | [6 318 1209] | [0.99998665 0.99999356 0.99996436] | [6 318 1209]
2 495 3 | [220 18 8] | [0.99999994 0.9999985 0.99994624] | [220 18 8]
2 498 2 | [369 384 505] | [0.9999623 0.41620043 0.93336535] | [369 74855]
2 500 3 | [505 11069 524] | [0.9999918 0.9269083 0.48893777] | [505 11069 524]
2 503 3 | [1881 1330 384] | [0.9896342 0.9988905 0.4165674] | [1881 1330 74855]
2 506 3 | [1720 198 220] | [0.9999976 0.6045655 0.99998957] | [1720 198 220]
2 509 3 | [471 359 84] | [0.99999994 0.9999171 0.99745256] | [471 359 84]
2 512 3 | [6 318 1209] | [0.9999955 0.99999994 0.9999167] | [6 318 1209]
2 515 3 | [220 16 1590] | [1 1 0.99998474] | [220 16 1590]
2 518 1 | [524 264 5956] | [0.18038015 0.3109863 0.9427622] | [73574]
2 519 3 | [11 1716 18146] | [0.9999629 0.99993974 0.999407] | [11 1716 18146]
2 522 3 | [25 359 80] | [0.9999996 0.99999094 0.9999124] | [25 359 80]
2 525 3 | [6 318 1209] | [0.9999998 0.9999999 0.999911] | [6 318 1209]
2 528 3 | [220 15 8] | [0.99999964 0.99999994 0.9999623] | [220 15 8]
2 531 2 | [369 384 11] | [0.9995257 0.405009 0.5833867] | [369 74855]
2 533 3 | [505 11 359] | [0.99999714 0.99809986 0.99998754] | [505 11 359]
2 536 3 | [72 6 318] | [0.99965376 0.99999785 0.99999595] | [72 6 318]
2 539 3 | [1209 220 17] | [0.9998943 0.9999998 1] | [1209 220 17]
2 542 3 | [8 369 47035] | [0.9999997 0.9999993 0.20970063] | [8 369 73574]
2 545 3 | [11069 524 1881] | [0.9999968 0.9991573 0.99999076] | [11069 524 1881]
2 548 2 | [1330 23173 23173] | [0.9999967 0.77612466 0.6406438] | [1330 74855]
2 550 3 | [1720 198 220] | [0.99999356 0.9982063 0.99484396] | [1720 198 220]
2 553 3 | [471 359 80] | [0.99943876 0.9675877 0.9989462] | [471 359 80]
2 556 3 | [6 318 1209] | [0.9999955 0.99999756 0.99984914] | [6 318 1209]
2 559 3 | [220 15 1590] | [0.99999994 0.9999994 0.9999988] | [220 15 1590]
2 562 3 | [1118 1122 11] | [0.99843234 0.99984807 0.99999297] | [1118 1122 11]
2 565 3 | [10390 198 220] | [0.9988429 0.9946825 0.99970067] | [10390 198 220]
2 568 3 | [471 3301 1535] | [0.6862445 0.41918582 0.9912532] | [471 3301 1535]
2 571 3 | [198 12 328] | [0.98096746 0.9996009 0.9996814] | [198 12 328]
2 574 3 | [365 763 26760] | [0.99999803 0.9999439 0.6698427] | [365 763 359]
2 577 3 | [64 6 369] | [0.97169155 0.99992895 0.83271396] | [64 6 369]
2 580 2 | [1118 11 359] | [0.79276514 0.6194928 0.98753] | [1118 1122]
2 582 1 | [11 359 65] | [0.63051575 0.9759038 0.9999986] | [318]
2 583 3 | [19974 681 359] | [0.93005973 0.9964944 0.9999704] | [19974 681 359]
2 586 3 | [65 6 369] | [0.9999963 0.9999998 0.9998195] | [65 6 369]
2 589 3 | [1483 1122 318] | [0.9986089 0.99967027 0.99815935] | [1483 1122 318]
2 592 3 | [19974 8 11069] | [0.99566364 0.64192355 0.9956674] | [19974 8 11069]
2 595 3 | [460 1535 271] | [0.9378473 0.9999406 0.9999615] | [460 1535 271]
2 598 3 | [26943 25 198] | [0.68289185 0.9999084 0.9988866] | [26943 25 198]
2 601 3 | [16 13 52516] | [0.79533416 0.99999005 0.6211747] | [16 13 18053]
2 604 1 | [629 358 1943] | [0.4213863 0.619247 0.99999696] | [75767]
2 605 1 | [318 64 11] | [0.64146686 0.99402726 0.99767774] | [716]
2 606 3 | [13 198 17] | [0.5701498 0.99999905 0.99999976] | [13 198 17]
2 609 3 | [13 52516 494] | [0.99999976 0.84681946 0.9553685] | [13 52516 494]
2 612 1 | [279 1245 3008] | [0.88518476 0.9950984 0.5426251] | [1245]
2 613 3 | [310 2047 318] | [0.95292807 0.9997465 0.96094257] | [310 2047 318]
2 616 1 | [1209 494 2343] | [0.60629344 0.686807 0.7698422] | [1445]
2 617 2 | [1857 2984 12] | [0.84817994 0.4808889 0.742768] | [1857 3299]
2 619 3 | [1887 471 220] | [0.99998844 0.8028234 0.9998926] | [1887 471 220]
2 622 3 | [17 1441 310] | [0.9733765 0.65852904 0.9999971] | [17 1441 310]
2 625 3 | [220 16 11] | [0.6854173 0.99980974 0.57264674] | [220 16 11]
2 628 2 | [2394 567 10390] | [0.93517244 0.8544567 0.3172417] | [2394 1118]
2 630 3 | [321 1483 22283] | [0.9984149 0.999981 0.36538303] | [321 1483 1459]
2 633 3 | [914 1698 553] | [0.99999946 0.9934284 0.99360377] | [914 1698 553]
2 636 3 | [198 18 13] | [0.99996316 0.9999995 0.9999921] | [198 18 13]
2 639 3 | [1690 1754 3542] | [0.9841811 0.99983823 0.5905214] | [1690 1754 3542]
2 642 3 | [11 1716 413] | [0.65226734 0.9628595 0.99995446] | [11 1716 413]
2 645 3 | [424 579 264] | [0.99893343 0.99311626 0.9999301] | [424 579 264]
2 648 1 | [40657 321 264] | [0.17057052 0.28914082 0.314963] | [73574]
2 649 1 | [13 198 19] | [0.55740976 0.9999252 0.99997526] | [3449]
2 650 2 | [1141 18146 513] | [0.8207235 0.6052608 0.97560734] | [1141 2047]
2 652 1 | [321 1245 18146] | [0.5713624 0.9999495 0.99346256] | [9281]
2 653 3 | [369 264 2397] | [0.96742785 0.99936396 0.3617741] | [369 264 74855]
2 656 3 | [505 3449 1141] | [0.9997795 0.99988693 0.9946821] | [505 3449 1141]
2 659 3 | [1245 9281 369] | [0.99999917 0.99997044 0.99999875] | [1245 9281 369]
2 662 2 | [264 384 505] | [0.99988186 0.62872493 0.99367523] | [264 74855]
2 664 3 | [505 13 198] | [0.9999983 0.9986991 0.99994254] | [505 13 198]
2 667 3 | [19 13 1368] | [0.9999963 0.99999964 0.7638142] | [19 13 3301]
2 670 3 | [279 1118 1680] | [0.9973877 0.9999189 0.46721372] | [279 1118 1680]
2 673 1 | [3542 1669 318] | [0.90598893 0.99643797 0.80495125] | [73574]
2 674 3 | [1669 318 1445] | [0.9952133 0.8872306 0.42950657] | [1669 318 10957]
2 677 3 | [567 2224 2019] | [0.9972959 0.46100244 0.78380084] | [567 2224 2019]
2 680 3 | [494 1245 11] | [0.6665228 0.9943527 0.40135148] | [494 1245 310]
2 683 2 | [2047 553 198] | [0.9997431 0.6934684 0.84443134] | [2047 11]
2 685 1 | [411 369 279] | [0.5442102 0.885005 0.99284697] | [279]
2 686 3 | [1118 799 1669] | [0.9986366 0.6797724 0.5423241] | [1118 799 1669]
2 689 3 | [369 279 17554] | [0.9925747 0.8038178 0.9818381] | [369 279 17554]
2 692 1 | [553 198 20] | [0.44665265 0.68990314 0.9999997] | [310]
2 693 3 | [279 1245 553] | [0.9964528 0.9999875 0.9672135] | [279 1245 553]
2 696 3 | [198 20 13] | [0.7978286 0.9999995 1] | [198 20 13]
2 699 3 | [1368 6643 1669] | [0.99117225 0.4849708 0.9997324] | [1368 6643 1669]
2 702 3 | [11 460 43413] | [0.9999937 0.9999991 0.9491942] | [11 460 43413]
2 705 3 | [271 9764 728] | [0.99997085 0.9462333 0.99999845] | [271 9764 728]
2 708 3 | [1970 411 25] | [0.74355227 0.99946326 0.9553562] | [1970 411 25]
2 711 2 | [271 1628 615] | [0.9586507 0.4377841 0.99997294] | [271 71093]
2 713 3 | [13670 198 989] | [0.99319726 1 0.99941546] | [13670 198 989]
2 716 3 | [615 7675 267] | [0.99999946 0.9999978 1] | [615 7675 267]
2 719 3 | [53 64792 283] | [0.99999994 0.99999356 0.9999978] | [53 64792 283]
2 722 3 | [318 1119 8] | [0.9999859 0.99996847 0.99998456] | [318 1119 8]
2 725 3 | [574 313 198] | [0.99999976 0.9999998 0.9999961] | [574 313 198]
2 728 3 | [262 713 629] | [0.7914313 0.9949263 0.21074852] | [262 713 75767]
2 731 3 | [283 359 5734] | [0.9999969 0.96983254 0.9958195] | [283 359 5734]
2 734 1 | [3682 52 5734] | [0.5358819 0.9999578 0.97220474] | [94865]
2 735 3 | [13276 3682 52] | [0.99727875 0.9999988 0.9999442] | [13276 3682 52]
2 738 3 | [6750 198 262] | [0.99945986 0.99993914 0.99931955] | [6750 198 262]
2 741 3 | [364 318 1112] | [0.90410644 0.99999064 0.9998906] | [364 318 1112]
2 744 3 | [585 283 3299] | [0.99992675 0.9999977 0.99999624] | [585 283 3299]
2 747 3 | [1887 471 220] | [0.9999999 0.99999994 0.99999505] | [1887 471 220]
2 750 3 | [17 26 585] | [0.99981624 0.9999942 0.99999934] | [17 26 585]
2 753 3 | [2518 220 16] | [0.9889851 0.99999577 0.9999332] | [2518 220 16]
2 756 3 | [26 585 20550] | [0.9999999 0.9999992 0.9999975] | [26 585 20550]
2 759 3 | [313 198 285] | [0.9999997 0.9999803 0.9999965] | [313 198 285]
2 762 3 | [413 318 85] | [0.9513708 0.9992813 0.99998856] | [413 318 85]
2 765 3 | [358 1943 20044] | [0.9999953 0.9999969 0.99739677] | [358 1943 20044]
2 768 3 | [16510 957 2387] | [0.99960554 0.9999994 0.9943352] | [16510 957 2387]
2 771 2 | [976 198 309] | [0.9986127 0.7678047 0.9999976] | [976 695]
2 773 3 | [309 729 85] | [0.99999994 0.9986186 0.99994904] | [309 729 85]
2 776 3 | [358 1943 20044] | [0.99999994 0.9999998 0.99996114] | [358 1943 20044]
2 779 3 | [16510 957 471] | [0.9993626 0.9998807 0.95857257] | [16510 957 12]
2 782 3 | [16 2387 976] | [0.9999597 0.9999982 0.99999964] | [16 2387 976]
2 785 3 | [695 309 729] | [0.99754536 0.9999998 0.99996924] | [695 309 729]
2 788 3 | [85 358 1943] | [0.9999991 0.99999845 0.9999997] | [85 358 1943]
2 791 3 | [20044 16510 957] | [0.9999864 0.9999746 0.9999998] | [20044 16510 957]
2 794 3 | [10 16 9087] | [0.9998263 1 0.9965982] | [10 16 9087]
2 797 3 | [313 198 309] | [0.99999034 0.9999993 0.9999985] | [313 198 309]
2 800 3 | [460 3299 957] | [0.9998387 0.99985653 0.99999905] | [460 3299 957]
2 803 3 | [5098 198 285] | [0.99965835 0.9999962 1] | [5098 198 285]
2 806 3 | [333 198 262] | [0.9999978 0.999999 1] | [333 198 262]
2 809 3 | [333 198 262] | [0.999999 0.99999607 0.9999938] | [333 198 262]
2 812 3 | [460 34293 198] | [0.9999913 0.9895908 0.9999997] | [460 34293 198]
2 815 3 | [10738 198 510] | [0.8346875 0.99999946 0.13820367] | [10738 198 71093]
2 818 2 | [271 1919 1220] | [0.9997964 0.42307347 0.8815555] | [271 9764]
2 820 3 | [728 9845 440] | [0.99999875 0.9991871 0.949068] | [728 9845 440]
2 823 3 | [9989 25 198] | [0.9696777 0.9809935 0.99998415] | [9989 25 198]
2 826 3 | [12 328 88] | [0.9999992 0.9999876 0.99982375] | [12 328 88]
2 829 3 | [525 5462 1] | [0.9999998 0.9999975 0.5830605] | [525 5462 1]
2 832 3 | [318 3993 220] | [0.9983025 0.8728322 0.9991966] | [318 3993 220]
2 835 3 | [21 1590 585] | [0.99886507 0.9712801 0.94987404] | [21 1590 585]
2 838 2 | [28 20 25] | [0.62262845 0.98166865 0.7693397] | [28 19]
2 840 1 | [25 359 84] | [0.5816439 0.9978552 0.9832707] | [359]
2 841 3 | [84 6 369] | [0.9332566 0.8430087 0.44295362] | [84 6 73574]
2 844 2 | [11 359 81] | [0.98845 0.38605064 0.677717] | [11 585]
2 846 1 | [28 18 359] | [0.99946076 0.9999998 0.999969] | [12]
2 847 2 | [16 359 88] | [0.99851453 0.5821721 0.9998554] | [16 1095]
2 849 3 | [81 6 384] | [0.99995923 0.9991379 0.64149505] | [81 6 74855]
2 852 3 | [505 11 585] | [0.9997527 0.9885235 0.99999964] | [505 11 585]
2 855 3 | [10 16 1095] | [0.9999991 1 0.9999976] | [10 16 1095]
2 858 3 | [83 6 384] | [0.9887352 0.99999857 0.5902234] | [83 6 74855]
2 861 3 | [505 11069 460] | [0.99999905 0.9997414 0.5774477] | [505 11069 460]
2 864 3 | [328 84 1] | [0.9991369 0.9999268 0.999755] | [328 84 1]
2 867 3 | [50615 198 12] | [0.99999607 0.99998593 1] | [50615 198 12]
2 870 3 | [328 49908 1] | [0.9999867 0.9999817 0.9999644] | [328 49908 1]
2 873 3 | [318 3993 220] | [0.9999955 0.9994721 0.99999994] | [318 3993 220]
2 876 3 | [19 1590 585] | [0.99979967 0.9999997 0.9999981] | [19 1590 585]
2 879 2 | [28 18 359] | [0.99999946 0.99999833 0.99999946] | [28 17]
2 881 3 | [359 52 6] | [0.999968 0.98931354 0.99993974] | [359 52 6]
2 884 1 | [369 264 6321] | [0.51297367 0.65673476 0.8160552] | [73574]
2 885 3 | [11 585 12] | [0.9998633 0.9999983 0.9999993] | [11 585 12]
2 888 3 | [16 1095 16] | [1 0.99998957 0.5930476] | [16 1095 37]
2 891 2 | [6 384 11] | [0.9995197 0.7061483 0.87235826] | [6 74855]
2 893 3 | [505 11 585] | [0.99999917 0.9992424 0.99999905] | [505 11 585]
2 896 3 | [10 16 1095] | [0.9998109 1 0.99998456] | [10 16 1095]
2 899 3 | [43 6 3413] | [0.99962413 0.99999875 0.52129716] | [43 6 74855]
2 902 3 | [505 11069 460] | [0.9999997 0.9999999 0.99995583] | [505 11069 460]
2 905 3 | [328 52 1] | [0.99999994 0.9999999 0.99999994] | [328 52 1]
2 908 3 | [50615 198 12] | [0.9999999 0.99967325 0.9999988] | [50615 198 12]
2 911 3 | [328 26863 1] | [0.99999964 0.9999977 0.9987438] | [328 26863 1]
2 914 3 | [318 3993 220] | [0.9999963 0.99986756 0.99999994] | [318 3993 220]
2 917 3 | [20 1590 585] | [0.99983937 0.9999925 0.9847813] | [20 1590 585]
2 920 3 | [28 18 359] | [0.99999386 0.91957897 0.9999459] | [28 18 359]
2 923 3 | [66 6 524] | [0.99988955 0.99803627 0.73827654] | [66 6 524]
2 926 1 | [264 6321 11] | [0.32427487 0.5403846 0.8068272] | [73574]
2 927 3 | [11 585 28] | [0.77011955 0.9997221 0.9931279] | [11 585 28]
2 930 3 | [17 359 72] | [0.9998922 0.99999577 0.9999959] | [17 359 72]
2 933 2 | [6 369 359] | [0.99999803 0.4139366 0.13679066] | [6 73574]
2 935 2 | [694 359 84] | [0.5243886 0.5698837 0.98159564] | [694 585]
2 937 3 | [12 16 1095] | [0.99947715 1 0.9993235] | [12 16 1095]
2 940 3 | [84 6 369] | [0.9999994 0.9999671 0.4957239] | [84 6 369]
2 943 1 | [1048 524 1881] | [0.8348991 0.3613169 0.14525406] | [73574]
2 944 3 | [11069 10390 11] | [0.4870724 0.98618764 0.9953718] | [11069 10390 11]
2 947 3 | [585 28 16] | [0.99999 0.99999815 0.99999994] | [585 28 16]
2 950 3 | [359 84 6] | [0.99993294 0.9999994 0.99999934] | [359 84 6]
2 953 1 | [694 585 12] | [0.2928999 0.9752255 0.9997893] | [73574]
2 954 3 | [694 585 12] | [0.99998635 0.9999979 0.99999845] | [694 585 10]
2 957 3 | [16 1095 72] | [0.9999872 0.9999951 0.999956] | [16 1095 72]
2 960 3 | [6 369 24602] | [0.99999994 0.9999617 0.48231202] | [6 369 73574]
2 963 3 | [11069 10390 11069] | [0.99993974 0.99999607 0.98902255] | [11069 10390 11069]
2 966 3 | [460 1535 50615] | [0.994778 0.9999702 0.99996364] | [460 1535 50615]
2 969 3 | [198 12 328] | [0.99999243 0.99999976 1] | [198 12 328]
2 972 3 | [365 1 318] | [0.9999998 0.9998892 0.9999824] | [365 1 318]
2 975 3 | [3993 220 17] | [0.9999681 0.9999997 0.9999973] | [3993 220 17]
2 978 3 | [1590 6136 3070] | [0.9999957 0.5197001 0.87453747] | [1590 6136 8211]
2 981 3 | [506 585 28] | [0.958859 0.93296313 0.9996309] | [506 585 28]
2 984 3 | [15 11 3070] | [0.9996549 0.7795895 0.93601537] | [15 11 694]
2 987 2 | [2876 585 9628] | [0.654752 0.92050743 0.8035289] | [2876 369]
2 989 2 | [585 2518 220] | [0.99744785 0.5085235 0.9994449] | [585 9628]
2 991 3 | [16 11 748] | [0.9998821 0.7570707 0.9900699] | [16 11 748]
2 994 3 | [6136 3070 914] | [0.92698926 0.97038716 0.99999994] | [6136 3070 914]
2 997 3 | [8754 11069 460] | [0.99786955 0.99980074 0.9999604] | [8754 11069 460]
2 1000 3 | [1535 50615 271] | [0.99999726 0.9999865 0.9962202] | [1535 50615 271]
2 1003 3 | [1919 5686 4252] | [0.5951077 0.8578971 0.9987197] | [1919 5686 4252]
2 1006 3 | [13 198 510] | [0.9494505 0.9990756 0.871003] | [13 198 248069]
2 1009 2 | [271 2 12121] | [0.99999976 0.48962 0.5050478] | [271 71093]
2 1011 3 | [13670 198 989] | [0.99999875 0.99999994 0.9997712] | [13670 198 989]
2 1014 3 | [615 7675 267] | [0.9999999 0.9999993 1] | [615 7675 267]
2 1017 3 | [53 64792 283] | [0.99999994 0.9999725 0.9999997] | [53 64792 283]
2 1020 3 | [318 1119 8] | [0.99999994 0.99996173 0.9999995] | [318 1119 8]
2 1023 3 | [574 313 198] | [0.99999976 0.9999999 0.9999983] | [574 313 198]
2 1026 3 | [262 713 629] | [0.99043626 0.99912345 0.78158575] | [262 713 75767]
2 1029 3 | [283 359 5734] | [0.9999978 0.983255 0.9982187] | [283 359 5734]
2 1032 1 | [18175 13276 3682] | [0.90108794 0.9998746 0.9999969] | [94865]
2 1033 3 | [13276 3682 52] | [0.99990475 0.9999986 0.99999654] | [13276 3682 52]
2 1036 3 | [6750 198 262] | [0.9999939 0.9664352 0.9538109] | [6750 198 262]
2 1039 3 | [364 318 1112] | [0.9565281 0.99999994 0.99996686] | [364 318 1112]
2 1042 3 | [585 283 3299] | [0.9999974 0.9999953 0.9999971] | [585 283 3299]
2 1045 3 | [1887 471 220] | [0.99999994 1 0.9999996] | [1887 471 220]
2 1048 3 | [17 26 585] | [0.99999744 1 0.9999997] | [17 26 585]
2 1051 3 | [2518 220 16] | [0.9999702 0.99999976 1] | [2518 220 16]
2 1054 3 | [26 585 20550] | [1 0.9999992 0.99998003] | [26 585 20550]
2 1057 3 | [313 198 285] | [0.99999994 0.9999916 0.99999547] | [313 198 285]
2 1060 3 | [413 318 85] | [0.9983637 0.9999656 0.9999884] | [413 318 85]
2 1063 3 | [358 1943 20044] | [0.99999994 0.99999744 0.9994502] | [358 1943 20044]
2 1066 3 | [16510 957 2387] | [0.9997481 0.99999994 0.9991891] | [16510 957 2387]
2 1069 3 | [976 198 309] | [0.99945104 0.89907235 1] | [976 198 309]
2 1072 3 | [729 85 358] | [0.99954176 0.9999996 0.9999998] | [729 85 358]
2 1075 3 | [1943 20044 16510] | [0.99999934 0.9999977 0.9998968] | [1943 20044 16510]
2 1078 3 | [957 471 220] | [0.999737 0.97934574 0.999985] | [957 471 220]
2 1081 3 | [16 2387 976] | [0.9999999 0.9999994 0.999998] | [16 2387 976]
2 1084 3 | [198 309 729] | [0.99999607 1 0.99999976] | [198 309 729]
2 1087 3 | [85 358 1943] | [0.9999997 0.9999917 0.99999994] | [85 358 1943]
2 1090 3 | [20044 16510 957] | [0.999972 0.99996036 0.9999984] | [20044 16510 957]
2 1093 3 | [478 220 16] | [0.99999976 0.9999997 0.9999994] | [478 220 16]
2 1096 3 | [9087 313 198] | [0.9997046 0.99999964 0.9999984] | [9087 313 198]
2 1099 3 | [309 460 3299] | [0.99999994 0.99999833 0.9999625] | [309 460 3299]
2 1102 3 | [957 5098 198] | [0.99999356 0.99947715 0.9999587] | [957 5098 198]
2 1105 3 | [285 333 198] | [0.9999976 1 0.99999934] | [285 333 198]
2 1108 3 | [262 333 198] | [0.9999928 0.99999994 0.9999937] | [262 333 198]
2 1111 3 | [262 460 34293] | [0.9999999 0.9999934 0.9950505] | [262 460 34293]
2 1114 3 | [198 10738 198] | [0.99999917 0.9998301 0.9999985] | [198 10738 198]
2 1117 1 | [320 12996 25] | [0.3154016 0.5210592 0.55479425] | [71093]
2 1118 3 | [271 332 4199] | [0.9999977 0.99979925 0.71925694] | [271 332 4199]
2 1121 3 | [424 4138 64700] | [0.99997437 0.99999726 0.9995617] | [424 4138 64700]
2 1124 3 | [271 16 13] | [0.9998852 0.9640163 0.9999982] | [271 16 13]
2 1127 2 | [2972 53 358] | [0.68290514 0.6953308 0.9971486] | [2972 8275]
2 1129 3 | [344 494 1245] | [0.99980074 0.99242884 0.757875] | [344 494 1245]
2 1132 3 | [310 2047 332] | [0.9877092 0.99982846 0.99550927] | [310 2047 332]
2 1135 1 | [5732 494 1510] | [0.31613365 0.63288075 0.7840933] | [27718]
2 1136 3 | [72 283 3299] | [0.8353882 0.93861693 0.9820893] | [72 283 3299]
2 1139 3 | [1887 471 220] | [0.9999913 0.9999225 0.9999972] | [1887 471 220]
2 1142 3 | [17 63 1441] | [0.999985 0.99469626 0.9880725] | [17 63 1441]
2 1145 3 | [310 1510 16] | [0.9999964 0.9999958 0.61075914] | [310 1510 16]
2 1148 3 | [63 681 41244] | [0.84070545 0.8713051 0.64117044] | [63 681 41244]
2 1151 3 | [279 1118 321] | [0.96044755 0.9832448 0.9966434] | [279 1118 321]
2 1154 3 | [1483 5587 2394] | [0.99999255 0.9514925 0.54587615] | [1483 5587 2394]
2 1157 1 | [781 1459 914] | [0.88802695 0.4836843 0.99999857] | [75767]
2 1158 3 | [506 279 6941] | [0.9827972 0.97561026 0.6060905] | [506 279 12454]
2 1161 3 | [1459 914 1698] | [0.9191428 0.99999434 0.9994069] | [1459 914 1698]
2 1164 2 | [13 198 17] | [0.99951845 0.9621963 0.9999993] | [13 271]
2 1166 3 | [17 13 2972] | [0.99999857 0.9999883 0.9973818] | [17 13 2972]
2 1169 2 | [3840 1754 2234] | [0.69338924 0.24284212 0.48793003] | [3840 2250]
2 1171 3 | [4530 332 364] | [0.9997619 0.73690176 0.68584317] | [4530 332 364]
2 1174 2 | [1754 2234 25] | [0.924824 0.63033813 0.9934094] | [1754 3542]
2 1176 1 | [25 198 256] | [0.6577843 0.9999994 0.99999994] | [506]
2 1177 3 | [2234 1510 72] | [0.97412074 0.99998236 0.9999485] | [2234 1510 72]
2 1180 3 | [43143 198 256] | [0.99956024 0.9999991 0.9999999] | [43143 198 256]
2 1183 2 | [471 1049 579] | [0.9999987 0.5820148 0.70982045] | [471 1510]
2 1185 3 | [1119 957 60] | [0.9982771 0.9999999 0.9999364] | [1119 957 60]
3 121 3 | [198 760 1156] | [0.8603622 0.9955032 0.9999308] | [198 760 1156]
3 124 3 | [6587 728 310] | [0.9999734 0.9999995 1] | [6587 728 310]
3 127 3 | [4072 279 1510] | [0.9888441 0.86741304 0.7359114] | [4072 279 1510]
3 130 3 | [6199 64042 605] | [0.9999993 0.9999973 0.99999994] | [6199 64042 605]
3 133 3 | [532 4268 63] | [0.9999998 0.9999998 0.9999977] | [532 4268 63]
3 136 2 | [709 421 4829] | [0.99999964 0.6643796 0.92698157] | [709 13]
3 138 3 | [6558 728 22903] | [0.9936787 0.99999744 0.7239235] | [6558 728 1387]
3 141 3 | [1441 279 3377] | [0.99973196 0.9714104 0.7880346] | [1441 279 3377]
3 144 3 | [25 271 16] | [0.9999994 0.99999607 0.9908097] | [25 271 16]
3 147 3 | [13 5396 25] | [0.9999999 0.97107357 0.9835418] | [13 5396 25]
3 150 3 | [357 886 314] | [0.6042025 0.99998564 0.783366] | [357 886 8222]
3 153 3 | [5081 5038 314] | [0.96433294 0.99951035 0.9999733] | [5081 5038 314]
3 156 1 | [23283 22467 4268] | [0.9974483 0.6782277 0.9999965] | [71458]
3 157 3 | [18101 539 12258] | [0.9875713 1 0.9999745] | [18101 539 12258]
3 160 3 | [198 17 13] | [0.9233901 0.99999994 0.9999995] | [198 17 13]
3 163 3 | [1690 1754 1809] | [0.97566074 0.99999714 0.99998534] | [1690 1754 1809]
3 166 3 | [11 1423 279] | [0.9846429 0.65035665 0.9999799] | [11 1423 279]
3 169 3 | [6966 7739 314] | [0.98910046 0.88730407 0.9729787] | [6966 7739 314]
3 172 3 | [64455 198 18] | [0.96636814 0.814598 0.99999744] | [64455 198 18]
3 175 2 | [13 8984 25] | [0.9999974 0.73512787 0.99076164] | [13 3301]
3 177 3 | [264 1103 314] | [0.9671919 0.9999685 0.9999901] | [264 1103 314]
3 180 3 | [6966 41439 364] | [0.5249232 0.99294895 0.69840175] | [6966 41439 271]
3 183 3 | [2381 3010 25] | [0.7467089 0.9675983 0.58049643] | [2381 3010 25]
3 186 3 | [198 12 359] | [0.8511585 0.9999991 0.80219746] | [198 12 1510]
3 189 3 | [4903 2072 63] | [0.99938214 0.9982349 0.99879307] | [4903 2072 63]
3 192 3 | [11069 7739 220] | [0.9124109 0.83576363 0.5376976] | [11069 7739 220]
3 195 3 | [17 318 1719] | [0.9879288 0.75523955 0.2616334] | [17 318 1719]
3 198 1 | [15484 1510 5628] | [0.92230797 0.6582865 0.98884934] | [8906]
3 199 1 | [1510 52434 369] | [0.44295257 0.8873079 0.4315333] | [3444]
3 200 1 | [22467 4268 513] | [0.42379835 0.9999744 0.5556862] | [1510]
3 201 3 | [52434 369 506] | [0.89157206 0.63737154 0.98381364] | [52434 369 506]
3 204 3 | [7739 220 17] | [0.85764194 0.9999453 0.98785686] | [7739 220 17]
3 207 3 | [8 198 12] | [0.8899199 0.999988 0.9999999] | [8 198 12]
3 210 3 | [1510 1148 9831] | [0.999994 0.9999672 0.9997854] | [1510 1148 9831]
3 213 3 | [63 11069 7739] | [0.9999998 0.99999726 0.9999823] | [63 11069 7739]
3 216 3 | [220 18 318] | [0.9999996 0.9999993 0.88391066] | [220 18 198]
3 219 3 | [12 1510 1148] | [0.99999994 0.99712485 0.998671] | [12 1510 52434]
3 222 3 | [11069 7739 220] | [0.9999993 0.9997129 0.99999976] | [11069 7739 220]
3 225 3 | [16 198 12] | [0.9999902 0.9992858 0.9999999] | [16 198 12]
3 228 3 | [1510 1148 2072] | [0.999992 0.999997 0.99905896] | [1510 1148 2072]
3 231 3 | [363 2072 63] | [0.99942625 0.99998516 0.99999994] | [363 2072 63]
3 234 3 | [11069 7739 220] | [0.9999992 0.99998635 0.99999315] | [11069 7739 220]
3 237 3 | [18 271 26943] | [0.9999267 0.94014305 0.52201796] | [18 271 26943]
3 240 1 | [25 198 12] | [0.98520696 0.9996707 0.9492868] | [364]
3 241 3 | [1754 1809 25] | [0.99910265 0.99989223 0.9994238] | [1754 1809 25]
3 244 3 | [198 12 52516] | [0.99999547 0.9971892 0.45567563] | [198 12 19182]
3 247 3 | [1428 7739 318] | [0.5697772 0.99984616 0.9589087] | [1428 7739 318]
3 250 3 | [34559 383 1510] | [0.8397952 0.7712087 0.98583657] | [34559 383 1510]
3 253 3 | [5628 11 58783] | [0.99996126 0.9978551 0.999106] | [5628 11 58783]
3 256 3 | [383 1510 8] | [0.9999999 0.99991876 0.99612343] | [383 1510 8]
3 259 3 | [31789 198 12] | [0.9999996 0.9999904 1] | [31789 198 12]
3 262 2 | [19182 279 6966] | [0.99986565 0.690397 0.97859865] | [19182 6966]
3 264 3 | [7739 3753 748] | [0.99999195 0.6552142 0.50795925] | [7739 3753 271]
3 267 3 | [9764 728 3165] | [0.94319934 0.9999989 0.9340858] | [9764 728 3165]
3 270 3 | [279 6093 25] | [0.72949344 0.58005416 0.99914044] | [279 6093 25]
3 273 2 | [271 16 13] | [0.990506 0.9535369 0.9999941] | [271 71093]
3 275 3 | [12305 198 727] | [0.99983317 0.9999997 0.9669356] | [12305 198 727]
3 278 3 | [4563 64042 605] | [0.9999897 0.99999875 1] | [4563 64042 605]
3 281 3 | [532 4268 47951] | [0.99999976 0.99999994 0.99996954] | [532 4268 47951]
3 284 3 | [3773 25 592] | [0.9999992 0.99573576 0.99989396] | [3773 25 592]
3 287 3 | [8 1411 1697] | [0.99996024 0.9999998 0.9999697] | [8 1411 1697]
3 290 3 | [18078 5491 198] | [0.9999981 0.99999857 0.99999994] | [18078 5491 198]
3 293 2 | [262 5038 283] | [0.999999 0.5455797 0.99999684] | [262 1067]
3 295 3 | [283 2958 198] | [0.999996 0.9999462 0.9999986] | [283 2958 198]
3 298 3 | [262 364 1809] | [0.999972 0.9754737 0.9669557] | [262 364 1809]
3 301 3 | [303 36688 3773] | [0.9999997 0.9982998 0.99999636] | [303 36688 3773]
3 304 3 | [5121 4406 198] | [0.9960743 0.9655045 0.9999983] | [5121 4406 198]
3 307 3 | [285 7739 283] | [0.9995922 0.8338346 0.9999987] | [285 7739 283]
3 310 3 | [220 15 198] | [0.99960136 0.99998146 0.9999248] | [220 15 198]
3 313 3 | [285 1866 18488] | [0.9999858 0.9990231 0.9998086] | [285 1866 18488]
3 316 3 | [283 220 15] | [0.99999976 0.99998975 0.99999845] | [283 220 15]
3 319 3 | [198 285 364] | [0.9999993 0.9999991 0.9999954] | [198 285 364]
3 322 3 | [1122 303 1809] | [0.9824468 0.99999994 0.9999981] | [1122 303 1809]
3 325 3 | [25 198 309] | [0.9999988 0.9999997 0.99999774] | [25 198 309]
3 328 3 | [413 1122 606] | [0.99999815 0.99953675 0.99999976] | [413 1122 606]
3 331 3 | [359 15512 198] | [0.999961 0.9999684 0.9999985] | [359 15512 198]
3 334 3 | [388 7739 1373] | [0.99999964 0.9999958 0.9968764] | [388 7739 1373]
3 337 3 | [220 16 198] | [0.99999547 1 0.999994] | [220 16 198]
3 340 3 | [388 1866 18488] | [0.98495114 0.98623735 0.99998266] | [388 1866 18488]
3 343 3 | [283 1866 8474] | [0.9999996 0.99999434 0.9999972] | [283 1866 8474]
3 346 3 | [18488 11 7739] | [0.99998736 1 0.99997145] | [18488 11 7739]
3 349 3 | [8 198 309] | [0.99999994 0.9999938 0.99999887] | [8 198 309]
3 352 3 | [4265 1122 606] | [0.99999535 0.9999994 0.99999315] | [4265 1122 606]
3 355 3 | [16177 1170 198] | [0.9999609 0.9999995 0.99999994] | [16177 1170 198]
3 358 3 | [388 7739 5794] | [1 0.99998266 0.9993196] | [388 7739 5794]
3 361 3 | [220 16 198] | [0.9999824 0.9999992 0.9999879] | [220 16 198]
3 364 3 | [285 1067 1989] | [0.99954444 0.9999739 0.99999976] | [285 1067 1989]
3 367 3 | [8474 18488 8] | [0.99998105 0.9999981 1] | [8474 18488 8]
3 370 3 | [198 262 460] | [0.99999666 0.99999434 0.9999698] | [198 262 460]
3 373 3 | [1067 198 52451] | [0.9999652 0.9998261 0.19581346] | [1067 198 71093]
3 376 3 | [271 1919 1220] | [0.9999878 0.5847576 0.5577627] | [271 1919 369]
3 379 3 | [29350 13 6558] | [0.9543454 0.69219905 0.99553984] | [29350 13 6558]
3 382 3 | [728 9845 440] | [0.9999978 0.95509267 0.9956322] | [728 9845 440]
3 385 3 | [279 3010 25] | [0.9968266 0.8003064 0.9998208] | [279 3010 25]
3 388 3 | [198 12 359] | [0.9999944 0.99994004 0.5596466] | [198 12 1510]
3 391 3 | [4903 2072 43143] | [0.99984825 0.99889976 0.9272214] | [4903 2072 43143]
3 394 3 | [1510 5628 11069] | [0.96912783 0.9952616 0.8345336] | [1510 5628 11069]
3 397 1 | [220 16 11] | [0.7549429 0.9999974 0.9998761] | [7739]
3 398 1 | [220 16 11] | [0.5010809 0.99997973 0.99925953] | [28]
3 399 3 | [16 11 1510] | [0.99998933 0.99858713 0.9882705] | [16 11 1866]
3 402 3 | [28 16 11] | [0.999988 0.9999999 0.5769142] | [28 16 26]
3 405 3 | [1510 5628 11069] | [0.99992293 0.99983454 0.99866754] | [1510 5628 11069]
3 408 3 | [7739 28 17] | [0.9999951 1 1] | [7739 28 17]
3 411 3 | [11 1866 28] | [0.9999983 0.9999996 0.9999999] | [11 1866 28]
3 414 3 | [17 26 1510] | [0.999997 0.99999267 0.9999841] | [17 26 1510]
3 417 3 | [44646 11069 7739] | [0.99928164 0.99998546 0.9999168] | [44646 11069 7739]
3 420 3 | [28 16 26] | [0.9999969 0.99999845 0.99999297] | [28 16 26]
3 423 3 | [1510 5628 11069] | [0.99998844 0.9914516 0.9999853] | [1510 5628 11069]
3 426 3 | [7739 28 17] | [0.99999917 0.99999994 0.9275459] | [7739 28 17]
3 429 1 | [26 1510 44646] | [0.5283813 0.99982125 0.99971855] | [11]
3 430 3 | [1866 28 17] | [0.99999386 0.99988014 0.9999995] | [1866 28 17]
3 433 3 | [26 1510 44646] | [0.9997284 0.9999974 0.99573904] | [26 1510 44646]
3 436 3 | [11069 7739 28] | [0.9999998 0.99999714 0.9999994] | [11069 7739 28]
3 439 3 | [16 26 1510] | [0.9998885 0.99997413 0.99997985] | [16 26 1510]
3 442 3 | [44646 11069 7739] | [0.9998477 0.9999982 0.9999964] | [44646 11069 7739]
3 445 3 | [28 15 11069] | [0.9999972 0.9999688 0.56037986] | [28 15 13]
3 448 3 | [5536 25 220] | [0.7496881 0.9996471 0.989471] | [5536 25 220]
3 451 3 | [17 50615 198] | [0.99999076 0.9893566 0.99998367] | [17 50615 198]
3 454 3 | [12 1510 1148] | [0.99999994 0.9999944 0.99999833] | [12 1510 1148]
3 457 3 | [9831 43143 1510] | [0.99989027 0.9999647 0.99717456] | [9831 43143 7739]
3 460 3 | [5601 220 16] | [0.7267346 0.8797977 0.9991537] | [5601 220 16]
3 463 3 | [11 17 11] | [0.99639904 0.94986653 0.99999994] | [11 17 11]
3 466 3 | [18 11 18] | [0.9999997 0.9970208 0.97592956] | [18 11 17]
3 469 3 | [11 16 11] | [0.99999636 0.9999971 0.9999985] | [11 16 11]
3 472 3 | [15 13 5536] | [0.9999964 0.9399154 0.92615885] | [15 13 7252]
3 475 3 | [25 220 18] | [0.6845336 0.9998685 1] | [25 220 18]
3 478 3 | [50615 198 12] | [0.9999221 0.9999757 0.99999994] | [50615 198 12]
3 481 3 | [1510 363 43143] | [0.9999993 0.72671235 1] | [1510 363 43143]
3 484 3 | [7739 5601 220] | [0.99505967 0.82070816 0.9999835] | [7739 5601 220]
3 487 3 | [16 11 15] | [0.99999017 0.9999979 0.9996804] | [16 11 15]
3 490 3 | [13 7252 25] | [0.9999979 0.9541815 0.9999993] | [13 7252 25]
3 493 3 | [220 16 50615] | [0.9999644 1 0.99999934] | [220 16 50615]
3 496 3 | [198 12 1510] | [0.9999801 0.9999995 0.9999294] | [198 12 1510]
3 499 3 | [1148 2072 363] | [0.9999876 0.9998622 0.99997765] | [1148 2072 363]
3 502 3 | [2072 43143 7739] | [0.99941975 0.9999674 0.6580462] | [2072 43143 1510]
3 505 2 | [5628 11069 7739] | [0.9971765 0.902115 0.58135724] | [5628 49300]
3 507 3 | [16 11 1510] | [0.9976838 0.9996976 0.9998574] | [16 11 1510]
3 510 3 | [5628 49300 17] | [0.99991345 0.99999994 1] | [5628 49300 17]
3 513 3 | [11 1510 5628] | [0.9999342 0.9995889 0.9999105] | [11 1510 5628]
3 516 3 | [49300 18 11] | [0.99999905 1 0.9999583] | [49300 18 11]
3 519 3 | [1510 44646 49300] | [0.95750165 0.9863931 0.99996006] | [1510 44646 49300]
3 522 3 | [17 11 1510] | [0.9999822 0.9999337 0.9998355] | [17 11 1510]
3 525 3 | [44646 49300 16] | [0.9999785 0.99999714 0.99999946] | [44646 49300 16]
3 528 3 | [11 1510 5628] | [0.9994443 0.9999463 0.9993753] | [11 1510 5628]
3 531 3 | [49300 17 11] | [0.9999955 0.99999994 0.99944526] | [49300 17 11]
3 534 3 | [1510 44646 49300] | [0.99998075 0.9999892 0.99999696] | [1510 44646 49300]
3 537 3 | [16 11 1510] | [0.9999727 0.99999654 0.9999827] | [16 11 1510]
3 540 3 | [5628 49300 17] | [0.9998767 0.99999946 1] | [5628 49300 17]
3 543 3 | [11 1510 44646] | [0.9999994 0.99999064 0.9995224] | [11 1510 44646]
3 546 3 | [49300 16 11] | [0.99999624 1 0.9999923] | [49300 16 11]
3 549 3 | [1510 44646 49300] | [0.99999243 0.9999831 0.99999857] | [1510 44646 49300]
3 552 3 | [15 13 7252] | [0.9999587 0.99979144 0.91230726] | [15 13 7252]
3 555 3 | [25 220 18] | [0.9999968 0.9998513 1] | [25 220 18]
3 558 3 | [50615 271 1919] | [0.9999856 0.96855414 0.6747088] | [50615 271 760]
3 561 2 | [6093 5686 4252] | [0.98982996 0.47295862 0.9918542] | [6093 4138]
3 563 1 | [12083 13 198] | [0.635809 0.99995494 0.9985856] | [13]
3 564 2 | [198 22749 198] | [0.95548886 0.84291404 0.998348] | [198 248069]
3 566 2 | [271 2 1510] | [0.99999994 0.87232757 0.5639408] | [271 71093]
3 568 3 | [12305 198 727] | [0.9999991 1 0.85988957] | [12305 198 1445]
3 571 3 | [18904 1120 1697] | [0.99999994 0.99999964 0.9999994] | [18904 1120 1697]
3 574 3 | [1358 727 4563] | [0.99993306 0.99999917 0.9999983] | [1358 727 4563]
3 577 3 | [64042 605 532] | [0.9999992 1 0.9999996] | [64042 605 532]
3 580 3 | [4268 47951 3773] | [0.99999994 0.9999799 0.9999966] | [4268 47951 3773]
3 583 3 | [25 592 8] | [1 0.9999939 0.9999998] | [25 592 8]
3 586 3 | [1411 1697 18078] | [0.9999997 0.9999985 0.9999997] | [1411 1697 18078]
3 589 3 | [5491 198 262] | [0.9999182 0.99999994 0.9999995] | [5491 198 262]
3 592 3 | [4071 5396 310] | [0.9999823 0.99943256 0.9999993] | [4071 5396 310]
3 595 3 | [411 709 369] | [0.9999999 0.9999996 1] | [411 709 369]
3 598 3 | [264 886 14807] | [1 0.99999976 0.99995774] | [264 886 14807]
3 601 3 | [5081 5038 364] | [0.9999999 0.9999996 0.9999988] | [5081 5038 364]
3 604 2 | [23283 22467 4268] | [0.9999998 0.28750172 0.99999994] | [23283 71458]
3 606 3 | [18101 539 12258] | [0.99999964 1 0.9999868] | [18101 539 12258]
3 609 3 | [13 198 262] | [0.99999994 1 1] | [13 198 262]
3 612 3 | [1690 1754 314] | [0.9999995 0.99999416 0.9999997] | [1690 1754 314]
3 615 3 | [279 1809 11] | [0.9999997 0.9999999 1] | [279 1809 11]
3 618 3 | [2468 279 48819] | [1 1 0.9999896] | [2468 279 48819]
3 621 3 | [2119 314 64455] | [0.9999999 0.99999994 0.99999124] | [2119 314 64455]
3 624 2 | [314 41228 13] | [1 0.20250288 0.99999875] | [314 71458]
3 626 3 | [13 198 262] | [0.9999997 1 0.99999744] | [13 198 262]
3 629 3 | [458 1257 13] | [0.9999471 0.99999994 1] | [458 1257 13]
3 632 3 | [64394 2072 682] | [0.99999684 0.9996743 0.99999976] | [64394 2072 682]
3 635 3 | [6966 1330 5684] | [0.99999964 0.99999905 0.9999925] | [6966 1330 5684]
3 638 3 | [314 64455 1345] | [0.9999991 0.99999946 0.99999213] | [314 64455 1345]
3 641 3 | [1718 9831 682] | [0.9999998 0.9993871 0.99999976] | [1718 9831 682]
3 644 3 | [2250 13 271] | [0.9999968 0.9999999 0.9999857] | [2250 13 271]
3 647 3 | [262 11765 4563] | [1 0.99999964 0.9999984] | [262 11765 4563]
3 650 3 | [64042 605 532] | [0.99999374 1 0.999999] | [64042 605 532]
3 653 3 | [4268 482 4903] | [0.9999987 0.99999946 0.9999768] | [4268 482 4903]
3 656 3 | [2072 1718 9831] | [0.9996157 0.9999882 0.99998766] | [2072 1718 9831]
3 659 3 | [1659 1718 2072] | [0.9999877 0.99985445 0.9999024] | [1659 1718 2072]
3 662 3 | [363 2072 837] | [0.9999977 0.9998344 1] | [363 2072 837]
3 665 3 | [198 262 498] | [0.99999994 0.99999994 0.99999994] | [198 262 498]
3 668 3 | [17 11 220] | [0.99999994 1 0.9999983] | [17 11 220]
3 671 3 | [18 11 220] | [0.99999994 1 0.99999994] | [18 11 220]
3 674 3 | [16 11 220] | [0.9999807 0.99999976 0.99999905] | [16 11 220]
3 677 3 | [18 60 198] | [0.9999986 0.99999815 0.9999976] | [18 60 198]
3 680 3 | [262 4071 198] | [0.99999315 0.99999636 0.99999714] | [262 4071 198]
3 683 3 | [262 1067 283] | [0.9999963 0.9757317 0.99988] | [262 1067 283]
3 686 3 | [2958 198 262] | [0.9999504 0.9996348 0.99959797] | [2958 198 262]
3 689 3 | [364 1809 303] | [0.9998938 0.99977714 0.99999994] | [364 1809 303]
3 692 3 | [36688 3773 5121] | [0.9999874 0.99999887 0.99912995] | [36688 3773 5121]
3 695 3 | [4406 198 285] | [0.99287736 0.99999917 0.9998849] | [4406 198 285]
3 698 3 | [7739 283 220] | [0.99319965 0.99998415 0.9999994] | [7739 283 220]
3 701 3 | [15 198 285] | [0.99999887 0.9999585 0.99999994] | [15 198 285]
3 704 3 | [1866 18488 283] | [0.9999942 0.9999824 0.9999998] | [1866 18488 283]
3 707 3 | [220 15 198] | [0.9999992 1 0.99999744] | [220 15 198]
3 710 3 | [285 364 1122] | [1 0.99999774 0.99886703] | [285 364 1122]
3 713 3 | [303 1809 25] | [0.99999994 0.99999684 0.9999996] | [303 1809 25]
3 716 3 | [198 309 413] | [0.99999994 0.9999997 0.9999997] | [198 309 413]
3 719 3 | [1122 606 359] | [0.99999934 0.9999993 0.9999997] | [1122 606 359]
3 722 3 | [15512 198 388] | [0.9999958 0.99999905 0.9999982] | [15512 198 388]
3 725 3 | [7739 1373 220] | [0.9999997 0.9999937 0.99999994] | [7739 1373 220]
3 728 3 | [16 198 388] | [0.99999994 0.9999985 0.9998794] | [16 198 388]
3 731 3 | [1866 18488 283] | [0.9931127 0.99999726 0.99999267] | [1866 18488 283]
3 734 3 | [1866 8474 18488] | [0.9999656 0.99988294 0.99999243] | [1866 8474 18488]
3 737 3 | [11 7739 8] | [1 0.99999774 1] | [11 7739 8]
3 740 3 | [198 309 4265] | [0.9999995 0.9999971 0.99956304] | [198 309 4265]
3 743 3 | [1122 606 16177] | [0.9999998 0.9999991 0.99999464] | [1122 606 16177]
3 746 3 | [1170 198 388] | [0.9999981 0.99999946 1] | [1170 198 388]
3 749 3 | [7739 5794 220] | [0.9999995 0.9998259 0.9999988] | [7739 5794 220]
3 752 3 | [16 198 285] | [0.9999992 0.9999873 0.9999905] | [16 198 285]
3 755 3 | [1067 1989 8474] | [0.9999997 0.99999994 0.99999744] | [1067 1989 8474]
3 758 3 | [18488 8 198] | [0.9999855 0.99999994 0.99999857] | [18488 8 198]
3 761 3 | [262 460 1067] | [0.99999976 0.9999762 0.99999326] | [262 460 1067]
3 764 2 | [198 510 15704] | [0.9998135 0.42577326 0.9911371] | [198 71093]
3 766 3 | [271 332 4199] | [0.9998691 0.99846715 0.9882172] | [271 332 4199]
3 769 3 | [424 4138 64700] | [0.99999714 0.99999654 0.9998936] | [424 4138 64700]
3 772 3 | [271 16 13] | [0.9999628 0.97165 0.9999995] | [271 16 13]
3 775 3 | [2972 19580 332] | [0.6928623 0.9993811 0.9883635] | [2972 19580 332]
3 778 3 | [279 1879 886] | [0.99948627 0.9613763 0.99694437] | [279 1879 886]
3 781 3 | [539 12258 310] | [0.5585872 0.9947186 0.8298632] | [539 12258 310]
3 784 2 | [615 1754 1809] | [0.9997101 0.5039895 0.98588914] | [615 3714]
3 786 1 | [5038 314 22467] | [0.7633935 0.5655043 0.85937786] | [92062]
3 787 3 | [5038 13 198] | [0.9999699 0.99114794 0.99999976] | [5038 13 198]
3 790 3 | [17 13 2972] | [0.9999994 0.99999964 0.66477334] | [17 13 1690]
3 793 3 | [1754 1809 11] | [0.998288 0.9999766 0.9989889] | [1754 1809 11]
3 796 2 | [28662 1472 5587] | [0.5818567 0.9608496 0.67675173] | [28662 3542]
3 798 3 | [539 3542 25] | [0.99097 0.9999974 0.91157067] | [539 3542 25]
3 801 3 | [198 256 471] | [0.999998 1 0.9999998] | [198 256 471]
3 804 3 | [1848 1510 5628] | [0.89733815 0.99921715 0.9999238] | [1848 1510 5628]
3 807 3 | [25 15773 1510] | [0.7476574 0.9582605 0.750694] | [25 15773 279]
3 810 3 | [1428 7739 321] | [0.98618394 0.8810368 0.7568004] | [1428 7739 321]
3 813 2 | [2560 279 1866] | [0.96412736 0.99295986 0.4945661] | [2560 1510]
3 815 3 | [2721 18488 63] | [0.9999633 0.99994546 0.9964279] | [2721 18488 63]
3 818 2 | [413 4221 13] | [0.99959207 0.551766 0.9830682] | [413 279]
3 820 3 | [491 7739 369] | [0.66706127 0.99919045 0.9841612] | [491 7739 369]
3 823 3 | [6826 13 198] | [0.7909291 0.9940677 0.9999952] | [6826 13 198]
3 826 3 | [256 471 1848] | [0.9999998 1 0.9999948] | [256 471 1848]
3 829 3 | [1510 8 43143] | [0.99999964 0.9885192 0.99999905] | [1510 8 43143]
3 832 3 | [58783 279 1428] | [0.9998053 0.99991506 0.998758] | [58783 279 1428]
3 835 3 | [7739 13 198] | [0.9999953 0.9030234 0.9999987] | [7739 13 198]
3 838 3 | [18 13 2972] | [0.99996257 0.9999993 0.9971581] | [18 13 28833]
3 841 3 | [279 1510 2721] | [0.9720742 0.82513624 0.99993277] | [279 1510 2721]
3 844 3 | [18488 63 364] | [0.9999787 0.99995184 0.991302] | [18488 63 364]
3 847 3 | [421 1809 310] | [0.6004344 0.99998873 0.9998641] | [421 1809 310]
3 850 3 | [279 1067 1103] | [0.99995124 0.9799474 0.6260079] | [279 1067 1103]
3 853 3 | [13 271 332] | [0.99989784 0.969543 0.99982] | [13 271 332]
3 856 3 | [47214 19139 440] | [0.45223507 0.99904996 0.609573] | [47214 19139 440]
3 859 1 | [279 3010 64700] | [0.70221627 0.99811774 0.7238919] | [70433]
3 860 3 | [4903 2072 1718] | [0.99980325 0.9999356 0.9994117] | [4903 2072 1718]
3 863 3 | [9831 1659 1718] | [0.9999114 0.997855 0.9999747] | [9831 1659 1718]
3 866 3 | [2072 363 2072] | [0.9999755 0.9999915 0.99967873] | [2072 363 2072]
3 869 2 | [6 63 64700] | [0.99999905 0.6580783 0.8974785] | [6 43143]
3 871 3 | [332 271 91] | [0.9999916 0.97817737 0.99938697] | [332 271 91]
3 874 3 | [5559 735 42467] | [0.9962502 0.9995997 0.934939] | [5559 735 42467]
3 877 3 | [11319 735 7252] | [0.2815155 0.9972438 0.9921945] | [11319 735 7252]
3 880 3 | [735 198 91] | [0.7739632 0.99964195 0.9999999] | [735 198 91]
3 883 3 | [20308 91 17549] | [0.91783494 0.9999993 0.91642284] | [20308 91 4996]
3 886 3 | [91 14641 91] | [0.99999976 0.9998163 0.9999982] | [91 14641 91]
3 889 3 | [198 91 1510] | [0.9999847 0.9999985 0.9908295] | [198 91 1510]
3 892 3 | [4903 2072 63] | [0.9999873 0.99621266 0.9997293] | [4903 2072 63]
3 895 3 | [735 220 16] | [0.9999416 0.99255925 0.9998828] | [735 220 16]
3 898 3 | [49300 17 49300] | [0.6739929 0.99992186 0.9999878] | [49300 17 49300]
3 901 3 | [16 49300 17] | [0.988202 0.9997325 0.9994289] | [16 49300 17]
3 904 3 | [49300 16 49300] | [0.99998605 0.99997985 0.9998532] | [49300 16 49300]
3 907 3 | [15 735 2972] | [0.99676627 0.9996879 0.9836967] | [15 735 2972]
3 910 3 | [17 332 735] | [0.99999344 1 0.9999752] | [17 332 735]
3 913 3 | [198 91 1510] | [0.99999565 0.9999657 0.99999255] | [198 91 1510]
3 916 3 | [1148 9831 63] | [0.99999607 0.9997659 1] | [1148 9831 63]
3 919 3 | [735 220 16] | [0.9999974 0.9999804 1] | [735 220 16]
3 922 3 | [49300 17 49300] | [0.99999994 1 1] | [49300 17 49300]
3 925 3 | [18 49300 17] | [0.99998933 0.99999 0.9999935] | [18 49300 17]
3 928 3 | [49300 16 49300] | [0.99999607 1 0.99999917] | [49300 16 49300]
3 931 3 | [15 735 2972] | [1 0.99999994 0.99999994] | [15 735 2972]
3 934 3 | [18 332 735] | [0.9999994 1 0.9999974] | [18 332 735]
3 937 3 | [198 91 1510] | [0.9999969 0.99998593 0.9999999] | [198 91 1510]
3 940 3 | [52434 735 220] | [0.99997294 0.9997854 0.9999953] | [52434 735 220]
3 943 3 | [16 49300 15] | [0.99999917 0.9999987 0.9999984] | [16 49300 15]
3 946 3 | [735 2972 16] | [0.99999994 0.9999989 0.9999995] | [735 2972 16]
3 949 3 | [332 735 198] | [1 0.9999999 0.99996847] | [332 735 198]
3 952 3 | [91 1510 1148] | [0.9999999 0.99999976 0.9999993] | [91 1510 1148]
3 955 3 | [2072 363 2072] | [0.99999595 0.99940187 0.9995559] | [2072 363 2072]
3 958 3 | [63 735 220] | [0.9999998 0.99996835 0.99963486] | [63 735 220]
3 961 3 | [16 49300 17] | [0.99999696 0.999998 0.99996793] | [16 49300 17]
3 964 3 | [49300 18 49300] | [0.99999946 0.99999833 0.99997616] | [49300 18 49300]
3 967 3 | [17 49300 16] | [0.99991894 0.9999962 0.9999438] | [17 49300 16]
3 970 3 | [49300 17 49300] | [0.9999983 0.99958855 0.99999297] | [49300 17 49300]
3 973 3 | [16 49300 17] | [0.9999293 0.99999857 0.99999225] | [16 49300 17]
3 976 3 | [49300 16 49300] | [0.9999969 0.99999994 0.99999464] | [49300 16 49300]
3 979 3 | [15 735 2972] | [0.99997 0.9999989 0.9999998] | [15 735 2972]
3 982 3 | [18 332 735] | [0.99999666 1 0.99999374] | [18 332 735]
3 985 2 | [271 332 4935] | [0.9999281 0.32978532 0.7960186] | [271 2009]
3 987 2 | [25 1510 7368] | [0.99957573 0.96268415 0.3507985] | [25 74988]
3 989 3 | [17 11 220] | [0.99999994 1 0.99999905] | [17 11 220]
3 992 3 | [18 11 220] | [0.99999976 1 0.99999934] | [18 11 220]
3 995 3 | [16 11 220] | [0.99999994 1 0.9999989] | [16 11 220]
3 998 3 | [18 60 63] | [0.9999991 0.99998087 0.9998711] | [18 60 63]
3 1001 2 | [50615 271 1409] | [0.99961495 0.8641631 0.84485614] | [50615 248046]
4 47 3 | [198 760 1156] | [0.79917544 0.9988534 0.9213321] | [198 760 1156]
4 50 3 | [369 9859 264] | [0.999987 0.9992814 0.8698968] | [369 9859 264]
4 53 3 | [6673 3377 303] | [0.99860513 0.50467235 0.9966245] | [6673 3377 303]
4 56 3 | [25548 13 6558] | [0.9999682 0.945828 0.9993024] | [25548 13 6558]
4 59 3 | [728 4563 424] | [0.99999934 0.703509 0.9891993] | [728 4563 424]
4 62 3 | [25 271 1] | [0.88900584 0.9999983 0.9848463] | [25 271 1]
4 65 2 | [11280 303 2250] | [0.99596447 0.5752335 0.9524463] | [11280 43147]
4 67 3 | [314 279 2812] | [0.9996311 0.9715024 0.848521] | [314 279 4007]
4 70 3 | [506 27466 12230] | [0.9942216 0.9880294 0.98277944] | [506 27466 12230]
4 73 2 | [5833 3827 4477] | [0.99991363 0.7655121 0.99645704] | [5833 3788]
4 75 3 | [4477 13 2532] | [0.9983408 0.91892236 0.4794452] | [4477 13 2532]
4 78 3 | [513 220 23] | [0.9999751 0.99609566 0.99999976] | [513 220 23]
4 81 3 | [18 19 4007] | [0.99999577 1 0.9992867] | [18 19 4007]
4 84 3 | [852 3788 4477] | [0.94397175 0.99637103 0.999908] | [852 3788 4477]
4 87 2 | [13 2500 1599] | [0.88139534 0.99409086 0.9999554] | [13 3437]
4 89 3 | [369 279 2702] | [0.9999567 0.99998933 0.99998236] | [369 279 2702]
4 92 3 | [1324 314 4007] | [0.9999914 0.9999997 0.9996573] | [1324 314 4007]
4 95 3 | [506 27466 12230] | [0.99984443 0.99991107 0.99994445] | [506 27466 12230]
4 98 3 | [5833 7285 271] | [0.99996054 0.9999227 0.99997675] | [5833 7285 271]
4 101 2 | [4272 25 220] | [0.79678684 0.8229485 0.8070978] | [4272 11]
4 103 3 | [220 17 14] | [0.5363015 0.9999916 0.99999624] | [220 17 14]
4 106 3 | [18 314 279] | [0.9999991 0.9886383 0.7848429] | [18 314 2702]
4 109 3 | [4007 283 220] | [0.9982101 0.9983788 0.9999957] | [4007 283 220]
4 112 3 | [23 18 19] | [0.9999953 0.9999999 0.99999994] | [23 18 19]
4 115 2 | [198 9592 2702] | [0.7756409 0.4814042 0.68040633] | [198 7354]
4 117 3 | [4007 283 220] | [0.9478362 0.9999929 0.7463719] | [4007 283 220]
4 120 3 | [23 18 19] | [0.9999977 1 1] | [23 18 19]
4 123 3 | [1624 115 318] | [0.64468044 0.9999956 0.93234956] | [1624 115 318]
4 126 3 | [17 14 18] | [0.99999493 0.99999917 1] | [17 14 18]
4 129 3 | [8 283 220] | [0.9999974 0.9997441 0.99999774] | [8 283 220]
4 132 3 | [23 18 19] | [0.99999994 1 0.99999815] | [23 18 19]
4 135 3 | [23985 318 18] | [0.9997833 0.74039894 0.9999993] | [23985 318 18]
4 138 3 | [14 17 8] | [0.99999994 1 0.99999976] | [14 17 8]
4 141 3 | [283 220 17] | [0.99998057 0.99400985 0.6600755] | [283 220 16]
4 144 2 | [17 19 22] | [0.7854218 0.9728415 0.99780303] | [17 20]
4 146 3 | [16 271 9764] | [0.9999947 0.9981277 0.9601476] | [16 271 9764]
4 149 3 | [728 9845 25] | [0.99999994 0.9309902 0.9964334] | [728 9845 25]
4 152 2 | [220 16 17] | [0.9997373 0.56456625 0.9999903] | [220 17]
4 154 3 | [14 18 23985] | [0.9998929 0.9999986 0.9674863] | [14 18 23985]
4 157 3 | [220 16 17] | [0.9999987 0.9999604 0.99999946] | [220 16 17]
4 160 3 | [20 16 283] | [1 1 0.9999996] | [20 16 283]
4 163 2 | [220 23 18] | [0.99938506 0.59646356 0.9999913] | [220 17]
4 165 1 | [20 15 17] | [0.7060756 0.9999814 0.9999923] | [23985]
4 166 2 | [220 20 16] | [0.99999905 0.7577432 0.7405567] | [220 19]
4 168 3 | [16 22 283] | [1 0.9999931 0.9999988] | [16 22 283]
4 171 3 | [220 23 18] | [0.9999829 1 0.9999999] | [220 23 18]
4 174 2 | [19 50615 271] | [0.99999744 0.61045885 0.99849004] | [19 13]
4 176 3 | [50615 271 760] | [0.9161775 0.89516073 0.9464038] | [50615 271 760]
4 179 3 | [4087 369 220] | [0.49052748 0.99985427 0.99991274] | [4087 369 220]
4 182 3 | [16 11 17] | [0.9999374 0.84415936 0.9999793] | [16 11 17]
4 185 3 | [20 16 4007] | [0.9999975 0.9999647 0.9918978] | [20 16 4007]
4 188 3 | [13 198 760] | [0.99819803 0.9962131 0.46654755] | [13 198 248069]
4 191 3 | [271 550 10838] | [1 0.8048148 0.3615106] | [271 550 183986]
4 194 1 | [37875 37875 271] | [0.99547756 0.32362723 0.24977787] | [148553]
4 195 2 | [271 332 17] | [0.9999523 0.5655425 0.93850625] | [271 153770]
4 197 1 | [2574 25 271] | [0.6506369 0.9884665 0.60370797] | [148451]
4 198 1 | [25 198 12] | [0.8829145 0.53647065 0.8815041] | [159528]
4 199 1 | [4007 283 220] | [0.31821907 0.7825508 0.6667857] | [184374]
4 200 1 | [2324 283 2972] | [0.5219718 0.3138784 0.9708995] | [155215]
4 201 2 | [283 220 23] | [0.9488624 0.65077186 0.59284294] | [283 393]
4 203 3 | [87 3 271] | [0.9737899 0.9999948 0.9987898] | [87 3 271]
4 206 1 | [13682 59 35790] | [0.71461976 0.99579835 0.9999913] | [149121]
4 207 1 | [34694 63693 64] | [0.35037717 0.13553846 0.98906773] | [167507]
4 208 2 | [25 2972 17] | [0.9984388 0.4774161 0.9611213] | [25 56014]
4 210 3 | [67 35790 90] | [0.9961232 0.9999746 0.9999969] | [67 35790 90]
4 213 3 | [17 14728 18] | [0.9996801 0.99994206 1] | [17 14728 18]
4 216 1 | [92 1088 14695] | [0.97579247 0.6070533 0.96930695] | [30675]
4 217 1 | [87 283 220] | [0.41735038 0.99662536 0.9588008] | [170830]
4 218 1 | [393 87 3] | [0.20124106 0.9999936 0.9383974] | [184374]
4 219 1 | [2324 283 220] | [0.35758492 0.9877897 0.9075643] | [155215]
4 220 1 | [283 220 23] | [0.93539274 0.97917527 0.9999727] | [150605]
4 221 1 | [4477 283 220] | [0.11689899 0.9974037 0.89422905] | [191485]
4 222 3 | [283 220 23] | [0.8092516 0.96790344 0.999993] | [283 220 23]
4 225 3 | [18 19 271] | [0.999993 0.999965 0.9456243] | [18 19 171135]
4 228 3 | [271 13682 59] | [0.9998542 0.9999465 0.999664] | [271 13682 59]
4 231 3 | [35790 90 17] | [0.99899226 0.9999874 0.9999438] | [35790 90 17]
4 234 3 | [14728 18 92] | [0.9999994 1 0.9997337] | [14728 18 92]
4 237 3 | [87 283 220] | [0.5478662 0.9999961 0.9999612] | [87 283 220]
4 240 3 | [23 18 19] | [0.99999297 0.9999991 0.99999607] | [23 18 19]
4 243 3 | [13682 271 13682] | [0.99999 0.99999547 0.9985175] | [13682 271 13682]
4 246 3 | [87 283 1088] | [0.99995905 0.99999726 0.99627435] | [87 283 220]
4 249 3 | [23 18 19] | [0.99999523 1 0.99999946] | [23 18 19]
4 252 3 | [1088 596 1088] | [0.99993235 0.72410476 0.99962115] | [1088 596 1088]
4 255 3 | [35790 90 17] | [0.99996465 0.99999857 0.9999986] | [35790 90 17]
4 258 3 | [14728 18 92] | [1 0.9999996 0.999999] | [14728 18 92]
4 261 3 | [283 220 23] | [0.9092998 0.99999624 1] | [283 220 23]
4 264 3 | [18 19 1088] | [1 0.99999976 0.9999976] | [18 19 1088]
4 267 3 | [14695 1088 35790] | [0.9999931 0.9999971 0.99996024] | [14695 1088 35790]
4 270 3 | [90 18 14728] | [1 1 1] | [90 18 14728]
4 273 3 | [17 92 13682] | [0.99999994 0.9999856 0.5794699] | [17 92 283]
4 276 1 | [220 16 17] | [0.5288128 0.9458381 0.99452716] | [1088]
4 277 3 | [35790 90 17] | [0.99537563 0.99998826 0.45829183] | [35790 90 17]
4 280 1 | [11 19 24] | [0.5023497 0.658279 0.99999964] | [20]
4 281 3 | [15 17 14728] | [0.99999994 0.9997899 0.99999887] | [15 17 14728]
4 284 3 | [17 92 283] | [0.999984 0.9999823 0.9996561] | [17 92 283]
4 287 3 | [220 16 17] | [0.8599658 0.9999859 0.99407357] | [220 16 90]
4 290 3 | [11 92 17] | [0.99998933 0.9978388 0.9923505] | [11 92 17]
4 293 3 | [20 16 13682] | [1 1 0.69040394] | [20 16 13682]
4 296 3 | [271 550 2972] | [0.9999956 0.87239844 0.20253259] | [271 550 160602]
4 299 1 | [4087 271 332] | [0.41615942 0.9999872 0.8707929] | [151776]
4 300 2 | [271 332 3] | [0.99991417 0.79953283 0.20689632] | [271 159528]
4 302 1 | [4007 506 27466] | [0.4317215 0.8756482 0.9967922] | [184374]
4 303 1 | [2324 1789 27466] | [0.79357624 0.7501676 0.5633047] | [155215]
4 304 1 | [1789 27466 12230] | [0.15864414 0.6688175 0.9989728] | [148285]
4 305 1 | [5833 27466 27466] | [0.43129992 0.83179927 0.8013699] | [176408]
4 306 1 | [27466 12230 5833] | [0.5078317 0.9938429 0.99979657] | [148753]
4 307 1 | [4263 48382 33541] | [0.20389347 0.44170803 0.5373545] | [156235]
4 308 1 | [25443 46567 5833] | [0.84525305 0.46278882 0.3220354] | [164177]
4 309 1 | [49077 38534 59407] | [0.033078708 0.36853012 0.21597952] | [167334]
4 310 1 | [38534 30739 283] | [0.472324 0.18801127 0.15722226] | [151013]
4 311 1 | [283 2972 16] | [0.9395326 0.9997855 0.9999843] | [171856]
4 312 3 | [2972 16 11] | [0.9999926 0.9998129 0.99991614] | [2972 16 11]
4 315 3 | [17 20 16] | [0.9997749 0.9999996 0.9999991] | [17 20 16]
4 318 1 | [1208 332 10838] | [0.4955051 0.99999636 0.5465436] | [171135]
4 319 2 | [332 271 6391] | [0.99999875 0.6619414 0.47068515] | [332 248046]
5 39 3 | [198 760 1156] | [0.85053796 0.99998116 0.97691965] | [198 760 1156]
5 42 3 | [369 9859 883] | [0.9998643 0.9999885 0.9843791] | [369 9859 883]
5 45 3 | [279 23856 12331] | [0.9999579 0.9988366 0.57254225] | [279 23856 8937]
5 48 3 | [314 12331 318] | [0.9999964 0.99997014 0.98735064] | [314 12331 318]
5 51 1 | [1767 2867 988] | [0.86410546 1 0.9999933] | [258]
5 52 3 | [11995 8 883] | [0.99998707 0.9952117 0.312906] | [11995 8 1698]
5 55 3 | [2867 988 4334] | [1 0.9999986 0.9999977] | [2867 988 4334]
5 58 3 | [2094 279 3990] | [0.93978244 0.9997545 0.99974936] | [2094 279 3990]
5 61 3 | [314 264 5611] | [0.99995005 0.9998789 0.998254] | [314 264 5611]
5 64 3 | [19576 5922 421] | [0.9981321 0.99997854 0.4624718] | [19576 5922 421]
5 67 3 | [4523 424 310] | [0.6896078 0.9980904 0.9999953] | [4523 424 310]
5 70 3 | [1141 3889 2234] | [0.9999252 0.99995667 0.9981694] | [1141 3889 2234]
5 73 3 | [13 271 9764] | [0.9983843 0.99933815 0.6272317] | [13 271 32]
5 76 3 | [5611 19576 5922] | [0.99995416 0.9991089 0.9999925] | [5611 19576 5922]
5 79 3 | [682 220 20] | [0.99737734 0.9995439 0.9999927] | [682 220 20]
5 82 1 | [10744 13 561] | [0.6713057 0.74527574 0.77434146] | [22702]
5 83 1 | [43614 13 561] | [0.98631036 0.93526703 0.9213121] | [88129]
5 84 3 | [43614 13 561] | [0.9999783 0.9423916 0.92106855] | [43614 13 1061]
5 87 3 | [3254 424 682] | [0.9999783 0.8842808 0.7993385] | [3254 424 13640]
5 90 1 | [310 4924 1238] | [0.8398456 0.99869204 0.9799534] | [8366]
5 91 2 | [4924 1238 220] | [0.9999904 0.84781736 0.99485976] | [4924 948]
5 93 3 | [44102 539 62862] | [0.99980205 0.90382785 0.54736686] | [44102 539 62862]
5 96 3 | [314 220 18] | [0.99999255 0.9996602 0.99982214] | [314 220 18]
5 99 3 | [21 15 11283] | [0.9999998 1 0.998181] | [21 15 11283]
5 102 3 | [14 20 283] | [0.9998979 0.999975 0.79818815] | [14 20 283]
5 105 3 | [220 22 17] | [0.99997973 0.9999999 1] | [220 22 17]
5 108 1 | [11283 63456 13] | [0.99991053 0.51981235 0.9420141] | [224024]
5 109 3 | [271 760 23856] | [0.9998817 0.99565375 0.9858617] | [271 760 23856]
5 112 1 | [8937 314 12331] | [0.5156361 0.9971864 0.9999317] | [6572]
5 113 3 | [8937 314 12331] | [0.96304053 0.94938827 0.99996537] | [8937 314 12331]
5 116 3 | [421 4523 279] | [0.59659696 0.5544601 0.72972393] | [421 4523 264]
5 119 3 | [5611 19576 5922] | [0.9998617 0.9991248 0.9999842] | [5611 19576 5922]
5 122 3 | [310 1141 3889] | [0.99997425 0.9997826 0.99931574] | [310 1141 3889]
5 125 3 | [2234 369 220] | [0.99729294 0.9898648 0.8815814] | [2234 369 220]
5 128 3 | [18 21 15] | [0.8321159 0.99999994 0.99999994] | [18 21 15]
5 131 3 | [11283 14 20] | [0.9960719 0.9791436 0.99999684] | [11283 14 20]
5 134 3 | [283 220 22] | [0.9999959 0.9997579 0.99999946] | [283 220 22]
5 137 2 | [17 11283 63456] | [1 0.9911161 0.89778537] | [17 224024]
5 139 3 | [271 1919 369] | [0.94939923 0.3777404 0.9956296] | [271 1919 369]
5 142 1 | [279 23856 12331] | [0.65016705 0.5508347 0.44066057] | [29350]
5 143 1 | [13 561 4087] | [0.84570533 0.539796 0.8684865] | [25]
5 144 1 | [279 23856 8937] | [0.4061053 0.61293656 0.5551426] | [264]
5 145 2 | [5611 19576 5922] | [0.9990619 0.9427018 0.9999732] | [5611 307]
5 147 3 | [2294 263 682] | [0.99811816 0.9985337 0.9652839] | [2294 263 682]
5 150 1 | [307 22702 43614] | [0.3438373 0.98954403 0.83167535] | [88129]
5 151 3 | [43614 314 220] | [0.9992487 0.99511415 0.81358397] | [43614 314 1906]
5 154 1 | [220 18 21] | [0.7256027 0.9955476 1] | [307]
5 155 3 | [11 748 279] | [0.99899656 0.46375534 0.9144785] | [11 748 279]
5 158 2 | [23856 8937 314] | [0.98358244 0.53188664 0.66626316] | [23856 12331]
5 160 3 | [8937 369 220] | [0.99857914 0.9989495 0.9999563] | [8937 369 220]
5 163 3 | [18 21 15] | [0.9999731 1 1] | [18 21 15]
5 166 3 | [11283 14 77] | [0.99294335 0.99979454 0.9999981] | [11283 14 77]
5 169 2 | [13 271 2381] | [0.9307467 0.65132636 0.9908125] | [13 1690]
5 171 3 | [264 19576 5922] | [0.75893706 0.94127315 0.9999949] | [264 19576 5922]
5 174 3 | [318 77 28] | [0.82599425 0.99983674 0.9970294] | [318 77 28]
5 177 3 | [20 681 424] | [0.9999497 0.9847842 0.7348857] | [20 681 424]
5 180 3 | [579 220 18] | [0.9998497 0.99996823 0.9577949] | [579 220 18]
5 183 3 | [21 15 11283] | [0.9999997 1 0.9998297] | [21 15 11283]
5 186 3 | [14 20 283] | [0.99999785 0.9999871 0.9999993] | [14 20 283]
5 189 3 | [220 22 17] | [0.99999785 0.99999917 1] | [220 22 17]
5 192 1 | [11283 63456 13] | [0.99965084 0.48251802 0.84577906] | [224024]
5 193 2 | [198 760 4087] | [0.9775653 0.6169017 0.5866285] | [198 248069]
5 195 2 | [271 2 23856] | [0.9999999 0.5778382 0.57934713] | [271 550]
5 197 1 | [220 22 17] | [0.442878 0.91519904 1] | [148393]
5 198 1 | [38382 28850 271] | [0.9675463 0.86556154 0.9763564] | [181816]
5 199 1 | [271 332 22] | [0.6266681 0.9130978 0.45297128] | [25]
5 200 3 | [2972 22 17] | [0.8455652 0.9836528 1] | [2972 22 17]
5 203 3 | [11283 332 271] | [0.9993779 0.99988043 0.9997415] | [11283 332 271]
5 206 1 | [13962 15673 271] | [0.73457545 0.3382899 0.8812308] | [149650]
5 207 2 | [34076 977 51686] | [0.9999984 0.72718436 0.60254484] | [34076 173227]
5 209 1 | [318 30350 21616] | [0.48214564 0.9902159 0.25685135] | [152470]
5 210 1 | [42190 20704 318] | [0.13292582 0.36476162 0.99405825] | [153506]
5 211 2 | [318 43619 5922] | [0.9947372 0.50357866 0.999983] | [318 34076]
5 213 1 | [9873 19453 61102] | [0.8354329 0.97453445 0.32189924] | [182271]
5 214 2 | [14139 8 54895] | [0.99988157 0.95394295 0.37942776] | [14139 148296]
5 216 2 | [55919 8270 8] | [0.9997818 0.5119071 0.99982876] | [55919 211954]
5 218 1 | [8 54895 14139] | [0.99528766 0.5988322 0.45930457] | [152470]
5 219 1 | [42190 20704 8] | [0.11024066 0.47818574 0.9999546] | [153506]
5 220 2 | [8 54895 14139] | [0.9999403 0.41975975 0.33090636] | [8 231607]
5 222 2 | [2972 13883 12940] | [0.9817677 0.39552122 0.4460623] | [2972 178554]
5 224 1 | [56674 332 220] | [0.8933952 0.49581334 0.693778] | [155284]
5 225 1 | [45944 332 318] | [0.19578837 0.9950325 0.89909065] | [150021]
5 226 1 | [42858 56674 33879] | [0.77665013 0.49708807 0.14219196] | [153494]
5 227 1 | [11460 332 61102] | [0.4481044 0.8175091 0.57803893] | [149209]
5 228 1 | [61102 220 20] | [0.45019963 0.8775955 0.9983743] | [150021]
5 229 2 | [61102 220 20] | [0.6785026 0.7618716 0.9975644] | [61102 148487]
5 231 1 | [13883 26598 220] | [0.9995138 0.57357776 0.9995769] | [236870]
5 232 3 | [220 20 332] | [0.9999635 0.99898946 0.99947387] | [220 20 227789]
5 235 1 | [7063 424 13640] | [0.69869477 0.8593097 0.39606956] | [151401]
5 236 1 | [25 271 13682] | [0.56646484 0.9993638 0.9988957] | [170751]
5 237 1 | [220 22 17] | [0.66833186 0.80238765 0.9960389] | [151424]
5 238 2 | [42190 5525 53208] | [0.9999696 0.22147985 0.4292297] | [42190 153554]
5 240 1 | [9462 4924 13] | [0.09144949 0.83934575 0.43200773] | [148631]
5 241 1 | [22639 27004 24821] | [0.24648145 0.13125871 0.13855088] | [175812]
5 242 1 | [220 22 17] | [0.88946277 0.9168935 0.97457814] | [159158]
5 243 1 | [220 20 61272] | [0.9123943 0.99799675 0.41867742] | [153163]
5 244 1 | [220 20 61272] | [0.9955032 0.9992435 0.5777477] | [209577]
5 245 1 | [26942 20733 59] | [0.80765945 0.28671718 0.94207025] | [149847]
5 246 1 | [19453 33879 220] | [0.8171598 0.5109883 0.9271946] | [208783]
5 247 1 | [20291 25 271] | [0.999975 0.6290437 0.99960726] | [182565]
5 248 3 | [25 271 13682] | [0.53260714 0.9999416 0.9999836] | [25 271 13682]
5 251 3 | [59 35790 90] | [0.99594015 0.996189 0.99938655] | [59 35790 90]
5 254 3 | [18 21 15] | [0.99998605 1 1] | [18 21 15]
5 257 3 | [11283 14728 20] | [0.99992085 0.99992704 0.999646] | [11283 14728 20]
5 260 3 | [92 283 220] | [0.9993048 0.99998516 0.893239] | [92 283 220]
5 263 3 | [22 17 11283] | [0.99902016 0.99999994 0.9998851] | [22 17 11283]
5 266 3 | [13682 271 13962] | [0.99982363 0.9999956 0.69671845] | [13682 271 88792]
5 269 1 | [53477 27004 25] | [0.9886545 0.10744998 0.55401224] | [193298]
5 270 1 | [2972 40218 12292] | [0.39492804 0.95443815 0.4305303] | [152423]
5 271 1 | [28850 23856 2972] | [0.09551067 0.364193 0.80935925] | [188823]
5 272 1 | [8937 318 20704] | [0.53432375 0.8552347 0.75568336] | [165598]
5 273 1 | [25046 318 20704] | [0.115683496 0.6083753 0.5783702] | [150069]
5 274 1 | [318 22500 30055] | [0.49026108 0.82364047 0.999719] | [209577]
5 275 1 | [318 22500 30055] | [0.8535008 0.55280757 0.9994808] | [42526]
5 276 3 | [30055 19453 12] | [0.99995416 0.99995923 0.19728242] | [30055 19453 161077]
5 279 1 | [33879 27004 36918] | [0.26343286 0.1605105 0.20605098] | [175353]
5 280 1 | [36918 318 14139] | [0.088111356 0.93202126 0.28865772] | [177710]
5 281 1 | [318 20704 62422] | [0.73004854 0.24666606 0.6383743] | [174030]
5 282 1 | [20704 53477 50930] | [0.48423034 0.11630156 0.86481357] | [153537]
5 283 1 | [51686 34076 977] | [0.39219493 0.9993434 0.8639515] | [160388]
5 284 1 | [27772 54895 32412] | [0.15787959 0.10092716 0.18681243] | [173227]
5 285 1 | [54895 32412 15682] | [0.24438226 0.15469146 0.9950873] | [169875]
5 286 1 | [22639 21055 2045] | [0.9451294 0.25069273 0.6021707] | [236288]
5 287 1 | [22500 11797 2626] | [0.9532428 0.13074927 0.82256186] | [152439]
5 288 1 | [16722 369 25] | [0.4427656 0.4803238 0.7032268] | [221887]
5 289 1 | [2972 22 17] | [0.3177584 0.9932114 1] | [159138]
5 290 3 | [2972 22 17] | [0.56049716 0.9990249 1] | [2972 22 17]
5 293 2 | [11283 332 318] | [0.99996585 0.9993152 0.9814426] | [11283 159034]
5 295 1 | [271 29 2972] | [0.9797803 0.5698696 0.99236417] | [248046]
6 47 2 | [271 9764 728] | [0.90968734 0.2929286 0.9090278] | [271 248069]
6 49 3 | [271 29220 35022] | [1 0.9953846 0.50702786] | [271 29220 35022]
6 52 3 | [10043 39719 11] | [0.9912065 0.9997089 0.99878025] | [10043 39719 11]
6 55 3 | [60398 44961 264] | [0.55554706 0.82738554 0.5662166] | [60398 44961 296]
6 58 2 | [55583 401 2972] | [0.98718065 0.8212676 0.9740052] | [55583 635]
6 60 3 | [2972 848 2676] | [0.9993453 0.96044177 0.99944204] | [2972 848 2676]
6 63 3 | [78 332 318] | [0.9999194 0.8859668 0.52292085] | [78 332 318]
6 66 2 | [282 55583 635] | [0.6432762 0.3426397 0.62067443] | [282 2702]
6 68 1 | [401 55607 681] | [0.30791655 0.65975547 0.75218815] | [30752]
6 69 1 | [1146 2103 14805] | [0.29430196 0.5470381 0.69072604] | [296]
6 70 1 | [1649 12038 3825] | [0.4341192 0.9973829 0.33764878] | [1214]
6 71 2 | [2290 73 41885] | [0.99970514 0.9743616 0.95914876] | [2290 201117]
6 73 3 | [681 1649 3825] | [0.4664626 0.757485 0.99972135] | [681 1649 3825]
6 76 1 | [9578 57140 401] | [0.82323575 0.39902782 0.7261791] | [197910]
6 77 2 | [9578 57140 635] | [0.9998183 0.22338897 0.33728465] | [9578 65995]
6 79 3 | [635 1649 264] | [0.9134784 0.99996674 0.6319515] | [635 1649 1695]
6 82 2 | [277 2556 55607] | [0.9999396 0.9618814 0.9994195] | [277 15063]
6 84 3 | [2556 55607 4542] | [0.99999243 0.9915409 0.5177764] | [2556 55607 83013]
6 87 2 | [12962 13 271] | [0.9999968 0.4858134 0.99991256] | [12962 186593]
6 89 3 | [13 271 13962] | [0.9949868 0.9999063 0.9076981] | [13 271 13962]
6 92 1 | [220 16 13] | [0.82327694 0.99996245 0.9999834] | [219983]
6 93 3 | [220 16 25] | [0.9997791 0.9999989 0.9999974] | [220 16 25]
6 96 3 | [3210 20710 296] | [0.789218 0.99999154 0.9711665] | [3210 20710 296]
6 99 1 | [2702 401 459] | [0.6005429 0.9473523 0.46413532] | [29226]
6 100 3 | [2702 401 459] | [0.99969035 0.9994435 0.58166265] | [2702 401 231851]
6 103 2 | [401 1146 848] | [0.9998229 0.8340979 0.9999804] | [401 184390]
6 105 3 | [10293 1146 848] | [0.9434112 0.99863046 0.9999919] | [10293 1146 848]
6 108 1 | [20772 401 220] | [0.2586386 0.9988258 0.99998873] | [153854]
6 109 3 | [401 220 20] | [0.9968457 0.9999647 0.99999964] | [401 220 20]
6 112 1 | [44427 271 46] | [0.7152219 0.40316838 0.7795613] | [186396]
6 113 3 | [198 46 2702] | [0.50004005 0.52834696 0.95589733] | [198 46 2702]
6 116 2 | [401 5932 17702] | [0.87472117 0.6341931 0.95245767] | [401 186396]
6 118 2 | [4176 459 7319] | [0.57011193 0.9341035 0.69957274] | [4176 213940]
6 120 2 | [3825 220 16] | [0.993639 0.99179965 0.90033084] | [3825 393]
6 122 2 | [23 478 220] | [0.99985456 0.9983168 0.99999475] | [23 1088]
6 124 3 | [1272 90 318] | [0.9999233 0.99990803 0.99394727] | [1272 90 318]
6 127 3 | [265 860 42162] | [0.5782123 0.99659234 0.9999569] | [265 860 42162]
6 130 3 | [8866 478 220] | [0.9913038 0.999928 0.9890648] | [8866 478 220]
6 133 3 | [21 1088 1272] | [0.99999577 0.9999974 0.99999857] | [21 1088 1272]
6 136 3 | [90 318 26542] | [0.99991137 0.99999905 0.9996152] | [90 318 26542]
6 139 3 | [4076 18760 8866] | [0.99690384 0.9998798 0.9999894] | [4076 18760 8866]
6 142 3 | [283 220 16] | [0.99998754 0.99987876 0.99999994] | [283 220 16]
6 145 3 | [19 3 44427] | [0.99999994 0.7957704 0.8168868] | [19 3 186396]
6 148 3 | [13 271 32] | [0.99993265 0.9088962 0.4180803] | [13 271 46]
6 151 3 | [29226 2702 401] | [0.9995468 0.9780195 0.9976383] | [29226 2702 401]
6 154 1 | [5337 401 38342] | [0.75848883 0.9913676 0.2034776] | [231851]
6 155 2 | [401 38342 25883] | [0.99998736 0.5122493 0.69622236] | [401 185377]
6 157 3 | [220 20 44427] | [0.9978129 0.9999983 0.20602621] | [220 20 186396]
6 160 2 | [401 220 16] | [0.8684229 0.98921645 1] | [401 4297]
6 162 1 | [2702 401 220] | [0.8198431 0.99991167 0.99999714] | [36267]
6 163 3 | [401 220 16] | [0.9996972 0.999985 0.99999946] | [401 220 16]
6 166 2 | [19 3825 296] | [0.9999991 0.48803112 0.85603696] | [19 11]
6 168 2 | [5067 5083 310] | [0.9916141 0.8204957 0.6049587] | [5067 2645]
6 170 1 | [265 14805 11] | [0.5159611 0.9934294 0.9970295] | [196420]
6 171 2 | [401 15819 11] | [0.892772 0.45871788 0.7907293] | [401 70557]
6 173 3 | [11 3825 55854] | [0.9998371 0.99998903 0.6083143] | [11 3825 55854]
6 176 2 | [31638 64857 2499] | [0.827348 0.6676621 0.6857705] | [31638 242388]
6 178 1 | [401 16007 47713] | [0.9768325 0.2872159 0.59249026] | [56014]
6 179 3 | [6649 315 90] | [0.999906 0.9993153 0.9999937] | [6649 315 90]
6 182 3 | [16 19 14728] | [0.99978435 1 0.9999998] | [16 19 14728]
6 185 3 | [20 30675 25] | [0.99996257 0.9733113 0.99908274] | [20 30675 25]
6 188 3 | [271 13682 198] | [0.9999864 0.999991 0.7643868] | [271 13682 198]
6 191 3 | [59 6649 315] | [0.999175 0.9941647 0.99999934] | [59 6649 315]
6 194 3 | [90 16 19] | [0.9999855 0.99993914 1] | [90 16 19]
6 197 3 | [14728 20 92] | [1 1 0.9999999] | [14728 20 92]
6 200 3 | [283 1088 35790] | [1 0.99999046 0.9999642] | [283 1088 35790]
6 203 3 | [90 16 19] | [0.9999949 0.9999991 1] | [90 16 19]
6 206 3 | [0 14728 20] | [0.99942166 0.99998283 0.99231285] | [0 14728 20]
6 209 3 | [9991 16 19] | [0.9908707 0.99999726 1] | [9991 16 19]
6 212 3 | [12 20 39931] | [0.9997618 0.99998474 0.99986273] | [12 20 39931]
6 215 3 | [92 283 1088] | [0.9999961 0.99995434 0.9999988] | [92 283 1088]
6 218 3 | [35790 90 16] | [0.99999934 0.9999993 0.9999771] | [35790 90 16]
6 221 2 | [19 0 14728] | [1 0.97284526 0.9999923] | [19 1088]
6 223 3 | [14695 220 16] | [0.98925346 0.99999994 0.9999923] | [14695 220 16]
6 226 3 | [18 1088 14695] | [1 0.99999 0.9999995] | [18 1088 14695]
6 229 3 | [220 16 17] | [0.99999714 1 0.99999464] | [220 16 17]
6 232 3 | [1088 14695 220] | [0.9999996 0.9999995 0.9999982] | [1088 14695 220]
6 235 3 | [16 16 1088] | [1 1 0.99999964] | [16 16 1088]
6 238 3 | [14695 220 16] | [0.99999577 0.99999934 1] | [14695 220 16]
6 241 3 | [15 14728 20] | [1 0.99991417 0.99831307] | [15 14728 20]
6 244 3 | [1088 14695 220] | [0.99979573 0.9999927 0.9999998] | [1088 14695 220]
6 247 3 | [19 1088 14695] | [0.9999996 0.99999285 0.9999987] | [19 1088 14695]
6 250 3 | [220 18 1088] | [0.99999887 1 0.9997337] | [220 18 1088]
6 253 3 | [14695 220 17] | [0.9999895 0.99999666 1] | [14695 220 17]
6 256 3 | [1088 14695 220] | [0.99999994 0.9999997 0.99999374] | [1088 14695 220]
6 259 3 | [16 92 198] | [0.99999994 0.9999979 0.9996967] | [16 92 198]
6 262 3 | [13682 271 55964] | [0.9999111 0.99998885 0.99113625] | [13682 271 55964]
6 265 3 | [4726 25 198] | [0.99997246 0.87766814 0.80854505] | [4726 25 198]
6 268 1 | [12 393 20] | [0.5673976 0.6292323 0.5052602] | [13682]
6 269 3 | [198 59 35790] | [0.9999181 0.9706272 0.68853885] | [198 59 6649]
6 272 3 | [315 90 16] | [0.9999998 0.99998474 0.9999632] | [315 90 16]
6 275 3 | [19 14728 20] | [1 0.99999696 1] | [19 14728 20]
6 278 3 | [92 283 1088] | [0.99999774 0.999978 0.9947337] | [92 283 1088]
6 281 3 | [35790 90 16] | [0.9981811 0.99999744 0.9999999] | [35790 90 17]
6 284 3 | [19 15 11] | [0.9999933 0.997532 0.736869] | [19 15 17]
6 287 3 | [19 15 14728] | [1 0.9999972 0.99999654] | [19 15 14728]
6 290 3 | [16 17 15] | [0.9999988 1 1] | [16 17 15]
6 293 3 | [92 283 220] | [0.99996567 0.9994651 0.9997662] | [92 283 220]
6 296 3 | [17 15 15] | [0.99996084 0.9999792 1] | [17 15 15]
6 299 3 | [17 198 13682] | [0.9999994 0.9993019 0.999996] | [17 198 13682]
6 302 3 | [271 13962 9675] | [0.9995367 0.4643226 0.735422] | [271 13962 219983]
6 305 3 | [220 17 25] | [1 1 0.9999991] | [220 17 25]
6 308 3 | [3210 20710 2556] | [0.5931911 0.9999851 0.51942277] | [3210 20710 2556]
6 311 2 | [55607 1649 12038] | [0.9864698 0.6556171 0.9662888] | [55607 1214]
6 313 3 | [2290 73 5379] | [0.9999992 0.9999976 0.99997205] | [2290 73 5379]
6 316 3 | [198 32 1146] | [0.94594413 0.8937066 0.94692177] | [198 32 197783]
6 319 3 | [328 79 19559] | [0.6364362 0.99884266 0.9999179] | [328 79 19559]
6 322 3 | [30752 4297 380] | [0.99980485 0.9938206 0.13175732] | [30752 4297 191876]
6 325 3 | [401 18292 27130] | [0.9999312 0.99998283 0.21078704] | [401 18292 70557]
6 328 3 | [1 65449 1649] | [0.999418 0.8738399 0.9997847] | [1 65449 1649]
6 331 1 | [2556 55607 1649] | [0.22409016 0.98660314 0.85612136] | [2972]
6 332 1 | [12038 332 60398] | [0.4745835 0.7934187 0.71967614] | [192484]
6 333 3 | [332 60398 1915] | [0.99562734 0.59653574 0.8899848] | [332 60398 1915]
6 336 1 | [25 198 12] | [0.5789862 0.99999624 0.9439219] | [10293]
6 337 3 | [1146 848 36821] | [0.9991485 0.99998116 0.6685629] | [1146 848 153854]
6 340 1 | [29509 2347 3131] | [0.25843298 0.7546422 0.9996606] | [186918]
6 341 2 | [45107 459 25] | [0.96421766 0.84890485 0.6689123] | [45107 4018]
6 343 3 | [33300 42162 5724] | [0.96362585 0.9999329 0.8532052] | [33300 42162 5724]
6 346 3 | [45107 4018 4018] | [0.9626225 0.9994038 0.21762308] | [45107 4018 11731]
6 349 3 | [18760 13 271] | [0.998731 0.99971336 0.9892379] | [18760 13 271]
6 352 3 | [332 34 37665] | [0.44751185 0.84627676 0.9461606] | [332 34 37665]
6 355 1 | [357 25 3593] | [0.6857079 0.9959039 0.7521206] | [220]
6 356 3 | [16 25 357] | [0.99975985 0.9995965 0.5351409] | [16 25 3593]
6 359 2 | [848 36821 45107] | [0.99999434 0.3083021 0.3427113] | [848 153854]
6 361 1 | [45107 459 33300] | [0.44054452 0.99502915 0.9873193] | [186918]
6 362 3 | [45107 4018 33300] | [0.99200344 0.72108877 0.9907047] | [45107 4018 33300]
6 365 3 | [42162 332 198] | [0.99996525 0.97302 0.9998934] | [42162 332 198]
6 368 3 | [16849 2006 1858] | [0.7355181 0.99964297 0.5924743] | [16849 2006 1858]
6 371 3 | [220 20 401] | [0.9996548 0.99994594 0.26888677] | [220 20 186396]
6 374 1 | [401 220 23] | [0.8999848 0.9359549 0.9997195] | [8485]
6 375 3 | [220 23 33300] | [0.9998289 0.9999901 0.98861086] | [220 23 33300]
6 378 3 | [42162 25 198] | [0.9999656 0.83818805 0.99994695] | [42162 25 198]
6 381 3 | [13682 198 59] | [0.99998957 0.9999628 0.9994835] | [13682 198 59]
6 384 3 | [6649 315 90] | [0.9999933 1 0.99999803] | [6649 315 90]
6 387 3 | [23 14728 20] | [0.9999976 1 1] | [23 14728 20]
6 390 3 | [92 283 1088] | [0.9999974 0.99995816 0.99999917] | [92 283 1088]
6 393 3 | [35790 90 23] | [0.7591337 0.99999607 1] | [35790 90 23]
6 396 3 | [0 14728 20] | [0.98545104 0.9999883 0.99999917] | [0 14728 20]
6 399 1 | [9991 23 12] | [0.7498059 0.9999491 0.98504794] | [0]
6 400 3 | [18 0 92] | [0.99965286 0.9999718 0.9999779] | [18 0 92]
6 403 3 | [283 1088 35790] | [0.9999971 0.99998724 0.9995321] | [283 1088 35790]
6 406 3 | [90 23 1088] | [0.999972 0.9999927 0.9997419] | [90 23 1088]
6 409 3 | [14695 220 22] | [0.9999952 0.99999624 1] | [14695 220 22]
6 412 3 | [1088 14695 220] | [0.99998784 0.9999999 0.99993694] | [1088 14695 220]
6 415 3 | [21 14728 18] | [0.9999952 0.9997637 0.9996011] | [21 14728 18]
6 418 3 | [1088 14695 220] | [0.99989367 0.9999969 0.9999998] | [1088 14695 220]
6 421 3 | [17 1088 14695] | [0.99999994 0.9999997 0.9999982] | [17 1088 14695]
6 424 3 | [220 16 92] | [0.9999993 1 0.99999964] | [220 16 92]
6 427 3 | [283 220 23] | [0.9998541 0.8606865 0.51821953] | [283 220 20]
6 430 3 | [21 198 13682] | [0.99999654 0.9997143 0.99999845] | [21 198 13682]
6 433 3 | [271 332 34] | [0.98208255 0.99999845 1] | [271 332 34]
6 436 3 | [37665 220 17] | [0.99999243 1 0.99999994] | [37665 220 17]
6 439 3 | [25 3593 848] | [0.9999997 0.99982 0.99999774] | [25 3593 848]
6 442 1 | [7319 43729 45107] | [0.3527624 0.2950362 0.99957335] | [153854]
6 443 1 | [54826 2499 45107] | [0.3391076 0.9933687 0.9999332] | [186918]
6 444 3 | [45107 4018 11731] | [0.9999996 0.9999859 0.99828434] | [45107 4018 11731]
6 447 3 | [18760 332 198] | [0.9997238 0.9999999 0.9999999] | [18760 332 198]
6 450 3 | [16849 2006 1858] | [0.99998075 0.9999998 0.99999213] | [16849 2006 1858]
6 453 3 | [220 20 3492] | [0.99999815 1 0.5286911] | [220 20 186396]
6 456 3 | [8485 220 21] | [0.99999183 0.99999124 1] | [8485 220 21]
6 459 3 | [11731 18760 25] | [0.999856 0.9992448 0.9998537] | [11731 18760 25]
6 462 3 | [198 13682 198] | [0.9999997 0.99998 1] | [198 13682 198]
6 465 3 | [59 6649 315] | [0.99999374 0.99999774 0.99999994] | [59 6649 315]
6 468 3 | [90 21 14728] | [0.99999577 0.9999999 0.9999999] | [90 21 14728]
6 471 3 | [20 92 283] | [0.9999959 0.99999976 0.99999744] | [20 92 283]
6 474 3 | [1088 35790 90] | [0.99957556 0.9462704 0.999986] | [1088 35790 90]
6 477 3 | [21 0 14728] | [0.99999934 0.99999744 0.9999978] | [21 0 14728]
6 480 3 | [20 0 16] | [0.99999994 0.99999577 0.9999997] | [20 0 16]
6 483 3 | [0 92 283] | [0.9999826 0.9999989 0.99999774] | [0 92 283]
6 486 3 | [220 21 198] | [0.98916364 0.9999997 0.99922067] | [220 21 198]
6 489 3 | [13682 271 13962] | [0.99997264 0.98944294 0.93144804] | [13682 271 13962]
6 492 1 | [64092 220 18] | [0.74702114 1 0.9997694] | [219983]
6 493 3 | [220 18 25] | [1 1 0.99999976] | [220 18 25]
6 496 3 | [3593 371 1264] | [0.98645383 0.9989339 0.99914956] | [3593 371 1264]
6 499 3 | [2556 55607 1214] | [0.9955867 0.9973413 0.9902294] | [2556 55607 1214]
6 502 3 | [2290 73 5379] | [0.9999993 0.99999785 0.9999983] | [2290 73 5379]
6 505 3 | [635 2702 198] | [0.99877155 0.9999364 0.9986125] | [635 2702 198]
6 508 3 | [46 29226 2702] | [0.6477017 0.9430302 0.7210497] | [46 29226 401]
6 511 3 | [1146 848 1003] | [0.9169007 0.9999981 0.9072643] | [1146 848 216556]
6 514 3 | [459 26633 30752] | [0.85520554 0.99975777 0.99981743] | [459 26633 30752]
6 517 2 | [4297 4314 401] | [0.99926513 0.46847826 0.99813634] | [4297 191876]
6 519 3 | [401 18292 58557] | [0.9997915 0.99994403 0.19524015] | [401 18292 70557]
6 522 3 | [3825 25 271] | [0.9993353 0.9376058 0.8147429] | [3825 25 271]
6 525 3 | [13682 198 59] | [0.9999847 0.9999077 0.9984022] | [13682 198 59]
6 528 3 | [1272 90 7354] | [0.9994437 0.999958 0.99838185] | [1272 90 7354]
6 531 3 | [92 471 1088] | [0.9955491 0.99996483 0.99993825] | [92 471 19185]
6 534 3 | [1272 90 50] | [0.99990636 0.99997425 0.49745876] | [1272 90 50]
6 537 2 | [1731 3212 407] | [0.9994933 0.1976631 0.9916932] | [1731 9078]
6 539 3 | [428 92 478] | [0.9999885 0.8434987 0.98537385] | [428 92 478]
6 542 3 | [1088 1272 90] | [0.9999998 0.99999946 0.99979794] | [1088 1272 90]
6 545 3 | [50 1731 6055] | [0.99999404 0.9997094 0.89414746] | [50 1731 6055]
6 548 3 | [18760 5242 25273] | [0.9999381 0.99999976 0.710887] | [18760 5242 198]
6 551 3 | [13682 271 13682] | [0.9999985 0.7818538 0.9998527] | [13682 271 13682]
6 554 3 | [198 17 15] | [0.99999607 0.99398804 0.99999994] | [198 17 15]
6 557 3 | [15 17 471] | [1 0.99999976 0.9999739] | [15 17 471]
6 560 3 | [318 20 21] | [0.9999575 0.9999919 1] | [318 20 21]
6 563 3 | [478 220 21] | [0.9999996 0.9999975 1] | [478 220 21]
6 566 3 | [8 283 220] | [0.99999416 0.7540066 0.9992217] | [8 283 220]
6 569 3 | [17 15 15] | [0.9999998 1 1] | [17 15 15]
6 572 3 | [17 471 220] | [0.9999991 0.99999994 0.9999327] | [17 471 220]
6 575 3 | [21 17 198] | [0.9999947 1 0.50496477] | [21 17 283]
6 578 3 | [220 16 24] | [0.9999837 0.9999914 0.99987036] | [220 16 24]
6 581 3 | [19 15 198] | [0.9999963 1 0.99999803] | [19 15 198]
6 584 3 | [13682 271 13962] | [0.9999974 0.99999976 0.8842526] | [13682 271 13962]
6 587 2 | [6054 28527 14805] | [0.5957467 0.61442584 0.50939786] | [6054 78644]
6 589 1 | [18897 26948 318] | [0.47656292 0.99999183 0.9997058] | [318]
6 590 3 | [44 9996 5815] | [0.9033175 0.9999638 0.998068] | [44 9996 5815]
6 593 3 | [43033 951 8] | [0.97254485 0.9999226 0.9905903] | [43033 951 8]
6 596 2 | [198 29220 2652] | [0.9836781 0.994159 0.8860303] | [198 22792]
6 598 2 | [14514 2652 2556] | [0.9958942 0.4201356 0.9049573] | [14514 33456]
6 600 3 | [1695 277 2556] | [0.94444156 0.99998087 0.90327835] | [1695 277 2556]
6 603 2 | [55607 4542 24778] | [0.9876092 0.5060383 0.40129673] | [55607 83013]
6 605 2 | [12962 25 198] | [0.99998575 0.76472074 0.9781049] | [12962 186593]
6 607 1 | [25 198 12] | [0.89380383 0.99756384 0.59514564] | [3239]
6 608 1 | [7440 2109 428] | [0.38997754 0.42198998 0.9178983] | [195439]
6 609 3 | [25 198 12] | [0.98909473 0.93454105 0.69235027] | [25 198 16]
6 612 2 | [13 220 220] | [0.99999964 0.8240012 0.4441482] | [13 2972]
6 614 2 | [16 3212 13] | [0.55940664 0.62139463 0.49938592] | [16 6055]
6 616 2 | [450 11 220] | [0.9979978 0.7512299 0.9999959] | [450 378]
6 618 3 | [220 19 3212] | [0.9999959 1 0.5483764] | [220 19 9078]
6 621 2 | [428 64700 198] | [0.9999994 0.87593627 0.97188026] | [428 92217]
6 623 3 | [56014 6649 315] | [0.9853671 0.9999474 0.99999696] | [56014 6649 315]
6 626 3 | [90 21 14728] | [0.9997584 0.9980421 0.99999964] | [90 21 14728]
6 629 3 | [16 92 1088] | [0.9999802 0.5227694 0.9999531] | [16 92 1088]
6 632 3 | [14695 1088 6649] | [0.9920487 0.99998486 0.9999958] | [14695 1088 6649]
6 635 3 | [315 90 23] | [1 0.9999979 1] | [315 90 23]
6 638 3 | [14728 19 92] | [1 1 0.99998456] | [14728 19 92]
6 641 3 | [283 220 21] | [0.9999958 0.9999937 0.9999936] | [283 220 21]
6 644 3 | [1088 14695 220] | [0.9999966 0.99999845 0.9972034] | [1088 14695 220]
6 647 3 | [22 15 283] | [0.99995875 1 0.9999236] | [22 15 283]
6 650 3 | [220 19 17] | [0.99999547 0.99952 0.99999994] | [220 19 17]
6 653 3 | [15 3 198] | [0.9999995 0.99994785 0.9999442] | [15 3 198]
6 656 3 | [17 13 2972] | [0.9999965 0.9999992 0.9999998] | [17 13 2972]
6 659 3 | [17 6055 18760] | [0.9999954 0.99373543 0.99824667] | [17 6055 18760]
6 662 3 | [378 220 19] | [0.9999619 0.9999999 0.99806964] | [378 220 18]
6 665 3 | [9078 428 15623] | [0.9998841 1 0.6615896] | [9078 428 92217]
6 668 3 | [56014 6649 315] | [0.99999994 0.99999535 0.99999714] | [56014 6649 315]
6 671 3 | [90 21 14728] | [0.999998 0.9999999 0.99999845] | [90 21 14728]
6 674 3 | [17 92 1088] | [0.99999535 0.99999964 0.99998957] | [17 92 1088]
6 677 3 | [14695 1088 6649] | [0.99999934 0.99999994 0.99999946] | [14695 1088 6649]
6 680 3 | [315 90 23] | [0.9999998 0.9999966 1] | [315 90 23]
6 683 3 | [14728 18 92] | [0.9999584 1 0.9999993] | [14728 18 92]
6 686 3 | [283 220 16] | [1 0.99999785 0.9974025] | [283 220 16]
6 689 3 | [20 1088 14695] | [1 0.9999974 0.99998677] | [20 1088 14695]
6 692 3 | [220 20 21] | [0.99999565 1 1] | [220 20 21]
6 695 3 | [283 220 23] | [0.99999636 0.99997663 0.98674875] | [283 220 23]
6 698 3 | [19 15 3] | [1 1 0.9999973] | [19 15 3]
6 701 3 | [198 18 13] | [0.9999967 0.9999932 0.9999986] | [198 18 13]
6 704 3 | [2972 18 6055] | [1 0.9999988 0.9898774] | [2972 18 6055]
6 707 3 | [18760 378 220] | [0.9999969 0.99999595 0.99999666] | [18760 378 220]
6 710 3 | [17 9078 428] | [0.999974 0.99992186 1] | [17 9078 428]
6 713 1 | [15623 56014 6649] | [0.33379552 0.99999905 0.9999988] | [92217]
6 714 3 | [56014 6649 315] | [0.99999946 0.9999989 0.9999994] | [56014 6649 315]
6 717 3 | [90 21 14728] | [0.9999934 0.9999999 0.99999917] | [90 21 14728]
6 720 3 | [18 92 1088] | [0.999999 1 0.99998695] | [18 92 1088]
6 723 3 | [14695 1088 6649] | [0.9999996 0.9999999 0.99999964] | [14695 1088 6649]
6 726 3 | [315 90 23] | [0.99999934 0.9999863 0.99999994] | [315 90 23]
6 729 3 | [14728 17 92] | [0.99998194 0.99999964 0.99999976] | [14728 17 92]
6 732 3 | [283 220 17] | [0.99999994 0.99999946 0.9999995] | [283 220 17]
6 735 3 | [15 1088 14695] | [1 0.99992734 0.9998458] | [15 1088 14695]
6 738 3 | [220 17 23] | [0.9999906 0.99999994 1] | [220 17 23]
6 741 3 | [283 220 20] | [0.99999994 0.9999966 0.9998323] | [283 220 20]
6 744 3 | [21 15 3] | [1 1 0.99999917] | [21 15 3]
6 747 3 | [198 19 13] | [0.99979544 0.99999386 0.9999997] | [198 19 13]
6 750 3 | [2972 19 6055] | [0.99999994 0.9999857 0.99624497] | [2972 19 6055]
6 753 3 | [18760 378 220] | [0.9999963 0.99998784 0.99998754] | [18760 378 220]
6 756 2 | [16 9078 78] | [0.99999475 0.97913265 0.9900978] | [16 5260]
6 758 2 | [5475 332 56014] | [0.999885 0.9919622 0.4745623] | [5475 92217]
6 760 3 | [56014 6649 315] | [0.9999998 0.9999981 0.9999988] | [56014 6649 315]
6 763 3 | [90 21 14728] | [0.9999956 0.9999997 0.9999996] | [90 21 14728]
6 766 3 | [19 92 1088] | [0.99995804 1 0.9999719] | [19 92 1088]
6 769 3 | [14695 1088 6649] | [0.9999996 0.99999976 0.99999976] | [14695 1088 6649]
6 772 3 | [315 90 23] | [0.99999934 0.99999845 1] | [315 90 23]
6 775 3 | [14728 16 92] | [0.9999985 1 0.99999964] | [14728 16 92]
6 778 3 | [283 220 21] | [1 0.9999995 0.9019432] | [283 220 16]
6 781 3 | [20 1088 14695] | [1 0.99999833 0.99988925] | [20 1088 14695]
6 784 3 | [220 23 283] | [0.99999803 1 0.9999982] | [220 23 283]
6 787 3 | [220 16 17] | [0.9999867 1 1] | [220 16 17]
6 790 3 | [15 3 271] | [0.99999857 0.999971 0.9992267] | [15 3 271]
6 793 3 | [50 7540 25] | [0.92051053 0.999951 0.9988717] | [50 7540 25]
6 796 3 | [393 19 17] | [0.99342096 0.99997145 1] | [393 19 17]
6 799 3 | [15 478 220] | [1 0.99999946 0.9999997] | [15 478 220]
6 802 3 | [23 19 15] | [1 1 1] | [23 19 15]
6 805 3 | [478 220 20] | [1 0.99999994 1] | [478 220 20]
6 808 3 | [21 15 478] | [1 1 1] | [21 15 478]
6 811 3 | [220 16 17] | [0.999997 1 1] | [220 16 17]
6 814 3 | [15 283 220] | [0.99999994 0.99999297 0.999958] | [15 283 220]
6 817 3 | [16 24 19] | [0.9999756 0.9999998 0.99999994] | [16 24 19]
6 820 3 | [15 3 271] | [0.999999 0.7609856 0.9976395] | [15 3 271]
6 823 2 | [13962 1737 37251] | [0.95626265 0.7692697 0.9984896] | [13962 193084]
6 825 3 | [3303 198 46] | [0.9999715 0.99906516 0.7641091] | [3303 198 46]
6 828 3 | [29226 401 5337] | [0.99848914 0.99991596 0.55499] | [29226 401 231851]
6 831 2 | [401 1304 1886] | [0.9968524 0.8394242 0.32402298] | [401 184390]
6 833 3 | [264 1146 848] | [0.916631 0.9996115 0.9999975] | [264 1146 848]
6 836 1 | [20772 3825 2972] | [0.41601837 0.99834925 0.99357647] | [153854]
6 837 3 | [3825 2972 16] | [0.93983483 0.99655485 0.9999607] | [3825 2972 16]
6 840 1 | [13 24 19] | [0.6801829 0.9999976 1] | [24]
6 841 3 | [19 15 332] | [0.9999277 0.99999994 0.9982979] | [19 15 159034]
6 844 1 | [271 332 1026] | [0.9146384 0.9976816 0.720493] | [248046]
7 49 2 | [271 760 1156] | [0.6368256 0.85029685 0.982899] | [271 248069]
7 51 2 | [271 18994 37875] | [1 0.29251173 0.49793473] | [271 151423]
7 53 1 | [37875 46054 37875] | [0.9696279 0.57691395 0.8892291] | [149004]
7 54 1 | [37875 20141 37875] | [0.94069505 0.29049566 0.10572414] | [152395]
7 55 1 | [5498 57719 56014] | [0.5780501 0.95748603 0.2966707] | [223840]
7 56 1 | [318 11856 8] | [0.8752365 0.9947239 0.99937785] | [148442]
7 57 1 | [57862 37875 46054] | [0.14901923 0.27223897 0.924966] | [239419]
7 58 1 | [46513 56014 813] | [0.97413117 0.7566272 0.9999881] | [161575]
7 59 3 | [56014 813 830] | [0.9115035 0.9996466 0.6860718] | [56014 813 830]
7 62 3 | [61 17 3] | [0.99999636 0.9999987 0.99829763] | [61 17 3]
7 65 1 | [318 63157 56014] | [0.99533606 0.16044222 0.7119599] | [155411]
7 66 1 | [56522 12463 279] | [0.60711515 0.76617324 0.9293416] | [149060]
7 67 1 | [12463 279 2876] | [0.43833187 0.938621 0.60386753] | [180462]
7 68 1 | [57862 39735 19236] | [0.691393 0.13734362 0.806535] | [195722]
7 69 1 | [41480 54741 76] | [0.068629235 0.9170321 0.98043656] | [148442]
7 70 1 | [1433 54741 76] | [0.8036056 0.9792992 0.81931204] | [239419]
7 71 1 | [46513 44788 54741] | [0.4847501 0.24557427 0.99711406] | [161575]
7 72 1 | [30739 22216 58379] | [0.656283 0.9886515 0.98512495] | [192763]
7 73 1 | [58379 24400 318] | [0.4793587 0.80281895 0.69567186] | [90637]
7 74 1 | [29779 34694 318] | [0.72580004 0.96937966 0.7880357] | [165526]
7 75 1 | [25443 318 813] | [0.14105558 0.8958089 0.98668355] | [166730]
7 76 1 | [318 813 54741] | [0.5940793 0.8346789 0.9996227] | [153184]
7 77 1 | [52109 2743 54741] | [0.083357744 0.3963668 0.93947023] | [153770]
7 78 1 | [2574 421 279] | [0.45144168 0.7743624 0.6947298] | [148451]
7 79 2 | [2972 13422 314] | [0.5841327 0.28745756 0.995303] | [2972 149699]
7 81 1 | [4613 1433 54741] | [0.20897575 0.46091914 0.61462516] | [159510]
7 82 1 | [318 14064 8] | [0.9951457 0.283521 0.72377723] | [192763]
7 83 1 | [318 813 54741] | [0.15310124 0.95457083 0.99537235] | [90637]
7 84 1 | [47001 318 813] | [0.51144797 0.4541489 0.88102436] | [165526]
7 85 1 | [25443 318 813] | [0.20894583 0.97840774 0.8153016] | [166730]
7 86 1 | [318 813 54741] | [0.98576516 0.43923557 0.998677] | [149060]
7 87 1 | [6826 1056 220] | [0.73872936 0.9397184 0.9876081] | [172673]
7 88 3 | [220 15 332] | [0.89068645 0.9999955 0.99737924] | [220 15 332]
7 91 1 | [271 332 16] | [0.5152734 0.77649283 0.99798447] | [246364]
7 92 3 | [22216 271 13682] | [0.99988055 0.9885951 0.55713797] | [22216 271 236602]
7 95 1 | [25 271 16] | [0.81731945 0.9661396 0.71172225] | [159360]
7 96 1 | [56014 813 830] | [0.63779616 0.9999662 0.4860224] | [239419]
7 97 1 | [46513 56014 813] | [0.8152803 0.9964017 0.9992969] | [161575]
7 98 3 | [56014 813 830] | [0.9097272 0.9971043 0.71307695] | [56014 813 830]
7 101 3 | [61 17 3] | [0.9999984 1 0.69276273] | [61 17 3]
7 104 1 | [318 88 283] | [0.85217327 0.1124875 0.89684975] | [163294]
7 105 1 | [20141 25 198] | [0.35032284 0.22430666 0.99492943] | [164945]
7 106 1 | [36316 25 198] | [0.5099531 0.9959246 0.9903958] | [152203]
7 107 3 | [25 198 13682] | [0.99968195 0.99833155 0.99985576] | [25 198 13682]
7 110 3 | [830 61 17] | [0.7082848 0.9999999 1] | [830 61 17]
7 113 3 | [835 220 15] | [0.99999505 0.9999999 1] | [835 220 15]
7 116 3 | [25273 271 13962] | [0.9999789 0.9999816 0.581243] | [25273 271 149652]
7 119 1 | [37875 46054 37875] | [0.4010284 0.4468944 0.13941674] | [153852]
7 120 1 | [34469 38991 8539] | [0.5109649 0.09966744 0.40671983] | [89050]
7 121 1 | [25 198 16] | [0.9651514 0.9974486 0.48291546] | [179100]
7 122 3 | [25 198 16] | [0.99968565 0.99988425 0.9637354] | [25 198 16]
7 125 2 | [13 220 393] | [0.9999934 0.7827716 0.44598526] | [13 151060]
7 127 1 | [30979 421 393] | [0.38455552 0.77807325 0.99985945] | [204939]
7 128 1 | [421 393 87] | [0.37035108 0.9986309 0.98784125] | [148383]
7 129 3 | [393 87 61] | [0.9984738 0.98322886 0.9999908] | [393 87 61]
7 132 3 | [17 1088 689] | [0.99999315 0.771836 1] | [17 1088 689]
7 135 3 | [220 15 3] | [0.9732302 0.99999493 0.99971974] | [220 15 3]
7 138 1 | [364 660 1865] | [0.48155165 0.9442366 0.9873073] | [159360]
7 139 1 | [393 87 3] | [0.16691391 0.99216056 0.9903298] | [159528]
7 140 1 | [14822 393 87] | [0.24480708 0.8467988 0.8366951] | [152233]
7 141 1 | [393 87 3] | [0.9838789 0.9961346 0.99968827] | [149523]
7 142 1 | [393 87 3] | [0.9949953 0.9994548 0.9932613] | [149699]
7 143 3 | [393 87 3] | [0.98698515 0.99966455 0.99237543] | [393 87 3]
7 146 3 | [198 17 13] | [0.9992648 0.99999887 0.99999994] | [198 17 13]
7 149 1 | [393 87 61] | [0.99116886 0.99947447 0.9999927] | [152160]
7 150 1 | [393 87 61] | [0.99861926 0.99999344 0.99999976] | [149652]
7 151 1 | [17423 393 87] | [0.07928585 0.9996506 0.9999871] | [155212]
7 152 1 | [393 87 61] | [0.999174 0.9999959 1] | [148451]
7 153 3 | [393 87 61] | [0.99943453 0.9999719 0.99999994] | [393 87 61]
7 156 3 | [17 835 220] | [0.9999997 0.99222493 0.9999907] | [17 835 220]
7 159 3 | [15 3 318] | [0.9999995 0.9982416 0.9905365] | [15 3 318]
7 162 1 | [6418 391 6826] | [0.8147748 0.9984247 0.5377755] | [172673]
7 163 3 | [220 15 8] | [0.99865896 0.9999907 0.99880064] | [220 15 174358]
7 166 1 | [6418 8 198] | [0.40220335 0.9794147 0.9999432] | [149309]
7 167 1 | [20141 6418 8] | [0.27328026 0.7335261 0.993123] | [148312]
7 168 1 | [6418 8 198] | [0.3042022 0.99004984 0.99985886] | [148323]
7 169 1 | [35804 8 198] | [0.64944196 0.99739665 0.9999058] | [148433]
7 170 3 | [8 198 18] | [0.99945116 0.99989885 0.9999861] | [8 198 18]
7 173 2 | [13 393 87] | [0.9999976 0.9849196 0.99983543] | [13 175540]
7 175 3 | [393 87 61] | [0.9994726 0.9999578 0.99999106] | [393 87 61]
7 178 3 | [17 3 2972] | [0.9999846 0.9804596 0.5243411] | [17 3 152226]
7 181 1 | [5951 220 15] | [0.30125433 0.9702581 0.9999963] | [148468]
7 182 1 | [6826 1056 220] | [0.56434447 0.8796829 0.999142] | [229937]
7 183 3 | [220 15 2972] | [0.9948362 0.9999986 0.47945175] | [220 15 159246]
7 186 3 | [393 87 3] | [0.9991292 0.99985576 0.6728097] | [393 87 1088]
7 189 3 | [785 80 220] | [0.9996847 0.9908736 0.99998796] | [785 80 220]
7 192 3 | [15 3 271] | [0.9999863 0.9999343 0.8659678] | [15 3 271]
7 195 1 | [52971 11 279] | [0.15131994 0.9739889 0.6067374] | [161977]
7 196 1 | [3254 279 7697] | [0.7407035 0.8718867 0.9889852] | [228199]
7 197 1 | [2972 3 87] | [0.28921276 0.59898 0.9718199] | [393]
7 198 3 | [87 3 220] | [0.9998911 0.99890596 0.6590701] | [87 3 172969]
7 201 1 | [381 866 1865] | [0.17750816 0.99472743 0.63629574] | [148423]
7 202 1 | [866 1324 1865] | [0.19790715 0.2755998 0.2288359] | [159528]
7 203 1 | [14822 3639 12338] | [0.44646996 0.2799983 0.22981916] | [152233]
7 204 1 | [38935 8 3639] | [0.16696538 0.9882322 0.20080417] | [163943]
7 205 1 | [2972 11347 332] | [0.31489733 0.78085095 0.8863981] | [224630]
7 206 1 | [56068 2972 15] | [0.38032615 0.5880947 0.99107784] | [2972]
7 207 1 | [11347 332 393] | [0.83393955 0.9979397 0.9618378] | [159794]
7 208 1 | [11347 332 393] | [0.32512808 0.9994388 0.9686163] | [195653]
7 209 3 | [332 393 87] | [0.9920443 0.8102376 0.9328673] | [332 393 87]
7 212 3 | [283 220 15] | [0.99908096 0.99999857 0.99999595] | [283 220 15]
7 215 3 | [3 271 13962] | [0.9998056 0.9626964 0.3120484] | [3 271 174661]
7 218 1 | [19498 52529 25] | [0.46167493 0.2198638 0.97519886] | [148423]
7 219 1 | [34469 22216 22216] | [0.47159982 0.29491693 0.2002507] | [153288]
7 220 1 | [42727 25 198] | [0.19820581 0.9981109 0.9986404] | [155030]
7 221 1 | [9581 25 198] | [0.24702239 0.98933613 0.9998656] | [22216]
7 222 1 | [30184 25 198] | [0.13818496 0.9957576 0.9999656] | [148674]
7 223 1 | [64020 38534 318] | [0.08535694 0.4671287 0.55856544] | [90637]
7 224 1 | [25 198 13682] | [0.79082006 0.99996924 0.9989166] | [148422]
7 225 1 | [25 198 13682] | [0.9994779 0.999999 0.99986756] | [203344]
7 226 3 | [25 198 13682] | [0.99999005 0.999999 0.9999643] | [25 198 13682]
7 229 3 | [830 361 220] | [0.97161 0.9997633 0.9996354] | [830 361 220]
7 232 3 | [15 1088 30571] | [0.99999917 0.99898756 0.9999995] | [15 1088 30571]
7 235 3 | [1088 1272 90] | [0.99995375 0.99997777 0.99998033] | [1088 1272 90]
7 238 1 | [22216 37100 92] | [0.21165012 0.055602685 0.9932054] | [155030]
7 239 3 | [92 1088 30571] | [0.99999726 0.9999989 0.9999995] | [92 1088 30571]
7 242 3 | [830 835 220] | [0.9999802 0.99999994 0.9999988] | [830 835 220]
7 245 3 | [15 25273 271] | [0.9999995 0.9999904 0.9987408] | [15 25273 271]
7 248 1 | [332 25456 440] | [0.09768388 0.16740859 0.9756864] | [167507]
7 249 1 | [29678 743 2075] | [0.06353393 0.08109623 0.19571576] | [153770]
7 250 1 | [2574 25 198] | [0.30473682 0.6211784 0.84286606] | [148451]
7 251 1 | [9043 53327 314] | [0.09026019 0.15640603 0.7138502] | [152395]
7 252 1 | [5498 314 279] | [0.752022 0.5842746 0.9876939] | [223840]
7 253 1 | [36316 25 198] | [0.17362003 0.7747939 0.9998308] | [159421]
7 254 1 | [1304 25 198] | [0.64304936 0.6476107 0.9416887] | [152327]
7 255 3 | [393 87 361] | [0.9537677 0.9396859 0.9999742] | [393 87 361]
7 258 3 | [264 3 37100] | [0.999991 0.99375117 0.5662217] | [264 3 159107]
7 261 3 | [393 87 835] | [0.99999994 1 1] | [393 87 835]
7 264 3 | [292 3 198] | [0.99994135 0.99969536 0.99294245] | [292 3 198]
7 267 1 | [16619 286 279] | [0.5938029 0.999999 0.61787283] | [159191]
7 268 1 | [25456 393 87] | [0.5107799 0.49290195 0.6757569] | [216390]
7 269 1 | [19791 25 198] | [0.5279624 0.30294123 0.9999882] | [25]
7 270 3 | [198 12 393] | [0.9999963 0.5048098 0.9720509] | [198 12 393]
7 273 3 | [87 361 220] | [0.9956972 0.99998784 0.9992669] | [87 361 264]
7 276 2 | [3 32107 310] | [0.53770155 0.8230023 0.6962764] | [3 203111]
7 278 1 | [19791 393 87] | [0.47286457 0.99951136 0.994207] | [148615]
7 279 3 | [393 87 361] | [0.99996144 0.99999446 0.9999992] | [393 87 361]
7 282 3 | [220 15 3] | [0.9999715 0.9999994 0.8965136] | [220 15 3]
7 285 1 | [1088 6182 536] | [0.6096693 0.9735097 0.99996614] | [175540]
7 286 3 | [393 64 283] | [0.9734569 0.9999876 0.99555093] | [393 64 283]
7 289 3 | [220 15 3] | [0.9999748 0.99999994 0.9998728] | [220 15 3]
7 292 3 | [198 12 393] | [0.99990875 0.9999999 0.9999985] | [198 12 393]
7 295 3 | [87 835 292] | [0.9999983 0.9999999 0.99999857] | [87 835 292]
7 298 2 | [3 32107 310] | [0.9999989 0.26447526 0.80983704] | [3 203111]
7 300 1 | [19791 393 87] | [0.7356959 0.99999994 1] | [148615]
7 301 3 | [393 87 835] | [0.9999999 1 0.99999994] | [393 87 835]
7 304 3 | [220 15 3] | [0.99999815 1 0.99999994] | [220 15 3]
7 307 1 | [14833 393 65] | [0.72687894 0.99999946 1] | [175540]
7 308 3 | [393 65 283] | [0.99999815 1 0.9999997] | [393 65 283]
7 311 3 | [220 15 3] | [0.99997437 0.99999976 0.99992806] | [220 15 3]
7 314 2 | [271 332 37875] | [0.99992406 0.6199341 0.94424325] | [271 167507]
7 316 1 | [16561 364 8996] | [0.9027171 0.5152459 0.2843935] | [153661]
7 317 2 | [37875 20141 393] | [0.99006945 0.10496648 0.67709506] | [37875 148840]
7 319 3 | [62551 393 64] | [0.9999626 0.99629796 0.999991] | [62551 393 64]
7 322 3 | [478 292 3] | [0.9999895 0.99999976 0.9247778] | [478 292 60439]
7 325 3 | [198 13682 264] | [0.9999999 0.9999971 0.99982] | [198 13682 264]
7 328 3 | [478 292 283] | [0.9999955 0.999998 0.9999903] | [478 292 283]
7 331 3 | [220 15 478] | [0.9999966 1 1] | [220 15 478]
7 334 3 | [220 15 283] | [0.9999991 1 0.9821837] | [220 15 283]
7 337 3 | [220 15 25273] | [0.9999938 1 0.9999952] | [220 15 25273]
7 340 3 | [271 332 63538] | [0.99999607 0.9978685 0.18302374] | [271 332 204892]
7 343 2 | [64700 198 13682] | [0.9988923 0.9278296 0.9985747] | [64700 393]
7 345 3 | [15 3 271] | [0.9944965 0.99887484 0.98713255] | [15 3 248046]
8 18 3 | [198 760 1156] | [0.81227183 0.9999949 0.9999165] | [198 760 1156]
8 21 3 | [369 9859 883] | [0.9999997 0.9999973 0.99404216] | [369 9859 883]
8 24 3 | [852 6141 22499] | [0.95448714 0.9998329 0.6980357] | [852 6141 22499]
8 27 3 | [303 279 5701] | [0.7528687 0.9988569 0.42962393] | [303 279 5701]
8 30 3 | [1420 328 12162] | [0.9879107 0.99902153 0.999926] | [1420 328 12162]
8 33 3 | [28477 264 3984] | [0.9937032 0.9999865 0.9999432] | [28477 264 3984]
8 36 3 | [1149 6558 728] | [0.96004325 0.9559874 1] | [1149 6558 728]
8 39 3 | [1683 883 411] | [0.6112051 0.9994614 0.99982744] | [1683 883 411]
8 42 3 | [13 271 623] | [0.9709283 0.9944661 0.75286424] | [13 271 623]
8 45 3 | [328 12162 28477] | [0.8403709 0.99988914 0.99888796] | [328 12162 28477]
8 48 3 | [264 3984 1288] | [0.9998982 0.9999882 0.5567019] | [264 3984 1]
8 51 3 | [318 1719 5701] | [0.99768585 0.93037426 0.8291274] | [318 1719 18773]
8 54 3 | [5701 3878 681] | [0.93063474 0.94823486 0.955173] | [5701 3878 681]
8 57 2 | [22499 557 264] | [0.48570332 0.2765653 0.5340809] | [22499 369]
8 59 1 | [279 3542 494] | [0.7408941 0.95086306 0.9283697] | [264]
8 60 3 | [3542 494 279] | [0.99388903 0.9851603 0.70560604] | [3542 494 55810]
8 63 3 | [13 2838 557] | [0.6106618 0.281101 0.3617443] | [13 2838 557]
8 66 3 | [6141 539 1076] | [0.8992142 0.99148744 0.28806674] | [6141 539 20103]
8 69 1 | [414 11368 13] | [0.3446851 0.18846886 0.4147663] | [436]
8 70 1 | [13 357 13] | [0.670629 0.8331898 0.99849826] | [589]
8 71 1 | [64 13 2838] | [0.51206094 0.56506604 0.68820536] | [13]
8 72 3 | [2838 9434 303] | [0.49710825 0.9482429 0.9964337] | [2838 9434 303]
8 75 1 | [279 1420 5732] | [0.6751014 0.96389496 0.5097344] | [13855]
8 76 3 | [220 19 318] | [0.99990046 0.4399615 0.69922733] | [220 19 314]
8 79 3 | [279 1420 13] | [0.99974626 0.99882406 0.53166896] | [279 1420 13]
8 82 3 | [271 9764 728] | [0.9238013 0.8771268 0.99999994] | [271 9764 728]
8 85 3 | [1236 2617 353] | [0.61660224 0.99999714 0.9343535] | [1236 2617 353]
8 88 3 | [2688 524 29616] | [0.9964786 0.7707034 0.99454725] | [2688 524 29616]
8 91 3 | [411 440 975] | [0.9691901 0.9881984 0.6212889] | [411 440 975]
8 94 1 | [4774 13 733] | [0.70896953 0.99009025 0.6449376] | [86931]
8 95 2 | [13 733 328] | [0.8250314 0.5119514 0.8908209] | [13 20103]
8 97 3 | [436 589 6141] | [0.9998937 0.99998444 0.8999567] | [436 589 6141]
8 100 3 | [22499 303 13855] | [0.99387413 0.68827236 0.49309453] | [22499 303 9358]
8 103 3 | [28477 264 3984] | [0.99777925 0.99990577 0.9999787] | [28477 264 3984]
8 106 1 | [318 17 15] | [0.3778754 0.6665163 0.9999716] | [13855]
8 107 3 | [220 19 13] | [0.9999531 0.99881226 0.6616378] | [220 19 13]
8 110 3 | [7179 11 421] | [0.6516299 0.9978864 0.9322759] | [7179 11 421]
8 113 3 | [579 4252 13] | [0.99769485 0.9999645 0.9999895] | [579 4252 13]
8 116 2 | [198 510 15704] | [0.9975805 0.4559314 0.8871485] | [198 248069]
8 118 3 | [271 623 348] | [0.9999993 0.89483416 0.583384] | [271 623 279]
8 121 1 | [18773 5701 3878] | [0.8293678 0.8864714 0.99857605] | [5701]
8 122 3 | [3878 2972 12162] | [0.9920515 0.6189392 0.9952609] | [3878 2972 12162]
8 125 3 | [28477 264 3984] | [0.9990673 0.9999485 0.9999859] | [28477 264 3984]
8 128 1 | [332 318 24606] | [0.999726 0.99928796 0.97584665] | [93868]
8 129 1 | [2972 54859 332] | [0.5848897 0.999762 0.99987805] | [279]
8 130 3 | [3542 2972 54859] | [0.98308706 0.6048404 0.9998774] | [3542 2972 54859]
8 133 3 | [332 318 1445] | [0.9996842 0.9964018 0.61500823] | [332 318 1445]
8 136 2 | [348 55810 3636] | [0.97834814 0.5696394 0.97863656] | [348 88173]
8 138 3 | [3636 557 6141] | [0.9931819 0.9991648 0.99855214] | [3636 557 6141]
8 141 3 | [539 2972 6374] | [0.99998194 0.9996613 0.71079814] | [539 2972 72959]
8 144 3 | [436 589 332] | [0.9999958 0.99999905 0.99930906] | [436 589 159034]
8 147 3 | [2838 9434 303] | [0.9995001 0.99031377 0.99339247] | [2838 9434 303]
8 150 3 | [13855 220 19] | [0.87758374 0.9999682 0.9999967] | [13855 220 19]
8 153 3 | [314 279 1420] | [0.74345535 0.99998355 0.9951666] | [314 279 1420]
8 156 2 | [13 2838 557] | [0.7701382 0.42444265 0.5274403] | [13 248046]
9 22 3 | [198 760 1156] | [0.84316915 0.9998923 0.99977267] | [198 760 1156]
9 25 3 | [369 9859 883] | [0.99999815 0.999968 0.9990187] | [369 9859 883]
9 28 2 | [279 3602 314] | [0.94148326 0.5489947 0.9993662] | [279 220]
9 30 3 | [17 15 16] | [0.9999997 0.99999994 0.99999994] | [17 15 16]
9 33 3 | [20 49190 4196] | [0.9999674 0.9228398 0.8456591] | [20 49190 8872]
9 36 3 | [4196 10544 13] | [0.99996966 0.99999106 0.45557207] | [4196 10544 13]
9 39 3 | [6558 728 18516] | [0.9612049 0.9999997 0.9325284] | [6558 728 18516]
9 42 3 | [411 1928 13] | [0.7492404 0.9287797 0.99714833] | [411 1928 13]
9 45 3 | [561 220 17] | [0.8788091 0.9989541 0.99999464] | [561 220 17]
9 48 3 | [15 16 20] | [1 1 1] | [15 16 20]
9 51 2 | [49190 8872 4196] | [0.99885297 0.8360235 0.99971116] | [49190 4196]
9 53 3 | [10544 557 5467] | [0.9999798 0.9900831 0.9792264] | [10544 557 5467]
9 56 3 | [303 9169 13] | [0.99992454 0.9999286 0.6539277] | [303 9169 318]
9 59 2 | [429 22218 553] | [0.58768034 0.9357713 0.8040842] | [429 1048]
9 61 1 | [22218 553 1049] | [0.17327444 0.5994946 0.9219721] | [1010]
9 62 3 | [8798 303 22218] | [0.76176935 0.9800851 0.977704] | [8798 303 22218]
9 65 3 | [553 1049 557] | [0.885481 0.90022373 0.99098104] | [553 1049 3738]
9 68 3 | [1925 494 5930] | [0.9999694 0.9904641 0.51971525] | [1925 494 5930]
9 71 3 | [220 16 24] | [0.7308533 0.9999861 0.8073346] | [220 16 23]
9 74 3 | [310 6324 220] | [0.99726397 0.88143635 0.9999943] | [310 6324 220]
9 77 3 | [18 16 11] | [0.99993235 1 0.99998957] | [18 16 11]
9 80 3 | [220 17 15] | [0.99999696 1 1] | [220 17 15]
9 83 3 | [16 20 13] | [1 1 0.82865316] | [16 20 13]
9 86 1 | [1478 16416 2677] | [0.58454025 0.99453956 0.9303231] | [561]
9 87 1 | [3357 557 9169] | [0.68256515 0.85746056 0.9555655] | [1534]
9 88 2 | [557 5467 303] | [0.99280113 0.47800562 0.86335117] | [557 6141]
9 90 2 | [506 279 1942] | [0.999064 0.40929726 0.3148098] | [506 11416]
9 92 3 | [9404 5429 21933] | [0.9595132 0.9994208 0.8070903] | [9404 5429 21933]
9 95 3 | [303 6924 11] | [0.98812145 0.99993914 0.8075409] | [303 6924 11]
9 98 3 | [1332 1478 16416] | [0.91317934 0.9773869 0.9868246] | [1332 1478 16416]
9 101 3 | [22559 8071 13] | [0.90346396 0.9092834 0.9952655] | [22559 8071 13]
9 104 2 | [198 760 4087] | [0.61316067 0.47875422 0.9062181] | [198 248069]
9 106 3 | [271 760 2972] | [0.99999726 0.9993982 0.814114] | [271 760 220]
9 109 3 | [17 15 16] | [0.9999999 1 1] | [17 15 16]
9 112 3 | [20 49190 4196] | [0.99999917 0.99796474 0.94662523] | [20 49190 4196]
9 115 3 | [10544 557 5467] | [0.9999812 0.99624896 0.9993578] | [10544 557 5467]
9 118 3 | [303 2972 63972] | [0.9995351 0.99988866 0.99943316] | [303 2972 63972]
9 121 3 | [332 318 4058] | [0.96984804 0.9966244 0.7906278] | [332 318 4058]
9 124 1 | [264 2342 8798] | [0.54979026 0.8459391 0.97889173] | [1010]
9 125 3 | [8798 1048 6141] | [0.97408825 0.99167883 0.6957717] | [8798 1048 6141]
9 128 2 | [303 22218 553] | [0.9997488 0.8868766 0.9685934] | [303 2972]
9 130 3 | [54 3703 332] | [0.99950635 0.9999197 0.99544966] | [54 3703 332]
9 133 3 | [553 561 15654] | [0.9944964 0.5606412 0.9984967] | [553 561 15654]
9 136 3 | [3738 1925 494] | [0.96520525 0.99998146 0.9979042] | [3738 1925 494]
9 139 3 | [5930 220 16] | [0.9850879 0.9898499 1] | [5930 220 16]
9 142 3 | [23 310 6324] | [0.99999493 0.9999218 0.99769825] | [23 310 6324]
9 145 3 | [220 18 16] | [0.9999998 1 1] | [220 18 16]
9 148 3 | [11 220 17] | [0.99999815 0.9999232 0.99999994] | [11 220 17]
9 151 3 | [15 16 20] | [1 1 1] | [15 16 20]
9 154 3 | [11 440 8798] | [0.89477384 0.63776356 0.63301474] | [11 440 279]
9 157 3 | [1534 6141 506] | [0.9905588 0.47164804 0.99984866] | [1534 6141 506]
9 160 3 | [11416 9404 5429] | [0.98469317 0.9999952 0.9998984] | [11416 9404 5429]
9 163 3 | [21933 303 6924] | [0.99962026 0.9999518 0.9998915] | [21933 303 6924]
9 166 3 | [11 1332 2972] | [0.92400646 0.99635124 0.9171373] | [11 1332 1478]
9 169 3 | [16416 22559 8071] | [0.9999597 0.98953164 0.9981704] | [16416 22559 8071]
9 172 3 | [310 3063 279] | [0.72568786 0.783718 0.97187054] | [310 3063 279]
9 175 1 | [2192 13 561] | [0.9851814 0.9998087 0.4684875] | [52563]
9 176 3 | [42164 10544 13] | [0.9961522 0.9709214 0.99947786] | [42164 10544 13]
9 179 1 | [561 1534 557] | [0.31366417 0.3460381 0.95752805] | [248046]
10 19 3 | [198 760 1156] | [0.77695614 0.99999505 0.9987435] | [198 760 1156]
10 22 3 | [369 9859 883] | [0.99999976 0.99999857 0.9991406] | [369 9859 883]
10 25 3 | [852 10765 3777] | [0.9421015 0.9991772 0.7549419] | [852 10765 3777]
10 28 1 | [15874 263 303] | [0.44277978 0.98372054 0.94646114] | [69794]
10 29 1 | [303 561 58087] | [0.9917905 0.73665154 0.99979866] | [212336]
10 30 2 | [303 279 58087] | [0.9967746 0.69441885 0.83724207] | [303 561]
10 32 1 | [5701 3878 328] | [0.68730116 0.9734817 0.9840652] | [58087]
10 33 3 | [7521 5262 5701] | [0.9999359 0.999999 0.7087614] | [7521 5262 5701]
10 36 3 | [3878 13 271] | [0.9083985 0.9998375 0.5950851] | [3878 13 271]
10 39 2 | [39233 15874 263] | [0.7978013 0.38403797 0.8810841] | [39233 69794]
10 41 1 | [369 6141 539] | [0.30329397 0.9273525 0.999407] | [212336]
10 42 3 | [303 561 58087] | [0.56248 0.75292194 0.99994004] | [303 561 58087]
10 45 3 | [7521 5262 557] | [0.9999442 0.9999122 0.47610775] | [7521 5262 557]
10 48 3 | [6141 539 2972] | [0.99586487 0.999974 0.5593352] | [6141 539 42070]
10 51 1 | [14763 303 279] | [0.68713516 0.84263146 0.7973701] | [34679]
10 52 1 | [1461 13 1216] | [0.37143123 0.9299578 0.73245806] | [933]
10 53 2 | [13 1216 557] | [0.869656 0.44378087 0.54050916] | [13 13428]
10 55 3 | [11 1042 728] | [0.9999067 0.95847654 0.9999999] | [11 1042 728]
10 58 3 | [1683 1495 13] | [0.73841345 0.8253207 0.99873173] | [1683 1495 13]
10 61 3 | [42070 34679 933] | [0.7090025 0.9996112 0.999998] | [42070 34679 933]
10 64 2 | [6141 279 8742] | [0.9674716 0.4180374 0.7475933] | [6141 47265]
10 66 1 | [579 8742 10326] | [0.38605124 0.35624444 0.6230733] | [321]
10 67 1 | [46747 579 8742] | [0.3339163 0.9710593 0.3173175] | [69794]
10 68 2 | [579 8742 10326] | [0.99963766 0.9299872 0.897929] | [579 6764]
10 70 2 | [11 40840 5709] | [0.9153141 0.5614554 0.9991222] | [11 179896]
10 72 1 | [13 271 50821] | [0.5683091 0.4035813 0.83985215] | [212336]
10 73 3 | [13 271 50821] | [0.6581733 0.47521457 0.5518215] | [13 271 39233]
10 76 1 | [12007 263 557] | [0.12070523 0.32484883 0.35738567] | [69794]
10 77 1 | [557 6141 539] | [0.5926786 0.97164005 0.998424] | [212336]
10 78 3 | [557 6141 539] | [0.6282845 0.9837239 0.99940294] | [557 6141 539]
10 81 3 | [42070 34679 933] | [0.59873503 0.9994533 0.9999974] | [42070 34679 933]
10 84 3 | [30 2233 11] | [0.73656106 0.99993134 0.9068697] | [30 2233 11]
10 87 3 | [421 579 524] | [0.9776647 0.99902767 0.8981019] | [421 579 524]
10 90 2 | [1245 13 271] | [0.99968505 0.69593734 0.8050423] | [1245 2892]
10 92 3 | [13 271 9764] | [0.99999446 0.9809243 0.87581545] | [13 271 9764]
10 95 3 | [728 1683 777] | [0.9999995 0.9250928 0.8938613] | [728 1683 15060]
10 98 3 | [25 198 12] | [0.6877244 0.992599 0.9999999] | [25 198 12]
10 101 1 | [42070 34679 933] | [0.6836931 0.99990386 0.99999875] | [69794]
10 102 1 | [579 6474 2243] | [0.7052984 0.6231844 0.4448295] | [212336]
10 103 2 | [318 49098 539] | [0.51810724 0.2633276 0.99992955] | [318 65567]
10 105 3 | [8 369 6141] | [0.99272424 0.84696203 0.9996385] | [8 369 6141]
10 108 3 | [539 27318 17041] | [0.9999949 0.9906914 0.99409604] | [539 27318 17041]
10 111 2 | [261 198 12] | [0.996934 0.89665246 0.9999995] | [261 11527]
10 113 3 | [1071 198 12] | [0.9984401 0.6103779 0.99999976] | [1071 198 12]
10 116 2 | [12878 47265 318] | [0.97370195 0.18660055 0.75145596] | [12878 69794]
10 118 1 | [318 1719 220] | [0.6305891 0.18577795 0.64619595] | [212336]
10 119 1 | [303 7960 23358] | [0.3844944 0.89861894 0.99888825] | [318]
10 120 3 | [18685 23358 8] | [0.381646 0.9001624 0.7511077] | [18685 23358 8]
10 123 1 | [369 6141 539] | [0.732545 0.9991233 0.99998325] | [557]
10 124 3 | [6141 539 42070] | [0.99909776 0.99999374 0.9605613] | [6141 539 42070]
10 127 3 | [34679 933 1076] | [0.99877495 0.9999993 0.73005605] | [34679 933 30]
10 130 2 | [2233 11 421] | [0.9996619 0.8009962 0.89349663] | [2233 13]
10 132 1 | [198 12 42070] | [0.54823273 0.9999995 0.41927168] | [271]
10 133 3 | [50821 11 3777] | [0.85952693 0.99999994 0.6025321] | [50821 11 3777]
10 136 1 | [42070 318 35] | [0.4933825 0.3846591 0.42259407] | [69794]
10 137 1 | [303 279 7960] | [0.5833759 0.7351454 0.8984995] | [212336]
10 138 2 | [303 279 7960] | [0.54068303 0.74994034 0.9179479] | [303 7960]
10 140 3 | [23358 557 6141] | [0.9998109 0.9793793 0.9999573] | [23358 557 6141]
10 143 3 | [539 42070 34679] | [0.9999913 0.8181628 0.99901223] | [539 42070 34679]
10 146 3 | [933 1076 874] | [0.999988 0.8861946 0.8838304] | [933 1076 874]
10 149 1 | [11 353 2688] | [0.74697906 0.8381217 0.5055827] | [13]
10 150 3 | [6558 728 37781] | [0.68815166 0.9999996 0.6907186] | [6558 728 37781]
10 153 3 | [13 271 40] | [0.9995523 0.9950565 0.68348736] | [13 271 1460]
10 156 3 | [35292 34679 933] | [0.9997239 0.9999651 0.999995] | [35292 34679 933]
10 159 2 | [6141 47265 321] | [0.98895526 0.6300891 0.7970327] | [6141 179896]
10 161 1 | [7954 3225 13] | [0.26291907 0.69992 0.7222084] | [212336]
10 162 2 | [318 1719 6764] | [0.93915015 0.6461908 0.99031085] | [318 48055]
10 164 3 | [6764 553 271] | [0.99898374 0.9349779 0.61848235] | [6764 553 271]
10 167 2 | [39233 3777 14601] | [0.97469187 0.049013216 0.09007611] | [39233 69794]
10 169 3 | [557 6141 539] | [0.56324005 0.99860823 0.9996125] | [557 6141 539]
10 172 3 | [1076 353 4267] | [0.94595647 0.97309047 0.555571] | [1076 353 4267]
10 175 3 | [424 557 6141] | [0.99910957 0.9821959 0.83720356] | [424 557 42070]
10 178 3 | [34679 933 303] | [0.99945307 0.9999986 0.37407115] | [34679 933 364]
10 181 3 | [279 6764 13] | [0.7335733 0.8060313 0.37346128] | [279 6764 13]
10 184 1 | [6558 728 1683] | [0.42990586 0.9999973 0.99872565] | [12878]
10 185 1 | [3777 557 6141] | [0.20084646 0.13756259 0.9255818] | [69794]
10 186 3 | [303 7960 23358] | [0.5133881 0.7418464 0.9410787] | [303 7960 23358]
10 189 1 | [557 6141 539] | [0.79292154 0.9948651 0.99979115] | [471]
10 190 3 | [353 1683 424] | [0.9949709 0.89822847 0.5716938] | [353 1683 424]
10 193 1 | [557 6141 539] | [0.5869637 0.9972887 0.99995285] | [2493]
10 194 3 | [599 978 6141] | [0.97391313 0.9998618 0.93098336] | [599 978 6141]
10 197 2 | [539 4184 745] | [0.9991131 0.6916242 0.90758574] | [539 264]
10 199 3 | [2086 11745 13] | [0.99435604 0.9764878 0.9433853] | [2086 11745 13]
10 202 3 | [4558 50821 11] | [0.61851865 0.99001306 0.9999998] | [4558 50821 11]
10 205 3 | [353 18516 421] | [0.9992025 0.99187696 0.993071] | [353 18516 421]
10 208 2 | [3777 29827 303] | [0.95365953 0.049791824 0.7134721] | [3777 69794]
10 210 1 | [557 6141 539] | [0.43336496 0.999242 0.99967873] | [212336]
10 211 3 | [557 6141 539] | [0.49638942 0.99867064 0.99993867] | [557 6141 539]
10 214 3 | [42070 34679 933] | [0.91431665 0.9997396 0.9999983] | [42070 34679 933]
10 217 3 | [1076 874 11] | [0.48423693 0.98818225 0.94191647] | [1076 874 11]
10 220 3 | [421 579 8231] | [0.70576286 0.93162745 0.61464566] | [421 579 8231]
10 223 3 | [279 6764 13] | [0.6035332 0.902818 0.9505789] | [279 6764 13]
10 226 3 | [271 9764 728] | [0.9992397 0.9856825 0.99999964] | [271 9764 728]
10 229 3 | [1683 1495 13] | [0.99750954 0.9911981 0.9933352] | [1683 1495 13]
10 232 1 | [12878 14601 318] | [0.5593724 0.044059735 0.4571932] | [733]
10 233 1 | [279 7960 23358] | [0.4410215 0.68821865 0.9880714] | [561]
10 234 3 | [58087 7521 5262] | [0.9979578 0.99911964 0.9997893] | [58087 7521 5262]
10 237 3 | [11 3777 29827] | [0.61224586 0.9633275 0.11100518] | [11 3777 69794]
10 240 3 | [303 7960 23358] | [0.44466335 0.93696785 0.97982097] | [303 7960 23358]
10 243 2 | [318 16 23] | [0.5749744 0.5811278 0.9737248] | [318 4650]
10 245 3 | [279 220 16] | [0.722663 0.95172524 0.99579823] | [279 220 16]
10 248 3 | [23 21 15] | [0.93739164 0.99851185 0.9948331] | [23 21 19]
10 251 1 | [11057 11 466] | [0.21683101 0.55527604 0.7425271] | [48925]
10 252 2 | [8 557 6141] | [0.75011677 0.95686984 0.9979778] | [8 471]
10 254 3 | [353 4267 551] | [0.7939162 0.78060156 0.4914204] | [353 4267 411]
10 257 3 | [557 6141 539] | [0.981492 0.96088016 0.9999658] | [557 6141 539]
10 260 1 | [1076 4558 50821] | [0.60302746 0.4709513 0.81361926] | [42070]
10 261 3 | [34679 933 1076] | [0.9997404 0.99999845 0.60292226] | [34679 933 30]
10 264 3 | [2233 11 421] | [0.999701 0.62159896 0.7970906] | [2233 11 421]
10 267 2 | [579 279 6764] | [0.8584736 0.40689623 0.9829655] | [579 179896]
10 269 3 | [13 271 40] | [0.99477667 0.9948798 0.91065305] | [13 271 40]
10 272 3 | [1683 3777 29827] | [0.94421256 0.96022624 0.19783531] | [1683 3777 69794]
10 275 3 | [557 6141 539] | [0.8891214 0.99650866 0.9999723] | [557 6141 539]
10 278 2 | [1076 3404 11] | [0.9123504 0.4184087 0.99386275] | [1076 353]
10 280 3 | [2688 4313 310] | [0.5629361 0.90689456 0.9999894] | [2688 4313 310]
10 283 3 | [18516 13 353] | [0.94848114 0.9770187 0.4431299] | [18516 13 14375]
10 286 2 | [424 6141 539] | [0.9794681 0.7880354 0.9994621] | [424 4184]
10 288 3 | [1040 1076 32645] | [0.708757 0.48605347 0.47668445] | [1040 1076 32645]
10 291 3 | [11 353 4267] | [0.9998027 0.99941367 0.5515519] | [11 353 4267]
10 294 1 | [424 2493 599] | [0.32703185 0.7787899 0.9733274] | [3777]
10 295 1 | [29827 303 7960] | [0.05387671 0.5366058 0.47626823] | [69794]
10 296 3 | [303 279 220] | [0.60423875 0.7073539 0.6266295] | [303 279 220]
10 299 3 | [16 23 21] | [0.9995736 0.9876524 0.9991533] | [16 23 21]
10 302 3 | [19 7960 23358] | [0.9446287 0.75452125 0.9442274] | [19 7960 23358]
10 305 3 | [557 6141 539] | [0.96046793 0.98909265 0.9999864] | [557 6141 539]
10 308 1 | [279 1788 11745] | [0.41831902 0.9655778 0.9865779] | [42070]
10 309 3 | [34679 933 1076] | [0.99986666 0.99999803 0.69990826] | [34679 933 30]
10 312 2 | [2233 11 421] | [0.9988518 0.69716823 0.8280396] | [2233 13]
10 314 2 | [271 9764 728] | [0.9928217 0.64750624 0.9999998] | [271 13784]
10 316 3 | [471 353 1683] | [0.9965994 0.99486375 0.9631875] | [471 353 1683]
10 319 3 | [279 4087 2493] | [0.63601935 0.538076 0.84002966] | [279 4087 2493]
10 322 2 | [381 42070 34679] | [0.9986632 0.94033635 0.9998855] | [381 421]
10 324 2 | [3777 29827 557] | [0.64368135 0.32473207 0.6686786] | [3777 69794]
10 326 3 | [557 6141 539] | [0.849547 0.94828016 0.9995302] | [557 6141 539]
10 329 3 | [264 2086 11745] | [0.39988136 0.8727517 0.9840175] | [264 2086 11745]
10 332 3 | [13 6558 728] | [0.49696654 0.9817215 0.9999995] | [13 6558 728]
10 335 3 | [1683 1076 353] | [0.9923698 0.99951464 0.83689696] | [1683 1076 353]
10 338 3 | [18516 424 2493] | [0.7339643 0.8635784 0.9675509] | [18516 424 2493]
10 341 3 | [599 978 4184] | [0.9195036 0.99994814 0.4576865] | [599 978 4184]
10 344 3 | [1040 1076 32645] | [0.86054 0.97590977 0.8878157] | [1040 1076 4558]
10 347 3 | [50821 11 353] | [0.9994863 0.9999835 0.99978673] | [50821 11 353]
10 350 3 | [2688 13733 16021] | [0.5920053 0.61476755 0.9931811] | [2688 13733 16021]
10 353 3 | [421 3777 29827] | [0.9576615 0.79626656 0.27912423] | [421 3777 69794]
10 356 1 | [303 279 220] | [0.69218487 0.75334877 0.74519765] | [212336]
10 357 2 | [303 279 220] | [0.73622847 0.83714396 0.69858277] | [303 561]
10 359 3 | [58087 7521 5262] | [0.99971163 0.9986964 0.99991864] | [58087 7521 5262]
10 362 3 | [557 6141 539] | [0.75827146 0.9997137 0.99999607] | [557 6141 539]
10 365 3 | [42070 34679 933] | [0.7540352 0.99988544 0.999999] | [42070 34679 933]
10 368 3 | [1076 874 11] | [0.48986682 0.9788407 0.9591632] | [1076 874 11]
10 371 3 | [421 579 8231] | [0.52220166 0.98060906 0.8881804] | [421 579 8231]
10 374 1 | [4808 13 271] | [0.43412116 0.9369723 0.9462133] | [179896]
10 375 3 | [13 271 9764] | [0.9227691 0.98294467 0.93744296] | [13 271 77264]
10 378 3 | [11 1042 728] | [0.9999859 0.8791084 0.9999994] | [11 1042 728]
10 381 1 | [1683 883 411] | [0.7025302 0.8680411 0.9517064] | [37781]
10 382 3 | [13 353 1683] | [0.9993429 0.8983675 0.88710994] | [13 353 1683]
10 385 2 | [3777 29827 303] | [0.6642722 0.09320206 0.52944684] | [3777 69794]
10 387 2 | [303 279 220] | [0.41837206 0.6612446 0.5648312] | [303 7960]
10 389 2 | [23358 557 6141] | [0.99676657 0.61148214 0.9577965] | [23358 2493]
10 391 3 | [599 978 6141] | [0.97180796 0.99879766 0.9929113] | [599 978 6141]
10 394 3 | [539 1076 32645] | [0.998891 0.9580137 0.47459105] | [539 1076 353]
10 397 3 | [18516 424 2493] | [0.3975267 0.77561873 0.66234064] | [18516 424 1362]
10 400 1 | [381 4184 1040] | [0.6337626 0.88912934 0.84885734] | [599]
10 401 3 | [978 4184 1040] | [0.999948 0.82589257 0.82167625] | [978 4184 1040]
10 404 2 | [1076 32645 11] | [0.98592585 0.7664478 0.9983019] | [1076 4558]
10 406 3 | [50821 11 353] | [0.9924533 0.9997824 0.99844754] | [50821 11 353]
10 409 3 | [4267 279 4087] | [0.8380756 0.473083 0.9883739] | [4267 279 4087]
10 412 3 | [369 421 3777] | [0.9846603 0.41343337 0.9171999] | [369 421 3777]
10 415 1 | [31240 557 6141] | [0.064205386 0.7209516 0.8668073] | [69794]
10 416 3 | [557 6141 539] | [0.8722824 0.9783497 0.99984276] | [557 6141 539]
10 419 1 | [2972 1460 35292] | [0.2822298 0.9652615 0.99999654] | [42070]
10 420 3 | [34679 933 1076] | [0.9999649 0.9999974 0.59109426] | [34679 933 303]
10 423 1 | [279 220 16] | [0.5191741 0.79881006 0.99935573] | [1010]
10 424 2 | [8390 1076 874] | [0.67206454 0.70910245 0.9072328] | [8390 30]
10 426 2 | [2233 11 421] | [0.9995692 0.7397514 0.8505187] | [2233 13]
10 428 3 | [271 9764 728] | [0.89505064 0.92363405 0.9999999] | [271 9764 728]
10 431 3 | [1683 883 411] | [0.6063993 0.7063178 0.94426] | [1683 883 411]
10 434 3 | [20648 13 733] | [0.9904388 0.9998873 0.47805908] | [20648 13 561]
10 437 3 | [220 16 23] | [0.5323316 0.9995421 0.99624026] | [220 16 23]
10 440 3 | [21 19 7960] | [0.9999767 0.9999312 0.76022017] | [21 19 7960]
10 443 2 | [23358 383 561] | [0.96672016 0.38075683 0.9747072] | [23358 14338]
10 445 2 | [3777 10478 314] | [0.66215384 0.19758005 0.98927915] | [3777 69794]
10 447 2 | [321 3777 9523] | [0.97915703 0.8251095 0.44953674] | [321 47265]
10 449 2 | [13 353 4267] | [0.9868856 0.7947884 0.45854706] | [13 12878]
10 451 3 | [47265 557 6141] | [0.93960637 0.93168145 0.99470854] | [47265 557 6141]
10 454 3 | [539 1076 353] | [0.98982704 0.99260443 0.9622536] | [539 1076 321]
10 457 2 | [3777 29827 557] | [0.5158722 0.7733549 0.7125539] | [3777 69794]
10 459 2 | [557 1076 271] | [0.6320185 0.83228093 0.5393085] | [557 6141]
10 461 3 | [539 1076 4558] | [0.9998225 0.9990809 0.6408297] | [539 1076 271]
10 464 3 | [40 1683 279] | [0.99878746 0.5405524 0.48049536] | [40 1683 3777]
10 467 1 | [29827 557 6141] | [0.086978555 0.5369861 0.9612907] | [69794]
10 468 1 | [557 6141 539] | [0.7390815 0.98636323 0.9999695] | [212336]
10 469 3 | [557 6141 539] | [0.7030377 0.9880556 0.99998677] | [557 6141 539]
10 472 3 | [42070 34679 933] | [0.39154932 0.9996422 0.9999975] | [42070 34679 933]
10 475 3 | [30 2233 11] | [0.686798 0.9956975 0.9520223] | [30 2233 11]
10 478 3 | [353 2426 4840] | [0.37880176 0.69810337 0.87137246] | [353 2426 2019]
10 481 1 | [303 24557 13] | [0.6659518 0.9996758 0.9929829] | [1142]
10 482 3 | [310 421 13] | [0.93737316 0.3215355 0.9841327] | [310 421 694]
10 485 1 | [551 579 8231] | [0.5729065 0.9915109 0.8803711] | [421]
10 486 3 | [579 279 6764] | [0.99734193 0.4965293 0.970167] | [579 279 6764]
10 489 3 | [13 271 50821] | [0.76285595 0.99848145 0.6162905] | [13 271 40]
10 492 3 | [18516 1381 471] | [0.6029351 0.981057 0.94741195] | [18516 1381 471]
10 495 3 | [353 1683 3777] | [0.9674215 0.70688534 0.81925327] | [353 1683 424]
10 498 3 | [2493 599 978] | [0.9834395 0.9475124 0.9994234] | [2493 599 978]
10 501 3 | [6141 539 1076] | [0.55941147 0.99975085 0.6403929] | [6141 539 4184]
10 504 3 | [1040 1076 32645] | [0.6656893 0.9968138 0.9008154] | [1040 1076 32645]
10 507 3 | [11 353 4267] | [0.99988663 0.99180824 0.60761666] | [11 353 2688]
10 510 3 | [524 220 16] | [0.803979 0.93190736 0.9999003] | [524 220 16]
10 513 3 | [15 15 4] | [0.99997777 0.9999998 0.99999547] | [15 15 4]
10 516 2 | [3529 11 694] | [0.90641737 0.64888847 0.9999985] | [3529 694]
10 518 3 | [353 4267 424] | [0.9825768 0.9452154 0.6870894] | [353 4267 3777]
10 521 1 | [29827 303 279] | [0.112761594 0.5661881 0.7651935] | [69794]
10 522 1 | [557 6141 539] | [0.5728839 0.992068 0.9997082] | [303]
10 523 1 | [279 220 16] | [0.83485466 0.8379891 0.9999649] | [561]
10 524 3 | [58087 7521 5262] | [0.999599 0.9995217 0.99998903] | [58087 7521 5262]
10 527 1 | [557 6141 539] | [0.54993194 0.9980288 0.9999896] | [7960]
10 528 3 | [23358 557 6141] | [0.9999623 0.98453456 0.99625486] | [23358 557 6141]
10 531 2 | [539 1076 4558] | [0.99998033 0.90470976 0.9236561] | [539 42070]
10 533 3 | [34679 933 1076] | [0.9998898 0.9999975 0.9576486] | [34679 933 1076]
10 536 1 | [874 13 271] | [0.5046698 0.5385559 0.9776271] | [4558]
10 537 3 | [2665 3655 13] | [0.3769448 0.9289499 0.761192] | [2665 3655 13]
10 540 1 | [353 1683 353] | [0.5857948 0.6342151 0.7037862] | [6558]
10 541 2 | [728 1683 883] | [0.99999976 0.54262346 0.9280535] | [728 37781]
10 543 3 | [6379 13 353] | [0.7334549 0.99898106 0.9909835] | [6379 13 353]
10 546 3 | [1683 279 4087] | [0.70488334 0.9517822 0.9641646] | [1683 279 4087]
10 549 3 | [2493 381 421] | [0.8904017 0.9928967 0.43025097] | [2493 381 421]
10 552 2 | [3777 48547 557] | [0.63515115 0.09878472 0.8206042] | [3777 69794]
10 554 3 | [557 6141 539] | [0.94604516 0.8635894 0.9995152] | [557 6141 539]
10 557 2 | [264 2086 11745] | [0.65141875 0.8951842 0.9714267] | [264 11697]
10 559 1 | [3777 11745 13] | [0.70452386 0.9995124 0.69460803] | [9496]
10 560 3 | [11745 13 4558] | [0.9852481 0.5150612 0.39104918] | [11745 13 4558]
10 563 3 | [50821 11 353] | [0.9886445 0.99945545 0.9985081] | [50821 11 353]
10 566 3 | [18516 1381 471] | [0.43090558 0.971021 0.93824136] | [18516 1381 471]
10 569 2 | [353 4267 3777] | [0.9827763 0.7047863 0.7232625] | [353 1683]
10 571 2 | [3777 29827 303] | [0.6166969 0.118517265 0.49339977] | [3777 69794]
10 573 1 | [557 6141 539] | [0.46701986 0.9927212 0.99907756] | [212336]
10 574 1 | [303 279 220] | [0.62090284 0.6355857 0.9205647] | [557]
10 575 3 | [6141 539 1076] | [0.9975885 0.99998957 0.7946322] | [6141 539 42070]
10 578 3 | [34679 933 1076] | [0.9999036 0.99999535 0.82644755] | [34679 933 303]
10 581 2 | [279 220 16] | [0.44827545 0.7428927 0.9990129] | [279 1420]
10 583 1 | [1076 874 11] | [0.474222 0.9634844 0.8407357] | [30]
10 584 3 | [2233 11 421] | [0.98811114 0.936893 0.8582347] | [2233 11 421]
10 587 2 | [579 8231 524] | [0.93598527 0.8620617 0.52056396] | [579 179896]
10 589 1 | [13 271 9764] | [0.9023221 0.9640526 0.6837004] | [212336]
10 590 3 | [13 271 9764] | [0.69832885 0.9911636 0.6720113] | [13 271 77264]
10 593 3 | [11 353 1683] | [0.9999915 0.498874 0.5924466] | [11 353 2688]
10 596 3 | [2019 310 708] | [0.89241344 0.99976635 0.93185884] | [2019 310 708]
10 599 2 | [440 1092 353] | [0.9999811 0.8921651 0.9999827] | [440 821]
10 601 3 | [1786 1347 1843] | [0.99793476 0.9870573 0.9999972] | [1786 1347 1843]
10 604 3 | [13 353 4267] | [0.9432992 0.99994564 0.97702634] | [13 353 4267]
10 607 2 | [3777 48547 318] | [0.78369635 0.13681689 0.35736385] | [3777 69794]
10 609 2 | [303 279 220] | [0.6854763 0.6372187 0.813755] | [303 561]
10 611 3 | [58087 7521 5262] | [0.999612 0.999504 0.9999706] | [58087 7521 5262]
10 614 3 | [557 6141 539] | [0.84037954 0.9962953 0.9999707] | [557 6141 539]
10 617 2 | [1076 4558 50821] | [0.9763699 0.6568517 0.9587034] | [1076 353]
10 619 3 | [1683 424 2493] | [0.9876887 0.9995519 0.9724665] | [1683 424 2493]
10 622 3 | [599 978 4184] | [0.9278214 0.99862415 0.70117295] | [599 978 4184]
10 625 3 | [1040 1076 32645] | [0.7311772 0.99094766 0.50163] | [1040 1076 4558]
10 628 3 | [50821 11 353] | [0.9243706 0.9990612 0.9744159] | [50821 11 353]
10 631 1 | [1381 18516 471] | [0.44153616 0.99505126 0.8284721] | [18516]
10 632 3 | [1381 471 353] | [0.6779173 0.6480399 0.9718332] | [1381 471 353]
10 635 3 | [1683 424 557] | [0.4982287 0.61539584 0.60080904] | [1683 424 557]
10 638 3 | [6141 539 1076] | [0.9169875 0.99951833 0.4207002] | [6141 539 42070]
10 641 3 | [34679 933 1076] | [0.99986714 0.9999942 0.7170094] | [34679 933 30]
10 644 2 | [2233 11 421] | [0.97594965 0.44691455 0.75380266] | [2233 13]
10 646 1 | [271 9764 728] | [0.3866548 0.865429 0.9999998] | [6558]
10 647 3 | [728 1683 883] | [0.99999917 0.92134863 0.74220127] | [728 1683 883]
10 650 1 | [852 6141 3777] | [0.5956027 0.9955057 0.9317087] | [975]
10 651 1 | [18973 13 4558] | [0.40359426 0.3719085 0.492397] | [5587]
10 652 2 | [13 4558 40] | [0.66887504 0.5093812 0.94122213] | [13 271]
10 654 1 | [40 4267 279] | [0.9247824 0.65105623 0.9213852] | [13784]
10 655 3 | [471 353 1683] | [0.9915543 0.98118246 0.9432122] | [471 353 1683]
10 658 1 | [279 4087 2493] | [0.56458974 0.9719256 0.7905597] | [353]
10 659 1 | [2493 381 29616] | [0.40518242 0.9990134 0.99668264] | [2688]
10 660 3 | [29616 2433 13] | [0.97617924 0.8714961 0.99906397] | [29616 2433 13]
10 663 3 | [6558 728 1683] | [0.93712085 0.99999976 0.6557829] | [6558 728 37781]
10 666 3 | [25 198 12] | [0.45443738 0.8693079 0.9999976] | [25 198 12]
10 669 1 | [27318 17041 261] | [0.45654684 0.9999075 0.9999972] | [179896]
10 670 1 | [46747 25 6141] | [0.489944 0.66078645 0.9296487] | [212336]
10 671 3 | [318 22300 8] | [0.35602754 0.45314696 0.98060864] | [318 22300 8]
10 674 1 | [471 6141 539] | [0.72975624 0.83435583 0.9999837] | [283]
10 675 3 | [42070 34679 933] | [0.9994205 0.9993944 0.99999845] | [42070 34679 933]
10 678 3 | [198 12 12878] | [0.99000835 0.9999984 0.96791923] | [198 12 12878]
10 681 1 | [47265 283 907] | [0.5228295 0.47104463 0.49511153] | [69794]
10 682 1 | [318 16 23] | [0.3606618 0.83036196 0.9817741] | [283]
10 683 3 | [907 198 12] | [0.8796763 0.56624055 0.9999997] | [907 198 12]
10 686 3 | [12878 47265 283] | [0.9986822 0.99997884 0.9998407] | [12878 47265 283]
10 689 3 | [907 271 40] | [0.9997163 0.98182064 0.9969003] | [907 271 40]
10 692 3 | [4267 3777 29827] | [0.7031884 0.97310305 0.10092054] | [4267 3777 69794]
10 695 3 | [303 279 220] | [0.43733284 0.82391095 0.8883544] | [303 279 220]
10 698 3 | [16 23 21] | [0.9998851 0.9997397 0.9999825] | [16 23 21]
10 701 3 | [19 7960 23358] | [0.99939054 0.9716908 0.97248465] | [19 7960 23358]
10 704 3 | [557 6141 539] | [0.96273774 0.99212074 0.99999744] | [557 6141 539]
10 707 3 | [1076 353 1683] | [0.951549 0.7998405 0.8947521] | [1076 353 1683]
10 710 3 | [424 2493 599] | [0.9681628 0.9533342 0.85780627] | [424 2493 599]
10 713 3 | [978 4184 1040] | [0.99889344 0.6554739 0.8322403] | [978 4184 1040]
10 716 3 | [1076 4558 50821] | [0.9958111 0.50840527 0.9932463] | [1076 4558 50821]
10 719 3 | [11 353 18516] | [0.99995655 0.9830881 0.54404044] | [11 353 2688]
10 722 2 | [1381 13733 16021] | [0.9091271 0.9437205 0.9886208] | [1381 85595]
10 724 2 | [421 3777 55115] | [0.97844696 0.5892615 0.22249521] | [421 424]
10 726 3 | [2493 599 978] | [0.9962421 0.9692149 0.99981546] | [2493 599 978]
10 729 3 | [6141 539 1076] | [0.91490144 0.99991655 0.38737866] | [6141 539 4184]
10 732 1 | [1040 1076 353] | [0.5206928 0.98924506 0.90872973] | [6725]
10 733 3 | [1076 353 1683] | [0.9950909 0.8992344 0.9205674] | [1076 353 1683]
10 736 2 | [424 557 6141] | [0.63856333 0.5115985 0.41050124] | [424 1362]
10 738 3 | [599 978 1076] | [0.5114153 0.99976265 0.3089654] | [599 978 6141]
10 741 2 | [539 1076 4558] | [0.9985837 0.49132305 0.9324349] | [539 264]
10 743 1 | [3777 11745 13] | [0.4498213 0.9971161 0.52152497] | [8376]
10 744 3 | [11745 13 4558] | [0.86661863 0.5656389 0.7058269] | [11745 13 4558]
10 747 1 | [9764 728 1683] | [0.63910383 0.99999994 0.7169355] | [77264]
10 748 3 | [11 353 18516] | [0.9999874 0.6893203 0.667146] | [11 353 18516]
10 751 1 | [1381 471 353] | [0.43009537 0.7670521 0.99370617] | [424]
10 752 3 | [2493 599 978] | [0.9901608 0.7642287 0.9995196] | [2493 599 978]
10 755 3 | [6141 539 1076] | [0.6715531 0.9998887 0.80372226] | [6141 539 1076]
10 758 3 | [353 1683 424] | [0.5030493 0.63074887 0.7281523] | [353 1683 279]
10 761 3 | [4087 369 421] | [0.9398597 0.6107324 0.62778664] | [4087 369 42070]
10 764 3 | [34679 933 1076] | [0.9999667 0.9999981 0.60929376] | [34679 933 364]
10 767 3 | [279 6764 11] | [0.7394725 0.87850356 0.41450024] | [279 6764 11]
10 770 3 | [321 364 3777] | [0.9474811 0.3737111 0.9865723] | [321 364 3777]
10 773 1 | [3777 3612 1076] | [0.18407886 0.21786278 0.5409839] | [69794]
10 774 3 | [11 353 2688] | [0.47431946 0.8400997 0.60952526] | [11 353 4267]
10 777 3 | [424 557 1076] | [0.9848054 0.52715755 0.46557468] | [424 557 6141]
10 780 3 | [539 1076 4558] | [0.999757 0.93715066 0.9166694] | [539 1076 4558]
10 783 3 | [50821 11 353] | [0.7844771 0.99596816 0.9569282] | [50821 11 353]
10 786 3 | [1381 18516 471] | [0.57099485 0.9145989 0.8569703] | [1381 18516 471]
10 789 3 | [353 1683 3777] | [0.991581 0.9648298 0.84458387] | [353 1683 3777]
10 792 1 | [15874 557 6141] | [0.072027475 0.46438345 0.9939129] | [69794]
10 793 3 | [557 6141 539] | [0.8389372 0.99328035 0.99994403] | [557 6141 539]
10 796 2 | [4184 1040 1076] | [0.29874396 0.39678797 0.9920741] | [4184 1076]
10 798 3 | [6558 728 1683] | [0.69260514 0.99999803 0.99138266] | [6558 728 1683]
10 801 2 | [883 852 6141] | [0.6108504 0.29198745 0.87140614] | [883 279]
10 803 1 | [6113 13 353] | [0.3891498 0.8630288 0.90789634] | [220]
10 804 3 | [16 23 21] | [0.99798256 0.99840313 0.99991053] | [16 23 21]
10 807 3 | [19 48925 13] | [0.9995828 0.74977887 0.7416114] | [19 48925 18973]
10 810 3 | [13 353 1683] | [0.9584898 0.64430493 0.4466684] | [13 353 4267]
10 813 2 | [3777 47265 557] | [0.53597116 0.67472315 0.7605707] | [3777 69794]
10 815 3 | [557 6141 539] | [0.45497152 0.9896369 0.9999354] | [557 6141 539]
10 818 3 | [1076 4558 40] | [0.91982734 0.9419423 0.7813458] | [1076 4558 40]
10 821 3 | [2688 2019 310] | [0.63373405 0.97365713 0.99996966] | [2688 2019 310]
10 824 3 | [708 440 821] | [0.9974569 0.99978226 0.818172] | [708 440 821]
10 827 2 | [1786 1347 1843] | [0.97999096 0.7217936 0.9999495] | [1786 6337]
10 829 3 | [1532 13 353] | [0.9861392 0.99358636 0.9999894] | [1532 13 353]
10 832 3 | [4267 3777 29827] | [0.8606221 0.7596371 0.22262713] | [4267 3777 69794]
10 835 1 | [303 561 58087] | [0.6838805 0.81252664 0.99982965] | [212336]
10 836 3 | [303 561 58087] | [0.8318597 0.91133034 0.99985176] | [303 561 58087]
10 839 3 | [7521 5262 557] | [0.99991006 0.9999597 0.89993054] | [7521 5262 557]
10 842 3 | [6141 539 1076] | [0.99926364 0.99999666 0.8721945] | [6141 539 42070]
10 845 3 | [34679 933 1076] | [0.9997534 0.9999968 0.9338684] | [34679 933 1076]
10 848 3 | [874 11 421] | [0.74321043 0.8645291 0.87245625] | [874 11 421]
10 851 3 | [579 8231 524] | [0.95272326 0.90957206 0.53916365] | [579 8231 4808]
10 854 3 | [13 271 3793] | [0.9898486 0.97913474 0.8075155] | [13 271 3793]
10 857 1 | [3655 471 353] | [0.7545578 0.7439125 0.9979249] | [1042]
10 858 3 | [728 1683 883] | [0.99999976 0.76241976 0.9595587] | [728 1683 883]
10 861 3 | [411 777 15060] | [0.9904069 0.5505401 0.99961084] | [411 777 15060]
10 864 3 | [13 353 18516] | [0.9997063 0.82145715 0.6946984] | [13 353 18516]
10 867 3 | [421 303 279] | [0.7045014 0.8688435 0.47144017] | [421 303 279]
10 870 3 | [220 16 23] | [0.4354523 0.9963952 0.9983494] | [220 16 23]
10 873 3 | [21 19 7960] | [0.99992234 0.99995285 0.8205661] | [21 19 7960]
10 876 2 | [23358 11 279] | [0.9960935 0.53093666 0.5413975] | [23358 25]
10 878 3 | [198 12 12878] | [0.99999714 0.9999993 0.9454447] | [198 12 12878]
10 881 3 | [47265 557 6141] | [0.87967765 0.8486174 0.98828393] | [47265 557 6141]
10 884 3 | [539 1076 695] | [0.99927604 0.9485287 0.7024147] | [539 1076 695]
10 887 3 | [12 12878 29827] | [0.9999998 0.9997125 0.3216755] | [12 12878 69794]
10 890 3 | [557 6141 539] | [0.9989656 0.9994756 0.9999856] | [557 6141 539]
10 893 3 | [1076 271 40] | [0.99961 0.74541545 0.9363579] | [1076 271 40]
10 896 2 | [1683 279 4087] | [0.9877796 0.6918626 0.99169415] | [1683 3777]
10 898 1 | [29827 2493 599] | [0.10533208 0.5541011 0.99381834] | [69794]
10 899 3 | [2493 599 978] | [0.81283146 0.99409246 0.99931496] | [2493 599 978]
10 902 3 | [6141 539 1076] | [0.99967486 0.9999977 0.82779944] | [6141 539 4184]
10 905 3 | [1040 1076 32645] | [0.65487474 0.9976742 0.6039952] | [1040 1076 32645]
10 908 3 | [11 353 18516] | [0.99933124 0.99838376 0.8357366] | [11 353 18516]
10 911 1 | [1381 471 353] | [0.7029345 0.6274078 0.9534606] | [424]
10 912 3 | [2493 599 978] | [0.9851911 0.88683105 0.9998738] | [2493 599 978]
10 915 3 | [6141 539 1076] | [0.78790104 0.9999372 0.7022969] | [6141 539 264]
10 918 1 | [3777 11745 13] | [0.23929301 0.99210066 0.7007984] | [7607]
10 919 1 | [11745 13 4558] | [0.99914724 0.7817242 0.85038173] | [466]
10 920 1 | [975 11745 13] | [0.7380927 0.9966364 0.97782683] | [3567]
10 921 2 | [11745 13 4558] | [0.9848603 0.87496614 0.8384619] | [11745 303]
10 923 2 | [264 8882 3364] | [0.9602901 0.23920475 0.9880204] | [264 8376]
10 925 3 | [3364 13 271] | [0.98929787 0.99819875 0.6264984] | [3364 13 271]
10 928 3 | [40 2688 1381] | [0.8249807 0.6824941 0.41590446] | [40 2688 1381]
10 931 1 | [13733 16021 421] | [0.8918492 0.9923193 0.50487566] | [85595]
10 932 3 | [471 353 1683] | [0.74948996 0.9899373 0.99669933] | [471 353 1683]
10 935 3 | [424 2493 599] | [0.8196495 0.9123373 0.91889113] | [424 2493 599]
10 938 3 | [978 6141 539] | [0.99991375 0.94699746 0.99998736] | [978 6141 539]
10 941 2 | [1076 353 1683] | [0.6460338 0.5787004 0.5074975] | [1076 42070]
10 943 3 | [34679 933 30] | [0.99968594 0.99995685 0.79563683] | [34679 933 369]
10 946 2 | [8231 279 6764] | [0.816747 0.79059947 0.95291626] | [8231 179896]
10 948 2 | [13 1690 3777] | [0.9809246 0.7168648 0.97778696] | [13 4558]
10 950 1 | [40 1683 279] | [0.8092936 0.6666133 0.9506975] | [13784]
10 951 1 | [471 353 1683] | [0.6277129 0.8524203 0.96518075] | [11]
10 952 3 | [353 1683 353] | [0.94582486 0.8728734 0.9909656] | [353 1683 353]
10 955 3 | [18516 1381 471] | [0.8407944 0.99540055 0.65986407] | [18516 1381 13]
10 958 3 | [14375 3777 48547] | [0.5242175 0.6143199 0.24159007] | [14375 3777 69794]
10 961 3 | [6141 539 1076] | [0.9913377 0.99998784 0.8259638] | [6141 539 4184]
10 964 3 | [1040 1076 32645] | [0.63686264 0.99727434 0.44501057] | [1040 1076 353]
10 967 3 | [1683 424 2493] | [0.87475806 0.55692303 0.90093297] | [1683 424 2493]
10 970 3 | [599 978 6141] | [0.9547565 0.9996298 0.7892446] | [599 978 6141]
10 973 3 | [539 1076 4558] | [0.9998914 0.7212144 0.84622425] | [539 1076 4558]
10 976 3 | [50821 11 353] | [0.9393062 0.99984133 0.9811791] | [50821 11 353]
10 979 2 | [2688 1381 13733] | [0.30387497 0.5069683 0.7552257] | [2688 13733]
10 981 3 | [16021 1381 471] | [0.988136 0.7483656 0.831153] | [16021 1381 421]
10 984 1 | [279 4087 369] | [0.4879285 0.986305 0.9464608] | [3777]
10 985 1 | [48547 557 6141] | [0.06810663 0.70999056 0.99043477] | [69794]
10 986 1 | [557 6141 539] | [0.49328777 0.9973633 0.9998256] | [212336]
10 987 3 | [303 561 58087] | [0.573747 0.8396419 0.9998302] | [303 561 58087]
10 990 3 | [7521 5262 557] | [0.9999743 0.9998416 0.8526237] | [7521 5262 557]
10 993 3 | [6141 539 1076] | [0.99921536 0.9999959 0.6695708] | [6141 539 42070]
10 996 3 | [34679 933 1076] | [0.9998695 0.999996 0.96214944] | [34679 933 1076]
10 999 1 | [874 11 421] | [0.87779063 0.7778249 0.7771347] | [5486]
10 1000 2 | [13 353 2426] | [0.973076 0.606208 0.6666608] | [13 2844]
10 1002 2 | [579 8231 524] | [0.927462 0.7213085 0.49258777] | [579 279]
10 1004 3 | [6764 13 271] | [0.975336 0.9620507 0.9315997] | [6764 13 271]
10 1007 1 | [40 1683 279] | [0.4262762 0.7334201 0.7998097] | [9764]
10 1008 3 | [728 1380 264] | [0.99999994 0.89433634 0.70590633] | [728 1380 264]
10 1011 3 | [2086 5313 13] | [0.87123907 0.99424046 0.9963401] | [2086 5313 13]
10 1014 3 | [353 18516 421] | [0.9001393 0.8727469 0.5962079] | [353 18516 279]
10 1017 1 | [3542 1076 353] | [0.33091673 0.2578948 0.8837854] | [220]
10 1018 3 | [16 23 21] | [0.9987751 0.9995224 0.9999819] | [16 23 21]
10 1021 3 | [19 48925 995] | [0.99997497 0.3701372 0.7911885] | [19 48925 995]
10 1024 1 | [3679 18973 13] | [0.34863302 0.6308471 0.99080276] | [18973]
10 1025 1 | [1040 1076 353] | [0.5768305 0.95232475 0.8844493] | [5442]
10 1026 1 | [3777 10478 314] | [0.7047895 0.5133618 0.92190075] | [279]
10 1027 3 | [14229 10478 13] | [0.8876366 0.9931976 0.5227384] | [14229 10478 13]
10 1030 3 | [353 1683 279] | [0.9602961 0.95041513 0.6514156] | [353 1683 3777]
10 1033 1 | [47265 557 6141] | [0.5565376 0.6853188 0.9433802] | [69794]
10 1034 1 | [2493 599 978] | [0.56358165 0.99816585 0.99909997] | [557]
10 1035 3 | [6141 539 1076] | [0.887341 0.9999728 0.99199945] | [6141 539 1076]
10 1038 3 | [4558 40 2688] | [0.8809332 0.7409445 0.41473106] | [4558 40 2688]
10 1041 3 | [2019 310 708] | [0.96698016 0.99983627 0.9755026] | [2019 310 708]
11 18 3 | [198 760 1156] | [0.8052841 0.99997026 0.9994974] | [198 760 1156]
11 21 3 | [369 9859 883] | [0.99999917 0.99998796 0.9999058] | [369 9859 883]
11 24 1 | [19053 303 279] | [0.43358734 0.99479187 0.59618264] | [1092]
11 25 3 | [2993 314 11619] | [0.94970894 0.9999985 0.97913253] | [2993 314 11619]
11 28 1 | [369 303 279] | [0.5337133 0.995898 0.9905219] | [7701]
11 29 2 | [303 279 15909] | [0.9999784 0.6920995 0.8695871] | [303 561]
11 31 3 | [31042 6016 318] | [0.998436 0.9997689 0.56304526] | [31042 6016 13]
11 34 3 | [6558 728 1683] | [0.9667578 0.9999989 0.9999324] | [6558 728 1683]
11 37 3 | [883 279 1379] | [0.9944245 0.82998455 0.30327362] | [883 279 19053]
11 40 3 | [303 561 31042] | [0.94228524 0.94181323 0.9999292] | [303 561 31042]
11 43 2 | [6016 25 271] | [0.99977744 0.6214603 0.99999905] | [6016 318]
11 45 3 | [16 24 24] | [0.6993366 0.99999994 1] | [16 24 24]
11 48 3 | [19 15909 11043] | [0.9992857 0.79675746 0.5059666] | [19 15909 11043]
11 51 2 | [4383 553 271] | [0.9886533 0.6739794 0.9981661] | [4383 1590]
11 53 2 | [271 12 1799] | [0.9999993 0.62756723 0.95439386] | [271 16]
11 55 3 | [13 2972 57] | [0.9999975 0.99007195 0.99799436] | [13 2972 57]
11 58 3 | [37833 332 471] | [0.995599 0.99958545 0.87499785] | [37833 332 471]
11 61 1 | [357 2526 20005] | [0.26213226 0.20371434 0.34157565] | [264]
11 62 3 | [20005 28673 318] | [0.8520982 0.95346117 0.6811957] | [20005 28673 318]
11 65 3 | [49516 722 11] | [0.95747185 0.9999989 0.9112792] | [49516 722 264]
11 68 2 | [2438 2308 5509] | [0.46941707 0.46295902 0.8983119] | [2438 1402]
11 70 3 | [4233 20005 28673] | [0.99998915 0.9985084 0.9999322] | [4233 20005 28673]
11 73 3 | [8 198 17] | [0.5890181 0.66311383 0.99999994] | [8 198 17]
11 76 3 | [13 2972 49] | [0.99999994 0.9999377 0.7183732] | [13 2972 49]
11 79 3 | [2492 7330 332] | [0.9935037 0.99723786 0.9988522] | [2492 7330 332]
11 82 3 | [471 264 11243] | [0.99722224 0.98720753 0.9993495] | [471 264 11243]
11 85 3 | [81 473 318] | [0.99941 0.99500704 0.9962091] | [81 473 318]
11 88 3 | [1856 264 11619] | [0.8835901 0.9970909 0.9999881] | [1856 264 11619]
11 91 2 | [11 694 264] | [0.74087125 0.5599924 0.71313924] | [11 551]
11 93 3 | [579 264 37421] | [0.9998951 0.9862695 0.87593645] | [579 264 16096]
11 96 2 | [8737 8 198] | [0.97369915 0.3805376 0.9986882] | [8737 14]
11 98 3 | [1862 81 473] | [0.999802 0.99913824 0.9999809] | [1862 81 473]
11 101 3 | [8 198 18] | [0.9863582 0.99592423 0.9999925] | [8 198 18]
11 104 3 | [13 2972 53] | [0.9999948 0.9932821 0.48143876] | [13 2972 760]
11 107 1 | [28691 365 33089] | [0.2848829 0.62105364 0.3955139] | [343]
11 108 3 | [484 1365 332] | [0.99651545 0.9999345 0.99848545] | [484 1365 332]
11 111 2 | [471 303 279] | [0.6495309 0.2656405 0.9865305] | [471 343]
11 113 3 | [484 1365 4833] | [0.9794082 0.9994202 0.40364048] | [484 1365 318]
11 116 1 | [1719 343 484] | [0.14299184 0.28289902 0.9990795] | [19458]
11 117 3 | [4833 303 279] | [0.9397038 0.7959679 0.9549972] | [4833 303 279]
11 120 1 | [22865 5918 8] | [0.32489592 0.6310618 0.8921981] | [44217]
11 121 1 | [5918 8 198] | [0.47080365 0.82585 0.99986506] | [69392]
11 122 3 | [5918 8 198] | [0.5797838 0.93467623 0.99978095] | [5918 8 198]
11 125 3 | [19 13 2972] | [0.9999848 0.99999976 0.9858371] | [19 13 2972]
11 128 3 | [760 19053 332] | [0.55216324 0.64517987 0.8824634] | [760 19053 303]
11 131 2 | [279 328 40] | [0.9747969 0.19632944 0.16725983] | [279 8306]
11 133 1 | [332 471 279] | [0.92155445 0.99911547 0.25769684] | [8240]
11 134 3 | [332 471 328] | [0.93991035 0.99014854 0.27172905] | [332 471 5090]
11 137 1 | [19053 198 20] | [0.9874555 0.5082913 0.9999918] | [11308]
11 138 3 | [19053 198 20] | [0.9960206 0.776637 0.9999962] | [19053 198 20]
11 141 3 | [13 2972 760] | [0.9999971 0.9949323 0.6183483] | [13 2972 760]
11 144 1 | [19053 303 279] | [0.52815837 0.59621567 0.9580332] | [63767]
11 145 2 | [693 19053 332] | [0.9986689 0.732874 0.9979941] | [693 332]
11 147 2 | [471 524 264] | [0.9087138 0.17065696 0.57391256] | [471 7701]
11 149 1 | [303 279 8306] | [0.74069726 0.95205915 0.8143574] | [25899]
11 150 3 | [198 21 13] | [0.6657735 0.9994401 0.9999968] | [198 21 13]
11 153 3 | [2972 760 19053] | [0.99837106 0.7237776 0.19649476] | [2972 760 81702]
11 156 1 | [78 332 471] | [0.6475359 0.9251785 0.994027] | [428]
11 157 3 | [332 471 524] | [0.95639193 0.97231436 0.2900665] | [332 471 4833]
11 160 3 | [303 279 8306] | [0.76424503 0.9731724 0.73951143] | [303 279 8306]
11 163 1 | [8240 271 760] | [0.5988105 0.56555146 0.8739954] | [198]
11 164 3 | [22 13 2972] | [0.99999857 0.9999949 0.9979903] | [22 13 2972]
11 167 2 | [760 343 484] | [0.8090895 0.17038639 0.9842149] | [760 352]
11 169 1 | [651 332 471] | [0.99978316 0.98723304 0.99577504] | [70810]
11 170 3 | [332 471 4833] | [0.9792828 0.9888193 0.7910872] | [332 471 4833]
11 173 3 | [303 279 8306] | [0.94382864 0.9813393 0.9263214] | [303 279 8306]
11 176 3 | [271 760 1379] | [0.4898647 0.80458057 0.9644441] | [271 760 1379]
11 179 3 | [19845 11619 279] | [0.40696737 0.34959757 0.41846365] | [19845 11619 3542]
11 182 2 | [369 1799 37833] | [0.7519772 0.59134203 0.9999974] | [369 2972]
11 184 3 | [57 37833 332] | [0.99994856 0.99996966 0.9907463] | [57 37833 93868]
11 187 3 | [852 369 264] | [0.87994736 0.9993841 0.99522346] | [852 369 264]
11 190 3 | [2972 49172 28673] | [0.60041344 0.9904841 0.9998837] | [2972 49172 28673]
11 193 3 | [332 318 49516] | [0.999753 0.9988526 0.9711711] | [332 318 49516]
11 196 2 | [722 11 264] | [0.9999994 0.608354 0.94868165] | [722 264]
11 198 3 | [2438 1402 4233] | [0.9693933 0.9999807 0.9999496] | [2438 1402 4233]
11 201 3 | [20005 28673 553] | [0.9998607 0.9999558 0.97899103] | [20005 28673 553]
11 204 3 | [2532 513 1048] | [0.30006126 0.84313583 0.99646753] | [2532 513 1048]
11 207 3 | [343 484 1365] | [0.671039 0.9999621 0.99958813] | [343 484 1365]
11 210 3 | [421 4833 303] | [0.4147203 0.9841922 0.7888243] | [421 4833 303]
11 213 2 | [279 5918 13] | [0.9936035 0.51994896 0.9788573] | [279 4383]
11 215 3 | [13 271 760] | [0.99013156 0.98775584 0.7690558] | [13 271 760]
11 218 3 | [1156 2493 381] | [0.97782415 0.90875876 0.7821094] | [1156 2493 381]
11 221 3 | [9859 883 279] | [0.9832457 0.6006838 0.84310377] | [9859 883 279]
11 224 2 | [1379 19845 11619] | [0.8899558 0.3793318 0.9169877] | [1379 26314]
11 226 3 | [11619 11 466] | [0.9323907 0.5827888 0.92730725] | [11619 11 864]
11 229 1 | [369 1799 37833] | [0.6652812 0.755369 0.99991614] | [1000]
11 230 3 | [381 1799 37833] | [0.96861297 0.99947655 0.99995434] | [381 1799 37833]
11 233 3 | [279 20005 28673] | [0.8780373 0.99960446 0.99997115] | [279 20005 28673]
11 236 3 | [11 466 279] | [0.8810908 0.9759108 0.4632055] | [11 466 781]
11 239 3 | [2493 381 9859] | [0.93406504 0.9581202 0.93044436] | [2493 381 7047]
11 242 3 | [314 279 343] | [0.8669661 0.90918803 0.93093675] | [314 279 343]
11 245 3 | [484 1365 13] | [0.9999512 0.99967027 0.9427336] | [484 1365 13]
11 248 3 | [6558 728 708] | [0.8968551 0.9999999 0.42970997] | [6558 728 2873]
11 251 3 | [264 15352 4087] | [0.9993892 0.81586206 0.74562407] | [264 15352 694]
11 254 1 | [2708 4087 13] | [0.62654054 0.9999559 0.968971] | [61446]
11 255 3 | [4087 13 198] | [0.99998367 0.9099176 0.9999974] | [4087 13 198]
11 258 1 | [510 15704 29] | [0.8154641 0.6671792 0.99979097] | [248069]
11 259 2 | [271 760 1379] | [0.99999785 0.7071348 0.9544869] | [271 3733]
11 261 2 | [513 3679 19053] | [0.9994763 0.9912281 0.9438808] | [513 264]
11 263 2 | [2342 19053 303] | [0.99859387 0.6022209 0.940182] | [2342 26314]
11 265 3 | [19053 303 2972] | [0.99974936 0.9996638 0.49819776] | [19053 303 15909]
11 268 3 | [579 348 760] | [0.9999891 0.9493268 0.999898] | [579 348 760]
11 271 3 | [31042 6016 9] | [0.99902964 0.99984443 0.99929243] | [31042 6016 9]
11 274 3 | [318 16 24] | [0.9995893 0.99987173 1] | [318 16 24]
11 277 3 | [24 19 1590] | [0.99999994 0.999984 0.993691] | [24 19 1590]
11 280 3 | [271 12 2972] | [0.9999985 0.9990519 0.9999262] | [271 12 2972]
11 283 3 | [57 37833 332] | [0.9999336 0.9999917 0.9936618] | [57 37833 332]
11 286 3 | [1317 279 1379] | [0.99623173 0.6106728 0.89117986] | [1317 279 1379]
11 289 3 | [19845 11619 3542] | [0.85444015 0.8478242 0.9044475] | [19845 11619 3542]
11 292 3 | [11 264 2972] | [0.7087087 0.69395894 0.99515486] | [11 264 2972]
11 295 3 | [1114 1402 4233] | [0.75456196 0.9999882 0.9999238] | [1114 1402 4233]
11 298 3 | [20005 28673 332] | [0.99968886 0.99998194 0.99998575] | [20005 28673 332]
11 301 3 | [852 16545 430] | [0.9533246 0.9906671 0.9999822] | [852 16545 430]
11 304 3 | [380 1644 14977] | [0.5827904 0.9728069 0.98127776] | [380 1644 14977]
11 307 2 | [579 321 4319] | [0.9272758 0.39888602 0.8729568] | [579 23205]
11 309 3 | [526 15432 13] | [0.6973758 0.9917013 0.49200684] | [526 15432 13]
11 312 3 | [198 12 2972] | [0.9891221 0.99999994 0.9999671] | [198 12 2972]
11 315 2 | [760 343 484] | [0.8627935 0.80922586 0.9999942] | [760 629]
11 317 3 | [484 1365 332] | [0.99997497 0.9994265 0.9999402] | [484 1365 332]
11 320 3 | [1317 264 1809] | [0.9689785 0.19761452 0.26501358] | [1317 264 32837]
11 323 3 | [314 343 484] | [0.75532764 0.84627724 0.99986404] | [314 343 484]
11 326 3 | [1365 421 4833] | [0.99774456 0.61879724 0.9086264] | [1365 421 4833]
11 329 3 | [303 279 44217] | [0.91075015 0.9976043 0.66773134] | [303 279 44217]
11 332 1 | [56342 5918 11] | [0.50974464 0.49283674 0.54356027] | [69392]
11 333 3 | [5918 11 1332] | [0.9108964 0.4703022 0.1381207] | [5918 11 28509]
11 336 2 | [60006 279 1100] | [0.99999976 0.7938859 0.27543548] | [60006 3294]
11 338 1 | [279 21599 19242] | [0.8247054 0.13835083 0.34826353] | [4319]
11 339 3 | [4494 321 279] | [0.9998722 0.68252635 0.5435744] | [4494 321 443]
11 342 3 | [5864 13 198] | [0.998982 0.6600553 0.99597335] | [5864 13 198]
11 345 3 | [12 2972 32] | [0.99999696 0.4997867 0.6216607] | [12 2972 70174]
11 348 1 | [19053 303 279] | [0.36417496 0.6433996 0.99994075] | [11308]
11 349 3 | [19053 332 303] | [0.99532545 0.995239 0.40083575] | [19053 332 303]
11 352 3 | [279 8306 8240] | [0.9999299 0.9964388 0.6531858] | [279 8306 328]
11 355 1 | [40 16068 64247] | [0.98842835 0.37627247 0.15745723] | [24399]
11 356 3 | [314 9135 1] | [0.9999616 0.9983848 0.99936616] | [314 9135 1]
11 359 2 | [8240 1317 5090] | [0.9981528 0.7371399 0.43406245] | [8240 11]
11 361 2 | [2583 2972 1435] | [0.9629511 0.4969032 0.9730494] | [2583 81702]
11 363 3 | [428 11 352] | [0.99987763 0.99993587 0.8578584] | [428 11 352]
11 366 1 | [18382 11 321] | [0.18354166 0.9997193 0.7598565] | [70810]
11 367 3 | [11 63767 693] | [0.9999036 0.6698273 0.99903804] | [11 63767 205847]
11 370 3 | [11 321 975] | [0.9999194 0.98276466 0.66259617] | [11 321 3672]
11 373 3 | [13 271 760] | [0.99707186 0.9994228 0.75243485] | [13 271 2592]
11 376 3 | [488 2224 9859] | [0.99985784 0.99290764 0.94928604] | [488 2224 7047]
11 379 3 | [314 279 1379] | [0.99907494 0.97156453 0.95017374] | [314 279 1822]
11 382 1 | [7169 11619 11] | [0.59778625 0.9171545 0.8835296] | [11619]
11 383 3 | [3542 11 424] | [0.8882825 0.9982591 0.9458974] | [3542 11 424]
11 386 3 | [579 2972 57] | [0.9993639 0.7179999 0.9999375] | [579 2972 57]
11 389 2 | [37833 11 264] | [0.9999595 0.87904865 0.7437847] | [37833 279]
11 391 3 | [20005 28673 332] | [0.99585426 0.9999306 0.9493727] | [20005 28673 159034]
11 394 3 | [1368 488 2224] | [0.8749326 0.9758376 0.8828086] | [1368 488 995]
11 397 3 | [264 2086 11619] | [0.570622 0.99222517 0.9760624] | [264 2086 11619]
11 400 3 | [303 3838 11] | [0.99563706 0.9999985 0.99967957] | [303 3838 11]
11 403 3 | [1042 728 1366] | [0.5805417 0.99999857 0.99998933] | [1042 728 1366]
11 406 1 | [0 25677 232] | [0.617777 0.3849436 0.9999933] | [321]
11 407 3 | [353 628 1438] | [0.9999879 0.99967504 0.9338894] | [353 628 1438]
11 410 3 | [10229 424 0] | [0.5247986 0.97786146 0.99931645] | [10229 424 0]
11 413 1 | [10838 238 99] | [0.468897 0.5373838 0.9999094] | [248046]
11 731 3 | [198 760 1156] | [0.749679 0.9999988 0.9999928] | [198 760 1156]
11 734 3 | [369 9859 1092] | [0.99991333 0.99997187 0.532242] | [369 9859 1092]
11 737 3 | [919 314 10603] | [0.9995897 0.9999988 0.84395605] | [919 314 10603]
11 740 1 | [318 36870 11] | [0.4644911 0.7884422 0.99961585] | [19265]
11 741 3 | [3694 369 303] | [0.9999531 0.9999987 0.9769302] | [3694 369 303]
11 744 3 | [13 6558 728] | [0.99783915 0.9607173 0.9980076] | [13 6558 728]
11 747 3 | [1353 1472 279] | [0.9996712 0.92464393 0.999948] | [1353 1472 279]
11 750 3 | [3766 45205 364] | [0.9997281 0.6235686 0.71030927] | [3766 45205 364]
11 753 3 | [1928 883 19265] | [0.71772504 0.99651015 0.9902801] | [1928 883 19265]
11 756 3 | [3694 579 3602] | [0.99960774 0.99999565 0.99991286] | [3694 579 3602]
11 759 1 | [13 271 3702] | [0.5791931 0.9999535 0.9283294] | [303]
11 760 1 | [10603 13 271] | [0.567951 0.9997472 0.9999754] | [6312]
11 761 3 | [11 414 707] | [0.99078274 0.9971219 0.9999975] | [11 414 707]
11 764 3 | [13 271 3702] | [0.9998957 0.99915063 0.9222683] | [13 271 3702]
11 767 3 | [279 45205 25] | [0.99966586 0.93433857 0.8859763] | [279 45205 25]
11 770 3 | [198 12 19265] | [0.992224 0.99853015 0.6387449] | [198 12 19265]
11 773 3 | [3694 369 7246] | [0.9989455 0.9767555 0.9951052] | [3694 369 7246]
11 776 3 | [430 328 64] | [0.99993306 0.8644386 0.9138541] | [430 328 64]
11 779 1 | [33649 3565 11759] | [0.9550125 0.99983495 0.99988663] | [76797]
11 780 3 | [1122 32058 11] | [0.9999319 0.9999998 0.9999992] | [1122 32058 11]
11 783 3 | [843 11 1027] | [0.9999997 0.9999999 0.9999693] | [843 11 1027]
11 786 3 | [23987 1605 11] | [0.9999912 0.9999952 1] | [23987 1605 11]
11 789 3 | [2397 9399 8555] | [0.99999905 0.99995184 0.99999887] | [2397 9399 8555]
11 792 3 | [11 33649 3565] | [0.99999994 0.9989144 0.99995863] | [11 33649 3565]
11 795 3 | [11759 318 39] | [0.9999015 0.99985516 1] | [11759 318 39]
11 798 3 | [4738 52 8] | [0.9999999 0.99999994 0.99998116] | [4738 52 8]
11 801 3 | [303 6312 11] | [0.9999982 0.99998105 0.99999946] | [303 6312 11]
11 804 3 | [414 707 1149] | [0.9999458 0.99997115 0.99958014] | [414 707 1149]
11 807 3 | [198 12 4213] | [0.9398888 0.99999785 0.39514735] | [198 12 78825]
11 810 3 | [4652 369 7246] | [0.9999807 0.9782741 0.8699948] | [4652 369 7246]
11 813 3 | [430 328 64] | [0.99997395 0.7746283 0.4917237] | [430 328 1657]
11 816 3 | [1056 40080 314] | [0.9999994 0.99993443 0.9999778] | [1056 40080 314]
11 819 3 | [19265 3694 1] | [0.9999985 0.9999497 0.75302935] | [19265 3694 1]
11 822 3 | [198 12 1900] | [0.48300385 0.99999934 0.9774972] | [198 12 1900]
11 825 2 | [35 34003 5367] | [0.99999756 0.29531026 0.9978791] | [35 66178]
11 827 3 | [5367 369 7246] | [0.99993956 0.9980042 0.91525704] | [5367 369 7246]
11 830 3 | [430 328 38157] | [0.9999881 0.9951451 0.76706666] | [430 328 38157]
11 833 3 | [6849 40080 314] | [0.9999831 0.99999326 0.9999999] | [6849 40080 314]
11 836 3 | [19265 3694 1] | [0.99999875 0.99998206 0.9964392] | [19265 3694 1]
11 839 1 | [198 12 561] | [0.48848292 0.9999924 0.54793394] | [271]
11 840 3 | [760 45205 1459] | [0.6562036 0.49832073 0.9611849] | [760 45205 1459]
11 843 3 | [914 20335 1528] | [0.9999493 0.9509811 0.97975856] | [914 20335 1528]
11 846 2 | [864 919 314] | [0.8429021 0.7752376 0.99978316] | [864 12174]
11 848 2 | [466 3644 314] | [0.45354053 0.42357084 0.9901143] | [466 90072]
11 850 3 | [19265 3694 369] | [0.7548633 0.999874 0.99701315] | [19265 3694 369]
11 853 3 | [303 13 4213] | [0.9778299 0.75597274 0.99552834] | [303 13 4213]
11 856 2 | [11 3018 383] | [1 0.6413258 0.99999654] | [11 494]
11 858 3 | [4437 6337 321] | [0.86439365 0.99992526 0.56741273] | [4437 6337 11]
11 861 3 | [19265 3694 369] | [0.9981891 0.99994874 0.9994516] | [19265 3694 369]
11 864 3 | [7172 303 279] | [0.89885676 0.99987286 0.92960054] | [7172 303 279]
11 867 1 | [39718 12174 314] | [0.38606167 0.662827 0.99397147] | [38100]
11 868 1 | [61791 505 12174] | [0.3840196 0.9675684 0.5487585] | [90072]
11 869 3 | [314 6312 11] | [0.98427236 0.9992049 0.9990042] | [314 6312 11]
11 872 3 | [414 707 2487] | [0.99994874 0.9999432 0.7132538] | [414 707 2487]
11 875 3 | [11352 303 279] | [0.5143753 0.9981003 0.99954987] | [11352 303 279]
11 878 1 | [12174 314 19265] | [0.16306409 0.98685163 0.932592] | [34020]
11 879 3 | [12174 13 1921] | [0.44048744 0.86329085 0.9004493] | [12174 13 1921]
11 882 1 | [279 45205 1459] | [0.7884456 0.90928155 0.97278917] | [1042]
11 883 2 | [728 1353 506] | [0.9999977 0.4578148 0.6405747] | [728 1436]
11 885 3 | [413 279 45205] | [0.9942774 0.8418378 0.89753574] | [413 279 45205]
11 888 3 | [3300 866 1928] | [0.8247554 0.56206656 0.30544028] | [3300 866 41260]
11 891 3 | [13 271 21765] | [0.69738495 0.9995219 0.34409148] | [13 271 760]
11 894 3 | [45205 6088 421] | [0.84809554 0.9713623 0.75158393] | [45205 6088 25]
11 897 3 | [198 12 328] | [0.99987423 0.9999988 0.5248308] | [198 12 78825]
11 900 3 | [4652 369 328] | [0.99989015 0.97264725 0.97851545] | [4652 369 303]
11 903 3 | [328 31580 14331] | [0.68925416 0.94097203 1] | [328 31580 14331]
11 906 3 | [6312 11 414] | [0.99991286 0.9842079 0.9999094] | [6312 11 414]
11 909 3 | [707 1149 321] | [0.9999222 0.99577266 0.8320683] | [707 1149 321]
11 912 3 | [369 328 1657] | [0.9931927 0.9767982 0.9955244] | [369 328 1657]
11 915 3 | [1056 40080 314] | [0.99998015 0.99996525 0.99997485] | [1056 40080 314]
11 918 3 | [19265 3694 1] | [0.99999785 0.99996513 0.99716544] | [19265 3694 1]
11 921 3 | [198 12 1900] | [0.61264646 0.99999976 0.999143] | [198 12 1900]
11 924 2 | [35 34003 5367] | [0.99999875 0.48855507 0.9980522] | [35 66178]
11 926 3 | [5367 369 328] | [0.9995583 0.9981546 0.838841] | [5367 369 328]
11 929 3 | [316 41763 40080] | [0.9499633 0.9998958 0.9999929] | [316 41763 40080]
11 932 3 | [314 19265 3694] | [0.9994941 0.9999947 0.99999136] | [314 19265 3694]
11 935 3 | [1 198 12] | [0.9994809 0.5692105 0.9999711] | [1 198 12]
11 938 3 | [1900 35 17273] | [0.738458 0.99999267 0.24515648] | [1900 35 66178]
11 941 3 | [5367 579 23061] | [0.95467794 0.81866324 0.92528653] | [5367 579 23061]
11 944 3 | [2830 328 15207] | [0.9962153 0.98186016 0.98999923] | [2830 328 15207]
11 947 3 | [6476 39718 1] | [0.9999953 0.9999968 0.8557966] | [6476 39718 310]
11 950 3 | [279 10663 1] | [0.9999935 0.99951166 0.9980265] | [279 10663 1]
11 953 2 | [271 1919 12846] | [0.67144233 0.5491901 0.8954751] | [271 12189]
11 955 3 | [1900 35 17273] | [0.94952184 0.9999991 0.54759514] | [1900 35 66178]
11 958 3 | [5367 369 328] | [0.9987137 0.9024168 0.78019047] | [5367 369 40080]
11 961 3 | [314 19265 3694] | [0.9994019 0.9996402 0.9908434] | [314 19265 3694]
11 964 3 | [321 682 328] | [0.9072741 0.7582964 0.9130834] | [321 682 39718]
11 967 1 | [22005 11 321] | [0.7498617 0.8763807 0.7647115] | [303]
11 968 3 | [1141 23061 11] | [0.99895644 0.8707889 0.99324137] | [1141 23061 11]
11 971 2 | [321 279 22746] | [0.9676852 0.83634526 0.13617858] | [321 78825]
11 973 2 | [4652 369 328] | [0.9998049 0.9665905 0.5401043] | [4652 318]
11 975 1 | [3811 8 369] | [0.60282564 0.9885265 0.999219] | [258]
11 976 1 | [7608 8 369] | [0.74872214 0.9747744 0.99550456] | [43102]
11 977 3 | [10603 8 369] | [0.6389542 0.9999305 0.9952578] | [10603 8 369]
11 980 3 | [40080 314 19265] | [0.45615116 0.99980766 0.9999972] | [40080 314 19265]
11 983 3 | [3694 11 411] | [0.90601593 0.97196746 0.55447525] | [3694 11 411]
11 986 3 | [12846 19265 3694] | [0.70176136 0.999349 0.99986833] | [12846 19265 3694]
11 989 3 | [369 303 279] | [0.9931204 0.96535033 0.70382476] | [369 303 279]
11 992 2 | [38100 2982 314] | [0.89021903 0.3398462 0.8620064] | [38100 90072]
11 994 2 | [314 6312 11] | [0.8765859 0.85847485 0.9991993] | [314 10603]
11 996 3 | [13 271 10883] | [0.9635475 0.8163589 0.64188033] | [13 271 760]
11 999 3 | [45205 1459 914] | [0.96406317 0.9525474 0.9999974] | [45205 1459 914]
11 1002 3 | [20335 1528 279] | [0.9927382 0.9579802 0.6018969] | [20335 1528 279]
11 1005 2 | [12174 466 919] | [0.629908 0.42931405 0.7166825] | [12174 11]
11 1007 3 | [694 3018 383] | [0.99993736 0.4692483 0.99999917] | [694 3018 383]
11 1010 2 | [279 2193 11] | [0.94681245 0.48090225 0.5604587] | [279 62951]
11 1012 2 | [41260 11 19265] | [0.78922814 0.64705455 0.84433377] | [41260 318]
11 1014 3 | [2229 35 17273] | [0.32449296 0.9999922 0.40437537] | [2229 35 66178]
11 1017 2 | [5367 3322 328] | [0.9995088 0.34646478 0.59180135] | [5367 1602]
11 1019 1 | [4890 321 39718] | [0.6471168 0.33420545 0.68533504] | [6849]
11 1020 3 | [40080 440 39718] | [0.93517554 0.63694185 0.983975] | [40080 440 39718]
11 1023 3 | [23061 11 321] | [0.46821645 0.97667724 0.9775486] | [23061 11 78825]
11 1026 3 | [4652 1602 303] | [0.99496 0.9975351 0.8166093] | [4652 1602 303]
11 1029 2 | [43102 10603 681] | [0.42791098 0.94203323 0.62569565] | [43102 321]
11 1031 1 | [1602 40080 314] | [0.5962277 0.9181061 0.5564853] | [40080]
11 1032 3 | [314 19265 681] | [0.9775691 0.99983776 0.7053241] | [314 19265 681]
11 1035 3 | [19265 3694 369] | [0.7247237 0.99939793 0.9554595] | [19265 3694 369]
11 1038 2 | [303 279 38100] | [0.9812347 0.67616963 0.9901645] | [303 38100]
11 1040 3 | [6312 11 414] | [0.5161614 0.99667984 0.9999688] | [6312 11 414]
11 1043 3 | [707 13 271] | [0.9999848 0.9710619 0.5168715] | [707 13 271]
11 1046 2 | [40 1220 3300] | [0.4755786 0.5694999 0.40063286] | [40 3172]
11 1048 3 | [3300 279 4087] | [0.578058 0.64182633 0.96434283] | [3300 279 4087]
11 1051 3 | [3018 383 279] | [0.99788827 0.9999904 0.49902418] | [3018 383 1092]
11 1054 1 | [579 2420 303] | [0.73715633 0.95479906 0.88116765] | [628]
11 1055 3 | [381 65316 494] | [0.99813116 0.9718427 0.99661744] | [381 65316 494]
11 1058 3 | [279 45205 321] | [0.9993593 0.9928827 0.53748757] | [279 45205 321]
11 1061 3 | [4437 6337 13] | [0.9975538 0.99984545 0.98931414] | [4437 6337 13]
11 1064 2 | [198 510 8944] | [0.97757524 0.9897985 0.69072413] | [198 248069]
11 1066 3 | [271 27775 383] | [0.9999992 0.98039275 0.99999654] | [271 27775 383]
11 1069 3 | [279 3766 45205] | [0.99998957 0.40303865 0.84889483] | [279 3766 45205]
11 1072 3 | [11 19265 3694] | [0.9886178 0.98319316 0.99999183] | [11 19265 3694]
11 1075 3 | [369 7172 303] | [0.99466264 0.92451626 0.99957037] | [369 7172 303]
11 1078 3 | [2972 24420 10717] | [0.9334201 0.7569999 0.997883] | [2972 24420 10717]
11 1081 3 | [6312 11 414] | [0.9821614 0.9999855 0.9999938] | [6312 11 414]
11 1084 2 | [707 13 318] | [0.9999925 0.99479115 0.8488766] | [707 159029]
11 1086 3 | [1061 628 381] | [0.47039765 0.6397676 0.9999848] | [1061 628 381]
11 1089 3 | [65316 494 279] | [0.99972004 0.99884665 0.95430523] | [65316 494 279]
11 1092 3 | [62951 41260 25] | [0.534762 0.9920983 0.915482] | [62951 41260 25]
11 1095 1 | [271 12 2972] | [0.5428362 0.9999994 0.87665784] | [1900]
11 1096 2 | [35 34003 5367] | [0.99998593 0.6842517 0.999439] | [35 66178]
11 1098 2 | [5367 369 7246] | [0.9998767 0.54909015 0.9865251] | [5367 11]
11 1100 1 | [7246 430 1602] | [0.77953404 0.99998814 0.5425924] | [864]
11 1101 2 | [369 7246 430] | [0.92721474 0.50128305 0.99996287] | [369 328]
11 1103 3 | [316 41763 40080] | [0.999724 0.99955535 0.9999302] | [316 41763 40080]
11 1106 3 | [314 19265 3694] | [0.9974886 0.9999741 0.9999888] | [314 19265 3694]
11 1109 3 | [1288 682 328] | [0.9968328 0.6452629 0.8357542] | [1288 682 23061]
11 1112 1 | [2583 328 15207] | [0.76708335 0.99785495 0.9994485] | [421]
11 1113 3 | [2830 328 15207] | [0.9986903 0.99027324 0.9994722] | [2830 328 15207]
11 1116 3 | [6476 39718 310] | [0.99994624 0.9999801 0.6504105] | [6476 39718 1288]
11 1119 2 | [321 279 34020] | [0.98616165 0.7067417 0.85375834] | [321 78825]
11 1121 3 | [4652 11 864] | [0.9999471 0.7778059 0.610364] | [4652 11 864]
11 1124 3 | [369 303 328] | [0.99534607 0.5763545 0.97486126] | [369 303 328]
11 1127 3 | [31580 14331 6312] | [0.99819744 0.9999987 0.99956524] | [31580 14331 6312]
11 1130 3 | [11 414 707] | [0.99982864 0.99994326 0.9999884] | [11 414 707]
11 1133 3 | [13 1288 369] | [0.51880485 0.99704194 0.99347675] | [13 1288 369]
11 1136 3 | [7246 430 328] | [0.9876822 0.9999684 0.7753719] | [7246 430 1602]
11 1139 3 | [328 1657 1056] | [0.9979482 0.9982779 0.9999739] | [328 1657 1056]
11 1142 3 | [40080 314 19265] | [0.991576 0.9982743 0.9999871] | [40080 314 19265]
11 1145 3 | [3694 1149 271] | [0.9999691 0.9988912 0.30679026] | [3694 1149 4081]
11 1148 1 | [41260 1925 19265] | [0.30062315 0.9934341 0.9891439] | [70371]
11 1149 3 | [14619 1925 19265] | [0.8818716 0.93200606 0.99965477] | [14619 1925 19265]
11 1152 3 | [3694 303 279] | [0.9993606 0.99974763 0.9798184] | [3694 303 279]
11 1155 2 | [38100 8079 314] | [0.4575274 0.18592988 0.7794157] | [38100 90072]
11 1157 3 | [314 279 3177] | [0.9519849 0.92621666 0.98661506] | [314 279 3177]
11 1160 1 | [13 271 45930] | [0.61782974 0.5190309 0.3809663] | [11]
11 1161 3 | [11352 303 279] | [0.8766323 0.9918335 0.9997347] | [11352 303 279]
11 1164 3 | [2972 1948 654] | [0.8953001 0.9960473 0.99961466] | [2972 1948 654]
11 1167 3 | [332 12174 13] | [0.9099267 0.9958945 0.80689025] | [332 12174 13]
11 1170 1 | [318 760 45205] | [0.48136908 0.6162765 0.8142594] | [248046]
12 668 3 | [198 760 1156] | [0.6788219 0.99999946 0.99999386] | [198 760 1156]
12 671 3 | [369 9859 883] | [0.99890816 0.9999757 0.99010116] | [369 9859 883]
12 674 3 | [279 1817 421] | [0.95390564 0.9997221 0.9992863] | [279 1817 421]
12 677 3 | [62634 799 59433] | [0.99983525 0.9999264 0.9999982] | [62634 799 59433]
12 680 3 | [1083 1330 49220] | [0.9999988 0.999999 0.999981] | [1083 1330 49220]
12 683 2 | [18922 29395 72] | [0.99999905 0.7959439 0.9427775] | [18922 92768]
12 685 3 | [13 6558 728] | [0.999619 0.8084919 0.9998161] | [13 6558 728]
12 688 3 | [1353 1472 279] | [0.680502 0.9238402 0.99993324] | [1353 1472 279]
12 691 3 | [3766 1414 364] | [0.99947256 0.9739077 0.8396305] | [3766 1414 364]
12 694 1 | [9468 1928 13] | [0.5238578 0.9997629 0.999983] | [279]
12 695 3 | [4087 13 271] | [0.9960263 0.99996465 0.9999244] | [4087 13 271]
12 698 3 | [3702 279 1414] | [0.8927708 0.9999633 0.9075216] | [3702 279 1414]
12 701 3 | [11 353 628] | [0.88372934 0.62906134 0.9987297] | [11 353 628]
12 704 1 | [1423 9468 1928] | [0.5660477 0.29975554 0.95622337] | [1436]
12 705 1 | [14619 310 25] | [0.67687887 0.9965977 0.68217963] | [32726]
12 706 2 | [314 328 25064] | [0.999612 0.7392377 0.49137112] | [314 25]
12 708 3 | [198 12 17190] | [0.99889725 0.9984343 0.95272076] | [198 12 17190]
12 711 3 | [281 7319 471] | [0.99995965 0.99999595 0.84039974] | [281 7319 471]
12 714 1 | [264 42145 37276] | [0.39632905 0.47611597 0.91711205] | [864]
12 715 2 | [369 264 1654] | [0.7836694 0.31867257 0.43515897] | [369 279]
12 717 1 | [1817 314 2691] | [0.43009508 0.46634346 0.5400258] | [12436]
12 718 3 | [314 264 2691] | [0.99978435 0.9134055 0.754007] | [314 264 2691]
12 721 3 | [1083 1330 5306] | [0.94135845 0.9992716 0.9994025] | [1083 1330 5306]
12 724 3 | [198 12 21095] | [0.79786855 0.9999998 0.98012906] | [198 12 21095]
12 727 3 | [10388 471 864] | [0.99999976 0.99968797 0.8522719] | [10388 471 9444]
12 730 3 | [430 328 2506] | [0.69425744 0.8966898 0.97576845] | [430 328 1719]
12 733 3 | [1817 314 5280] | [0.999777 0.99882114 0.99999505] | [1817 314 5280]
12 736 3 | [10388 1429 539] | [0.9999972 0.9986697 0.9999998] | [10388 1429 539]
12 739 3 | [378 3001 640] | [0.99999857 0.9999757 0.99999833] | [378 3001 640]
12 742 3 | [13806 7515 1] | [0.9998591 0.99999654 0.99965155] | [13806 7515 1]
12 745 3 | [198 12 15095] | [0.96458423 0.999999 0.92819244] | [198 12 15095]
12 748 3 | [46197 471 279] | [0.9999462 0.99816644 0.45683515] | [46197 471 279]
12 751 3 | [1817 314 16876] | [0.7982975 0.9991288 0.99947846] | [1817 314 16876]
12 754 3 | [1330 18922 10672] | [0.99718255 0.9994618 0.9964125] | [1330 18922 78014]
12 757 3 | [314 15095 198] | [0.9992434 0.9999897 0.45518357] | [314 15095 198]
12 760 3 | [12 710 640] | [0.99999326 0.73038113 0.9999991] | [12 710 640]
12 763 2 | [547 1489 471] | [0.9999883 0.5522512 0.9988481] | [547 79932]
12 765 3 | [471 9444 303] | [0.99914724 0.78085876 0.72241324] | [471 9444 303]
12 768 3 | [279 2193 314] | [0.91628087 0.9938574 0.9997788] | [279 2193 314]
12 771 3 | [17883 12373 581] | [0.76970077 0.9999916 0.9913835] | [17883 12373 581]
12 774 1 | [271 760 3296] | [0.28920212 0.9820239 0.64958763] | [25]
12 775 2 | [328 1719 9511] | [0.99956423 0.8606298 0.9986796] | [328 760]
12 777 3 | [9511 7515 748] | [0.9997697 0.9999838 0.9999463] | [9511 7515 748]
12 780 3 | [8677 35456 580] | [0.9999997 0.99996406 0.9999643] | [8677 35456 580]
12 783 3 | [640 547 49709] | [0.9999992 0.9999979 0.34937757] | [640 547 79932]
12 786 3 | [11 4473 1] | [0.9420762 0.99998957 0.7252586] | [11 4473 1149]
12 789 3 | [271 760 3296] | [0.83216035 0.97039866 0.7169217] | [271 760 3296]
12 792 3 | [16561 11352 883] | [0.68396163 0.8426045 0.98724717] | [16561 11352 883]
12 795 1 | [279 1817 421] | [0.49598947 0.998711 0.99918044] | [48030]
12 796 1 | [799 59433 1083] | [0.7181907 0.9977555 0.9998961] | [328]
12 797 3 | [588 59433 1083] | [0.9986539 0.9998416 0.96052957] | [588 59433 1083]
12 800 3 | [1330 49220 18922] | [0.99999833 0.9999954 0.9999974] | [1330 49220 18922]
12 803 1 | [59433 1149 4558] | [0.5850343 0.9904404 0.7294918] | [92768]
12 804 2 | [1149 4558 760] | [0.9991494 0.54795545 0.3139255] | [1149 1061]
12 806 3 | [369 279 1817] | [0.89229846 0.87814134 0.9970352] | [369 279 7044]
12 809 3 | [314 2972 1701] | [0.99994075 0.4593227 0.9896297] | [314 2972 1701]
12 812 2 | [10388 332 318] | [0.9999975 0.99984217 0.56064403] | [10388 159034]
12 814 3 | [21095 10388 369] | [0.6630396 0.9999994 0.99884486] | [21095 10388 369]
12 817 3 | [279 1817 539] | [0.9979917 0.97087324 0.73585695] | [279 1817 314]
12 820 3 | [10922 12436 303] | [0.9004689 0.9994827 0.5340509] | [10922 12436 303]
12 823 3 | [378 3001 640] | [0.9999295 0.99988294 0.99999917] | [378 3001 640]
12 826 3 | [13806 7515 421] | [0.99995834 0.9993772 0.96099746] | [13806 7515 421]
12 829 3 | [2961 303 1330] | [0.6759139 0.99999815 0.7971144] | [2961 303 1330]
12 832 3 | [49220 18922 9511] | [0.9575637 0.9999168 0.9915575] | [49220 18922 92768]
12 835 2 | [13 561 1414] | [0.98192394 0.5704102 0.98560196] | [13 271]
12 837 3 | [760 1414 32726] | [0.8213184 0.99686384 0.95993644] | [760 1414 32726]
12 840 1 | [328 1719 1817] | [0.96781945 0.83602184 0.99979186] | [5280]
12 841 2 | [10388 303 279] | [0.9999951 0.46316326 0.8712517] | [10388 25]
12 843 3 | [328 41657 279] | [0.9997467 0.49357116 0.9996937] | [328 41657 279]
12 846 3 | [1817 314 5280] | [0.99999726 0.9999998 0.9999989] | [1817 314 5280]
12 849 3 | [10388 1429 539] | [0.9999983 0.9999931 1] | [10388 1429 539]
12 852 3 | [378 3001 640] | [0.9999993 0.9999947 0.9999991] | [378 3001 640]
12 855 3 | [13806 7515 11] | [0.9998512 0.99999166 0.8476268] | [13806 7515 11]
12 858 3 | [7620 281 7319] | [0.9999834 0.99999833 0.9999951] | [7620 281 7319]
12 861 3 | [4829 1925 1973] | [0.9999039 0.9999976 0.99999154] | [4829 1925 1973]
12 864 3 | [279 17465 314] | [0.9999964 0.99998933 0.9999978] | [279 17465 314]
12 867 2 | [264 47370 39266] | [0.99999636 0.57460564 0.999999] | [264 94805]
12 869 3 | [39266 383 279] | [0.99999964 0.9887084 0.9999998] | [39266 383 279]
12 872 3 | [2691 1149 271] | [0.9999143 0.9999911 0.99433756] | [2691 1149 271]
12 875 3 | [13007 11 279] | [0.33621767 0.9824088 0.5652283] | [13007 11 580]
12 878 3 | [640 547 49709] | [0.99997205 0.9999991 0.69349396] | [640 547 79932]
12 881 2 | [369 279 12436] | [0.91305244 0.51962733 0.8898679] | [369 9444]
12 883 3 | [430 279 12436] | [0.55180246 0.83547217 0.9181986] | [430 279 12436]
12 886 3 | [314 279 59433] | [0.99984354 0.91219956 0.99737793] | [314 279 59433]
12 889 1 | [13 4213 11] | [0.4761817 0.6114494 0.99999964] | [11]
12 890 3 | [694 279 3050] | [0.9991434 0.91450596 0.8424272] | [694 279 3050]
12 893 3 | [1817 421 62634] | [0.5994694 0.85893416 0.7939027] | [1817 421 62634]
12 896 3 | [799 59433 1083] | [0.9431679 0.9991989 0.9998959] | [799 59433 1083]
12 899 3 | [1330 49220 18922] | [0.9952432 0.9994743 0.999928] | [1330 49220 18922]
12 902 1 | [10922 7515 369] | [0.22563165 0.70313245 0.9932582] | [92768]
12 903 3 | [369 5280 10388] | [0.9925779 0.8156633 0.9997908] | [369 5280 10388]
12 906 3 | [13 271 760] | [0.99033433 0.987471 0.9469805] | [13 271 760]
12 909 3 | [4087 369 2972] | [0.9997733 0.9994428 0.9320916] | [4087 369 2972]
12 912 3 | [1701 10388 332] | [0.9150408 0.999982 0.999801] | [1701 10388 159034]
12 915 2 | [198 22749 198] | [0.99996036 0.87681377 0.9743085] | [198 248069]
12 917 2 | [271 760 1817] | [0.99999994 0.90172356 0.91775274] | [271 332]
12 919 3 | [52546 10388 332] | [0.99788773 0.999984 0.9999994] | [52546 10388 332]
12 922 3 | [369 279 1817] | [0.9606861 0.9999979 0.9997948] | [369 279 1817]
12 925 3 | [421 62634 799] | [0.9991106 0.9999556 0.99995625] | [421 62634 799]
12 928 3 | [59433 1083 1330] | [0.999896 0.9999991 0.99999875] | [59433 1083 1330]
12 931 3 | [49220 18922 29395] | [0.99998283 0.99993265 0.39425093] | [49220 18922 92768]
12 934 2 | [13 271 760] | [0.99960977 0.48210272 0.7016602] | [13 1049]
12 936 3 | [369 279 1817] | [0.9938002 0.6690938 0.58526826] | [369 279 1817]
12 939 3 | [314 10922 12436] | [0.72799736 0.9694196 0.99985856] | [314 10922 12436]
12 942 3 | [1429 539 378] | [0.88923633 0.907552 0.99977535] | [1429 539 378]
12 945 3 | [3001 640 13806] | [0.9999633 0.99999696 0.99997216] | [3001 640 13806]
12 948 3 | [7515 11 864] | [0.9998919 0.8733068 0.39222655] | [7515 11 15394]
12 951 3 | [279 17465 314] | [0.97389877 0.99912673 0.9999835] | [279 17465 314]
12 954 2 | [264 2972 2085] | [0.9998333 0.4347174 0.99989873] | [264 94805]
12 956 2 | [39266 11 321] | [0.99999934 0.46077898 0.32689142] | [39266 310]
12 958 1 | [8387 279 53057] | [0.49814856 0.9954421 0.42505497] | [5790]
12 959 1 | [279 23956 314] | [0.9118873 0.8325585 0.9893963] | [421]
12 960 3 | [1754 9511 2691] | [0.6419751 0.20904732 0.7465498] | [1754 9511 59433]
12 963 3 | [20539 449 18922] | [0.9998319 0.9105535 0.9403273] | [20539 449 18922]
12 966 1 | [2880 314 279] | [0.54305017 0.99993885 0.9967489] | [716]
12 967 2 | [314 18358 3558] | [0.9999975 0.5575915 0.9888499] | [314 79247]
12 969 2 | [13 561 1414] | [0.9471163 0.5789915 0.94242543] | [13 248046]
13 722 3 | [198 760 1156] | [0.73973364 0.99999964 0.9999573] | [198 760 1156]
13 725 3 | [369 9859 852] | [0.9998853 0.9999924 0.99571234] | [369 9859 852]
13 728 3 | [64973 328 31391] | [0.9993266 0.999792 0.9997911] | [64973 328 31391]
13 731 3 | [2921 22191 2488] | [0.999985 0.9999988 0.9999961] | [2921 22191 2488]
13 734 3 | [383 1394 1149] | [0.99955624 0.999941 0.8591021] | [383 1394 1149]
13 737 3 | [19592 383 279] | [0.7340288 0.99994004 0.99999356] | [19592 383 279]
13 740 3 | [3766 1414 11] | [0.9177679 0.66724503 0.9950727] | [3766 1414 11]
13 743 3 | [1017 513 5081] | [0.44312993 0.99803585 0.85778314] | [1017 513 5081]
13 746 1 | [10478 25 271] | [0.4037889 0.49600485 0.97762746] | [13122]
13 747 3 | [852 599 12076] | [0.706011 0.831996 0.87409616] | [852 599 12076]
13 750 1 | [2600 2116 411] | [0.3973149 0.30551422 0.9301703] | [411]
13 751 3 | [5319 25 271] | [0.99983007 0.5387599 0.9997534] | [5319 25 271]
13 754 3 | [16 13 7555] | [0.8009356 0.9999992 0.5782992] | [16 13 7555]
13 757 3 | [12870 471 3889] | [0.9999532 0.94837445 0.91442186] | [12870 471 12830]
13 760 3 | [12076 424 303] | [0.99990755 0.66936576 0.98551995] | [12076 424 303]
13 763 3 | [220 16 24] | [0.99998987 0.9999998 1] | [220 16 24]
13 766 3 | [21 17 198] | [1 0.9999995 0.5740299] | [21 17 198]
13 769 3 | [17 13 9565] | [0.9999998 0.9999999 0.9993513] | [17 13 9565]
13 772 3 | [34353 471 5698] | [0.99998546 0.9997086 0.9417106] | [34353 471 5698]
13 775 3 | [264 3311 2243] | [0.9470966 0.9899014 0.81837714] | [264 3311 2243]
13 778 3 | [303 220 16] | [0.9999605 0.9999997 1] | [303 220 16]
13 781 3 | [24 23 22] | [1 0.99999994 0.99999946] | [24 23 22]
13 784 2 | [318 3444 10919] | [0.49588913 0.69562596 0.90195984] | [318 1719]
13 786 3 | [1379 10919 2243] | [0.9899185 0.91416186 0.6921971] | [1379 10919 2243]
13 789 3 | [8 198 18] | [0.9928859 0.9998625 0.9999993] | [8 198 18]
13 792 2 | [13 1369 40829] | [0.99988943 0.46236655 0.9992935] | [13 561]
13 794 3 | [10544 59904 471] | [0.99013716 0.99995637 0.96828246] | [10544 59904 318]
13 797 3 | [16 24 21] | [0.9999747 1 1] | [16 24 21]
13 800 3 | [18 8 198] | [0.9999957 0.98098564 0.999335] | [18 8 198]
13 803 3 | [19 13 27769] | [0.9998834 0.9999998 0.9999685] | [19 13 27769]
13 806 3 | [11723 19982 318] | [0.9999855 0.9999908 0.99999934] | [11723 19982 318]
13 809 3 | [16 24 21] | [0.99999946 1 1] | [16 24 21]
13 812 3 | [20 8 198] | [0.99999547 0.99999434 0.9999715] | [20 8 198]
13 815 3 | [20 13 21320] | [0.99999416 0.99999964 0.9999852] | [20 13 21320]
13 818 3 | [10607 318 16] | [0.99999624 0.99999803 0.9999999] | [10607 318 16]
13 821 3 | [24 21 21] | [1 1 1] | [24 21 21]
13 824 3 | [8 198 21] | [0.99999964 0.9999885 0.999999] | [8 198 21]
13 827 3 | [13 23030 88] | [0.9999996 0.99999195 1] | [13 23030 88]
13 830 3 | [4770 3320 797] | [0.9999488 0.9999985 0.99999994] | [4770 3320 797]
13 833 3 | [318 16 24] | [0.99998254 0.99999976 1] | [318 16 24]
13 836 3 | [22 15 8] | [1 1 0.99999595] | [22 15 8]
13 839 3 | [198 22 13] | [0.99999785 0.99968046 0.9999988] | [198 22 13]
13 842 3 | [8223 28961 594] | [0.9994599 0.99999964 0.99998134] | [8223 28961 594]
13 845 3 | [8143 452 18099] | [0.99997646 0.99999803 0.99999946] | [8143 452 18099]
13 848 3 | [318 16 24] | [0.999981 0.9999999 1] | [318 16 24]
13 851 3 | [22 19 8] | [1 1 0.99999636] | [22 19 8]
13 854 3 | [198 23 13] | [0.9999996 0.9999998 0.9999983] | [198 23 13]
13 857 3 | [9946 882 5762] | [0.9999039 0.999991 0.9999925] | [9946 882 5762]
13 860 3 | [594 52563 48154] | [0.9999994 0.9999991 0.9999997] | [594 52563 48154]
13 863 3 | [318 16 24] | [0.9998335 0.99999994 1] | [318 16 24]
13 866 3 | [22 22 8] | [1 1 0.9999981] | [22 22 8]
13 869 3 | [198 24 13] | [0.9999827 0.9999949 0.9999945] | [198 24 13]
13 872 2 | [35510 58434 318] | [0.9957999 0.3375684 0.78283423] | [35510 78294]
13 874 3 | [198 16 15] | [0.9986936 0.9999989 0.9999998] | [198 16 15]
13 877 3 | [13 1369 40829] | [0.9999884 0.921121 0.9999599] | [13 1369 40829]
13 880 3 | [6 33916 318] | [0.9999816 0.9994779 0.7073681] | [6 33916 318]
13 883 3 | [17 15 15] | [0.999737 1 0.9999999] | [17 15 15]
13 886 3 | [21 8 198] | [0.99999946 0.990942 0.99995404] | [21 8 198]
13 889 3 | [16 16 13] | [0.9999998 0.99999976 0.9999998] | [16 16 13]
13 892 3 | [11723 48978 318] | [0.9973225 0.9997935 0.9847179] | [11723 48978 318]
13 895 3 | [17 15 16] | [0.9999937 1 1] | [17 15 16]
13 898 3 | [20 8 271] | [0.9999999 0.9999378 0.97505796] | [20 8 271]
13 901 3 | [760 1379 1575] | [0.9633306 0.9656543 0.48507145] | [760 1379 1575]
13 904 2 | [20654 4087 369] | [0.99973994 0.43139118 0.92787594] | [20654 2243]
13 906 3 | [369 539 9565] | [0.99362147 0.79857177 0.99445105] | [369 539 9565]
13 909 2 | [34353 11 694] | [0.9999933 0.4928105 0.9610871] | [34353 318]
13 911 3 | [16 24 23] | [0.9993777 1 0.99999994] | [16 24 23]
13 914 3 | [22 681 694] | [0.99999547 0.73573685 0.6835482] | [22 681 321]
13 917 3 | [279 3889 369] | [0.9264895 0.9983437 0.74682295] | [279 3889 557]
13 920 3 | [539 7555 12870] | [0.9996453 0.9999793 0.9999804] | [539 7555 12870]
13 923 3 | [318 16 24] | [0.99722093 0.99998516 1] | [318 16 24]
13 926 3 | [21 17 553] | [0.99999976 0.99999994 0.9994511] | [21 17 553]
13 929 3 | [353 3172 3300] | [0.5112515 0.7331914 0.9628573] | [353 3172 3300]
13 932 3 | [264 15352 4087] | [0.9075592 0.95471257 0.9746273] | [264 15352 4087]
13 935 3 | [13 198 760] | [0.7067936 0.9999998 0.94700783] | [13 198 248069]
13 938 2 | [271 27775 383] | [0.99999917 0.86154264 0.99999964] | [271 1]
13 940 3 | [31391 2921 22191] | [0.9999477 0.99992526 0.99999255] | [31391 2921 22191]
13 943 3 | [2488 383 1394] | [0.9999955 0.99996924 0.99991685] | [2488 383 1394]
13 946 2 | [1 369 264] | [0.9998212 0.5647742 0.94029295] | [1 682]
13 948 2 | [978 38038 539] | [0.9997672 0.52467966 0.998313] | [978 10345]
13 950 3 | [539 3679 13122] | [0.9998922 0.48705336 0.9978289] | [539 3679 13122]
13 953 1 | [888 279 1578] | [0.37334016 0.9999992 0.998139] | [25]
13 954 3 | [271 12 2972] | [0.9999951 0.99984986 0.9999892] | [271 12 2972]
13 957 3 | [27174 12870 332] | [0.9269979 0.99993604 0.9925936] | [27174 12870 332]
13 960 3 | [12830 12076 279] | [0.72061515 0.99964166 0.86790645] | [12830 12076 279]
13 963 3 | [5319 303 220] | [0.99988914 0.999625 0.996574] | [5319 303 220]
13 966 3 | [16 24 21] | [0.99998623 0.9999996 1] | [16 24 21]
13 969 3 | [17 318 7744] | [0.9999999 0.71415454 0.68755025] | [17 318 7744]
13 972 3 | [279 2192 328] | [0.99740005 0.9997639 0.99836695] | [279 2192 328]
13 975 3 | [40 2908 23753] | [0.99999565 0.999997 0.99998826] | [40 2908 23753]
13 978 3 | [2921 22191 2488] | [0.99999803 0.9999986 0.9999918] | [2921 22191 2488]
13 981 3 | [383 1394 1764] | [0.99999106 0.9999342 0.68540365] | [383 1394 1764]
13 984 3 | [198 12 2972] | [0.97040594 0.99999934 0.9999871] | [198 12 2972]
13 987 3 | [37663 34353 332] | [0.99995774 0.99999905 0.9999544] | [37663 34353 332]
13 990 2 | [5698 780 1379] | [0.65521896 0.89354557 0.9340789] | [5698 279]
13 992 2 | [1379 1575 20654] | [0.9282265 0.60966045 0.99998873] | [1379 10919]
13 994 3 | [3311 2243 303] | [0.71096194 0.9984954 0.9995929] | [3311 2243 303]
13 997 3 | [220 16 24] | [0.97946405 0.99999994 1] | [220 16 24]
13 1000 3 | [23 22 11] | [0.9999999 0.9999998 0.7735084] | [23 22 383]
13 1003 3 | [780 7766 348] | [0.9916457 0.99909437 0.90640783] | [780 7766 348]
13 1006 3 | [15582 35836 11961] | [0.9997178 0.9999022 0.75161546] | [15582 35836 19315]
13 1009 1 | [1049 8379 2233] | [0.94419396 0.3607891 0.8940731] | [5133]
13 1010 2 | [2243 4062 2233] | [0.99415416 0.61130065 0.853302] | [2243 8379]
13 1012 3 | [2233 13 220] | [0.89496213 0.99999905 0.99984795] | [2233 13 220]
13 1015 2 | [16 383 279] | [0.999979 0.6540031 0.9999122] | [16 303]
13 1017 3 | [279 2201 321] | [0.99968624 0.99595994 0.5541545] | [279 2201 13]
13 1020 3 | [198 12 2972] | [0.9642023 0.99999976 0.71952087] | [198 12 6728]
13 1023 1 | [14103 2830 2972] | [0.5062379 0.99573344 0.49274606] | [13122]
13 1024 2 | [852 599 12076] | [0.88340384 0.8156716 0.794613] | [852 9469]
13 1026 3 | [279 5319 2830] | [0.7987586 0.99908906 0.99930465] | [279 5319 2830]
13 1029 3 | [2972 760 10544] | [0.7534359 0.9915222 0.99993825] | [2972 760 10544]
13 1032 3 | [59904 332 318] | [0.9994546 0.9963746 0.99996614] | [59904 332 318]
13 1035 3 | [16 24 21] | [0.9999915 1 1] | [16 24 21]
13 1038 3 | [18 681 2972] | [0.9999998 0.99981344 0.99994856] | [18 681 2972]
13 1041 1 | [27769 11723 19982] | [0.73455197 0.9999825 0.99998873] | [86574]
13 1042 3 | [11723 19982 332] | [0.999988 0.9999863 0.99999964] | [11723 19982 332]
13 1045 3 | [318 16 24] | [0.99999964 1 1] | [318 16 24]
13 1048 3 | [21 20 681] | [1 1 0.9999497] | [21 20 681]
13 1051 2 | [2972 8585 75] | [0.9999543 0.9683598 0.9496132] | [2972 73557]
13 1053 3 | [10607 332 318] | [0.9999955 0.9999999 0.999999] | [10607 332 318]
13 1056 3 | [16 24 21] | [0.9999999 1 1] | [16 24 21]
13 1059 3 | [21 681 2972] | [1 0.99997914 0.9999922] | [21 681 2972]
13 1062 3 | [40367 88 4770] | [0.99909586 1 0.9998416] | [40367 88 4770]
13 1065 3 | [3320 797 332] | [0.9999849 0.99999994 0.99999124] | [3320 797 332]
13 1068 3 | [318 16 24] | [0.99999994 0.99999994 1] | [318 16 24]
13 1071 3 | [22 15 681] | [1 1 0.99980617] | [22 15 681]
13 1074 3 | [2972 6755 28961] | [0.99496436 0.6430613 0.9999993] | [2972 6755 28961]
13 1077 3 | [594 8143 452] | [0.9999933 0.99995357 0.99999785] | [594 8143 452]
13 1080 3 | [18099 332 318] | [0.9999996 0.99999905 0.9999986] | [18099 332 318]
13 1083 3 | [16 24 22] | [0.9999994 1 1] | [16 24 22]
13 1086 3 | [19 681 2972] | [1 0.99999624 0.99999166] | [19 681 2972]
13 1089 1 | [1948 40829 6] | [0.4720628 0.9999906 0.9989304] | [90058]
13 1090 3 | [882 5762 594] | [0.9999959 0.9999947 0.9999999] | [882 5762 594]
13 1093 3 | [52563 48154 332] | [0.99999565 0.9999982 0.99999994] | [52563 48154 332]
13 1096 3 | [318 16 24] | [0.99999994 1 1] | [318 16 24]
13 1099 3 | [22 22 681] | [1 1 0.99999475] | [22 22 681]
13 1102 3 | [2972 35 1519] | [0.9737924 0.7162086 0.9999919] | [2972 35 1519]
13 1105 1 | [23994 332 318] | [0.62928 0.89867073 0.9090218] | [78294]
13 1106 1 | [332 318 16] | [0.6365585 0.9848397 0.4945761] | [93868]
13 1107 3 | [2972 1948 40829] | [0.99982804 0.9990566 0.99999845] | [2972 1948 40829]
13 1110 3 | [6 33916 332] | [0.99989974 0.99989134 0.99996644] | [6 33916 332]
13 1113 3 | [318 17 15] | [0.9999971 0.9999786 1] | [318 17 15]
13 1116 3 | [15 21 681] | [1 1 0.9990311] | [15 21 681]
13 1119 3 | [321 2972 52176] | [0.9997804 0.99914926 0.9994016] | [321 2972 52176]
13 1122 3 | [48978 332 318] | [0.99998343 0.9999988 0.9995768] | [48978 332 318]
13 1125 3 | [17 15 16] | [0.9999973 1 0.99999994] | [17 15 16]
13 1128 3 | [20 553 271] | [1 0.99453056 0.99821943] | [20 553 271]
13 1131 3 | [760 5319 557] | [0.92818874 0.843408 0.9927577] | [760 5319 557]
13 1134 3 | [5158 321 22687] | [0.97324234 0.99954844 0.99979264] | [5158 321 22687]
13 1137 3 | [539 2972 49] | [0.9999968 0.9995155 0.9999993] | [539 2972 49]
13 1140 3 | [17324 20649 332] | [0.9999482 0.9999948 0.9955042] | [17324 20649 159034]
13 1143 3 | [271 760 1379] | [0.44205275 0.32643804 0.97328156] | [271 760 2243]
13 1146 2 | [1379 16138 5634] | [0.99642134 0.8069574 0.9881201] | [1379 1208]
13 1148 2 | [513 1379 10958] | [0.94724536 0.9460757 0.5424107] | [513 10958]
13 1150 3 | [440 369 2972] | [0.99999326 0.99570465 0.98574305] | [440 369 2972]
13 1153 3 | [37663 34353 579] | [0.9998205 0.9999994 0.99948704] | [37663 34353 579]
13 1156 3 | [332 220 16] | [0.8500662 0.8261228 0.99999636] | [332 220 16]
13 1159 3 | [24 23 22] | [1 1 0.99999994] | [24 23 22]
13 1162 3 | [3311 13 4213] | [0.50853765 0.72494876 0.6274024] | [3311 13 248046]
14 758 3 | [198 760 1156] | [0.84587306 0.99999845 0.9998447] | [198 760 1156]
14 761 3 | [369 9859 883] | [0.9999158 0.99997604 0.88646466] | [369 9859 328]
14 764 3 | [14749 369 279] | [0.9991596 0.9999997 0.99999964] | [14749 369 279]
14 767 3 | [6187 11308 16359] | [0.9999943 0.99976623 0.9998524] | [6187 11308 16359]
14 770 3 | [314 37260 7285] | [0.9999997 0.99951404 0.99965566] | [314 37260 7285]
14 773 3 | [3018 383 279] | [0.73871124 0.9999843 0.99999] | [3018 383 279]
14 776 3 | [3766 1414 13] | [0.9975685 0.8880088 0.91962045] | [3766 1414 45205]
14 779 3 | [13 271 9764] | [0.99918616 0.9978281 0.988671] | [13 271 9764]
14 782 2 | [728 1353 1472] | [1 0.4174505 0.99079704] | [728 15060]
14 784 1 | [3286 279 3766] | [0.5164083 0.99015373 0.4062952] | [1301]
14 785 3 | [1472 279 3766] | [0.9931785 0.90530235 0.69077444] | [1472 279 45205]
14 788 3 | [310 1423 1928] | [0.98382866 0.8158241 0.69352704] | [310 1423 1928]
14 791 3 | [883 11308 22583] | [0.99998623 0.8262652 0.6740884] | [883 11308 37260]
14 794 3 | [5492 13 271] | [0.92095613 0.9564951 0.9982017] | [5492 13 271]
14 797 3 | [21765 1472 279] | [0.9501623 0.7854926 0.9950265] | [21765 1472 279]
14 800 3 | [45205 25 198] | [0.6965265 0.9952548 0.9544635] | [45205 25 198]
14 803 1 | [12 561 1118] | [0.73235327 0.90046 0.9154333] | [16]
14 804 2 | [13 561 1118] | [0.99992985 0.585669 0.9772674] | [13 5339]
14 806 3 | [20438 33194 22787] | [0.998076 0.82644635 0.993221] | [20438 33194 22787]
14 809 2 | [5492 471 6535] | [0.95431495 0.35507193 0.6241071] | [5492 303]
14 811 3 | [6535 11 8071] | [0.99818236 0.76560223 0.15695348] | [6535 11 2201]
14 814 3 | [11 9871 11] | [0.6744907 0.5238787 0.851312] | [11 9871 11]
14 817 3 | [321 63328 14488] | [0.94376487 0.3414725 0.998934] | [321 63328 6355]
14 820 3 | [13 198 17] | [0.7405871 0.9989871 1] | [13 198 17]
14 823 3 | [13 10130 20438] | [1 0.9999648 0.9987066] | [13 10130 20438]
14 826 3 | [33194 37260 318] | [0.95347464 0.997472 0.3839559] | [33194 37260 5492]
14 829 2 | [471 8071 11] | [0.5902717 0.9353821 0.96808535] | [471 32726]
14 831 2 | [8071 11 1478] | [0.99689496 0.9413161 0.9578026] | [8071 430]
14 833 1 | [6187 16359 11] | [0.5017865 0.9983282 0.88293004] | [264]
14 834 3 | [6187 16359 11] | [0.99459 0.99956656 0.8668665] | [6187 16359 314]
14 837 2 | [37260 11 1478] | [0.98730034 0.82742566 0.89443934] | [37260 318]
14 839 3 | [25863 3204 681] | [0.5676797 0.9999993 0.7463535] | [25863 3204 30864]
14 842 3 | [681 5440 430] | [0.9993761 0.54461175 0.9203536] | [681 5440 89242]
14 845 2 | [286 424 303] | [0.98780304 0.5023334 0.7733426] | [286 8071]
14 847 2 | [303 3665 314] | [0.94327146 0.47886142 0.9990723] | [303 2702]
14 849 3 | [4528 11 321] | [0.9999519 0.9993342 0.7258507] | [4528 11 1478]
14 852 3 | [16416 430 4688] | [0.99999917 0.7051158 0.7727442] | [16416 430 4688]
14 855 3 | [64704 16359 11] | [0.999695 0.9908978 0.49578893] | [64704 16359 314]
14 858 3 | [37260 321 5144] | [0.9951599 0.4535883 0.9999081] | [37260 321 7526]
14 861 3 | [16359 314 5144] | [0.9740281 0.999991 0.99998534] | [16359 314 5144]
14 864 1 | [52272 37260 13] | [0.6717477 0.9995378 0.908802] | [87618]
14 865 3 | [37260 13 1049] | [0.99987304 0.92798394 0.4418863] | [37260 13 1049]
14 868 1 | [1048 32726 2201] | [0.62241334 0.98678315 0.81720215] | [32726]
14 869 3 | [55232 1040 23608] | [0.5848395 0.80033696 0.9987322] | [55232 1040 23608]
14 872 3 | [11 24514 11] | [0.9999809 0.9999493 0.9999821] | [11 24514 11]
14 875 2 | [29831 48248 11] | [0.99524194 0.38293603 0.9926645] | [29831 80796]
14 877 3 | [11 321 13150] | [0.99957395 0.9742049 0.79706204] | [11 321 66103]
14 880 3 | [33053 364 26950] | [0.99999696 0.31196943 0.35843134] | [33053 364 1027]
14 883 3 | [10115 47049 13] | [0.99999946 0.99479127 0.94173807] | [10115 47049 1429]
14 886 1 | [364 26950 286] | [0.95400774 0.98292226 0.9956208] | [303]
14 887 1 | [26950 26847 13] | [0.88501877 0.44229674 0.98647046] | [85201]
14 888 3 | [13 1049 1048] | [0.9914651 0.6609646 0.6145716] | [13 1049 32726]
14 891 2 | [2201 30864 281] | [0.94596773 0.7732697 0.910875] | [2201 5134]
14 893 1 | [440 7999 11] | [0.53933674 0.9707888 0.9999891] | [7999]
14 894 3 | [11 1478 11920] | [0.9996605 0.99981546 0.99999684] | [11 1478 11920]
14 897 3 | [11 321 14935] | [0.9999919 0.9738724 0.998801] | [11 321 14935]
14 900 2 | [440 3349 30864] | [0.44853854 0.8848612 0.8567126] | [440 8094]
14 902 3 | [30864 281 33779] | [0.999833 0.999593 0.9999947] | [30864 281 33779]
14 905 3 | [13 198 18] | [0.61005604 0.995314 1] | [13 198 18]
14 908 3 | [13 20226 20438] | [1 0.99753195 0.97758806] | [13 20226 20438]
14 911 3 | [33194 63328 6355] | [0.9933911 0.4832391 0.48136258] | [33194 63328 6355]
14 914 3 | [12760 13 198] | [0.9930366 0.3966678 0.99999994] | [12760 13 198]
14 917 3 | [19 13 33914] | [0.99999964 0.99999976 0.9991334] | [19 13 33914]
14 920 3 | [20438 33194 22787] | [0.99940103 0.95634377 0.9897022] | [20438 33194 22787]
14 923 3 | [3712 303 6535] | [0.7274727 0.9979868 0.9907389] | [3712 303 6535]
14 926 2 | [15861 570 32992] | [0.7143624 0.9905283 0.82625854] | [15861 66947]
14 928 3 | [13 198 20] | [0.5400768 0.999986 1] | [13 198 20]
14 931 3 | [13 22132 20438] | [0.9999999 0.99853593 0.9613444] | [13 22132 20438]
14 934 2 | [33194 63328 4797] | [0.9903718 0.42650357 0.99990916] | [33194 16173]
14 936 3 | [579 63328 4797] | [0.99993855 0.9997464 0.9999771] | [579 63328 4797]
14 939 3 | [13 271 3928] | [0.99961394 0.99999124 0.49027702] | [13 271 3928]
14 942 2 | [314 279 45205] | [0.9999997 0.5523298 0.9761037] | [314 1439]
14 944 3 | [45205 6088 449] | [0.9998191 0.8999481 0.37303707] | [45205 6088 264]
14 947 3 | [6187 11308 16359] | [0.9846798 0.9997113 0.99395376] | [6187 11308 16359]
14 950 3 | [314 37260 13] | [0.9999884 0.9999435 0.99703974] | [314 37260 13]
14 953 2 | [561 20438 33194] | [0.99818194 0.43910316 0.2806299] | [561 1414]
14 955 1 | [32726 9871 303] | [0.5662936 0.92026573 0.32514653] | [33194]
14 956 1 | [37260 303 9871] | [0.40435436 0.73863924 0.79045016] | [9871]
14 957 1 | [579 22787 5492] | [0.8172604 0.7852316 0.5415772] | [303]
14 958 3 | [279 2193 314] | [0.6997323 0.99997413 0.99999917] | [279 2193 314]
14 961 2 | [22787 5492 318] | [0.9947992 0.54941 0.5172577] | [22787 6355]
14 963 1 | [318 1856 11308] | [0.6232158 0.579421 0.80253595] | [11]
14 964 1 | [694 1503 524] | [0.5681695 0.507905 0.9270762] | [524]
14 965 2 | [37260 13 561] | [0.9996456 0.8103822 0.8762041] | [37260 5492]
14 967 3 | [13 561 1414] | [0.9994087 0.78105783 0.6897536] | [13 561 37260]
14 970 1 | [1928 369 883] | [0.79230535 0.7077613 0.288709] | [9915]
14 971 1 | [32726 8071 11] | [0.41549063 0.9844658 0.97033745] | [22763]
14 972 3 | [383 8071 11] | [0.99991333 0.99906325 0.9959193] | [383 8071 11]
14 975 3 | [5440 11 321] | [0.99666125 0.99994427 0.78224576] | [5440 11 1478]
14 978 3 | [16416 11 321] | [0.9999995 0.9999178 0.99858224] | [16416 11 321]
14 981 2 | [279 2201 13] | [0.997216 0.8665193 0.97082263] | [279 3516]
14 983 3 | [4042 13 271] | [0.99996877 0.9538315 0.99989295] | [4042 13 271]
14 986 3 | [760 4087 369] | [0.79923743 0.9504096 0.5765193] | [760 4087 369]
14 989 3 | [421 279 3766] | [0.927392 0.8604958 0.9736299] | [421 279 3766]
14 992 3 | [1414 1503 524] | [0.9334535 0.99227035 0.9991498] | [1414 1503 524]
14 995 3 | [6435 1928 883] | [0.88889253 0.9925276 0.9999378] | [6435 1928 883]
14 998 1 | [264 6187 11308] | [0.6179295 0.9984179 0.99997663] | [279]
14 999 3 | [6187 11308 16359] | [0.9997741 0.9997179 0.9992432] | [6187 11308 16359]
14 1002 3 | [314 37260 13] | [0.99999744 0.99996185 0.99617034] | [314 37260 13]
14 1005 3 | [353 1220 5862] | [0.51067156 0.99754274 0.4353988] | [353 1220 5862]
14 1008 3 | [279 1156 421] | [0.99998987 0.99997 0.9880242] | [279 1156 421]
14 1011 3 | [411 1928 369] | [0.92270344 0.9990514 0.9992124] | [411 1928 369]
14 1014 3 | [524 2945 303] | [0.99997044 0.73323226 0.99999547] | [524 2945 303]
14 1017 3 | [279 2574 45205] | [0.99990565 0.5501944 0.93978226] | [279 2574 45205]
14 1020 3 | [13 198 510] | [0.99975973 0.9997419 0.84657454] | [13 198 248069]
14 1023 3 | [271 27775 383] | [1 0.8140804 0.99999493] | [271 27775 383]
14 1026 3 | [279 3766 45205] | [0.99999654 0.99674255 0.76236695] | [279 3766 45205]
14 1029 3 | [11 1017 369] | [0.9999836 0.7030936 0.9999958] | [11 1017 369]
14 1032 2 | [874 1928 883] | [0.964144 0.9313752 0.9713075] | [874 6088]
14 1034 3 | [314 264 6187] | [0.99997723 0.90350115 0.9964101] | [314 264 6187]
14 1037 3 | [11308 16359 314] | [0.9995092 0.999371 0.9999967] | [11308 16359 314]
14 1040 3 | [37260 13 561] | [0.9999432 0.9999786 0.99862534] | [37260 13 561]
14 1043 3 | [1414 33194 37260] | [0.9864551 0.9795731 0.9579736] | [1414 33194 9871]
14 1046 1 | [303 279 2193] | [0.7116788 0.87364256 0.99936503] | [1132]
14 1047 3 | [303 279 2193] | [0.99995106 0.968315 0.9998191] | [303 279 2193]
14 1050 3 | [314 2972 66] | [0.99999934 0.6321532 0.9999198] | [314 2972 66]
14 1053 3 | [16387 332 6355] | [0.96324664 0.9338843 0.43640766] | [16387 332 6355]
14 1056 2 | [318 68 1257] | [0.8799105 0.27584824 0.99997276] | [318 1856]
14 1058 2 | [286 22787 553] | [0.9311045 0.35907528 0.33053723] | [286 9871]
14 1060 2 | [579 4191 314] | [0.9925303 0.91262686 0.99090856] | [579 393]
14 1062 3 | [17 13 16] | [0.99506396 0.9999592 0.9999768] | [17 13 16]
14 1065 3 | [6873 303 6416] | [0.9998694 0.9944813 0.92068267] | [6873 303 22787]
14 1068 3 | [6416 321 393] | [0.80066663 0.9717584 0.3048303] | [6416 321 421]
14 1071 3 | [1141 4191 314] | [0.98849726 0.976586 0.9977186] | [1141 4191 314]
14 1074 3 | [279 22787 6355] | [0.8354124 0.9712785 0.99977314] | [279 22787 6355]
14 1077 1 | [682 33472 2394] | [0.8853995 0.99977577 0.9978715] | [33472]
14 1078 3 | [2394 220 16] | [0.99944437 0.99999875 1] | [2394 220 16]
14 1081 3 | [24 23 15] | [1 1 0.99999994] | [24 23 15]
14 1084 3 | [553 561 37260] | [0.96949923 0.7706345 0.7992747] | [553 561 37260]
14 1087 2 | [9915 22763 383] | [0.5221924 0.49994326 0.99993366] | [9915 303]
14 1089 3 | [279 45205 22763] | [0.99949074 0.89549136 0.5395799] | [279 45205 22763]
14 1092 3 | [383 2972 46435] | [0.9993075 0.99437135 0.99985564] | [383 2972 46435]
14 1095 3 | [332 318 64] | [0.9560464 0.9914515 0.5747331] | [332 318 20028]
14 1098 3 | [16359 314 8490] | [0.9732816 0.9001072 0.98962635] | [16359 314 8490]
14 1101 3 | [3204 37260 681] | [0.9999926 0.70058054 0.9774256] | [3204 37260 681]
14 1104 3 | [2972 21591 332] | [0.99953693 0.99917215 0.9999777] | [2972 21591 332]
14 1107 3 | [318 68 549] | [0.9999494 0.6055812 0.998877] | [318 68 549]
14 1110 3 | [2978 286 8071] | [0.98053855 0.9195175 0.99884236] | [2978 286 8071]
14 1113 3 | [303 2702 4528] | [0.9916314 0.94825065 0.99986845] | [303 2702 4528]
14 1116 2 | [681 321 2972] | [0.9990921 0.8561399 0.9997016] | [681 2972]
14 1118 3 | [3446 16416 332] | [0.999955 0.9999998 0.9999789] | [3446 16416 332]
14 1121 3 | [318 30686 64704] | [0.99997854 0.99780905 0.9995175] | [318 30686 64704]
14 1124 1 | [16359 321 7526] | [0.9303329 0.46342054 0.9991608] | [37260]
14 1125 3 | [16359 321 7526] | [0.999916 0.53975415 0.9983585] | [16359 321 7526]
14 1128 1 | [16359 314 5144] | [0.7047335 0.9999962 0.9999683] | [5144]
14 1129 1 | [2634 37260 16359] | [0.267266 0.97265786 0.99949515] | [87618]
14 1130 3 | [37260 16359 681] | [0.9888301 0.99875236 0.999372] | [37260 16359 681]
14 1133 3 | [321 279 2972] | [0.99998647 0.99314517 0.7073412] | [321 279 2972]
14 1136 3 | [21675 4042 332] | [0.9990138 0.99995184 0.9999275] | [21675 4042 332]
14 1139 3 | [318 48538 11] | [0.994658 0.87324077 0.9999166] | [318 48538 11]
14 1142 3 | [1478 11920 11] | [0.99999624 0.99998873 0.9999977] | [1478 11920 11]
14 1145 3 | [321 14935 553] | [0.97152257 0.99977726 0.6606362] | [321 14935 30864]
14 1148 3 | [281 33779 553] | [0.99917156 0.99998194 0.9892099] | [281 33779 553]
14 1151 3 | [271 760 4087] | [0.749835 0.53992724 0.5829575] | [271 760 1928]
14 1154 1 | [488 3766 1503] | [0.47109726 0.54572564 0.96894133] | [883]
14 1155 1 | [279 6187 11308] | [0.70205003 0.9985322 0.99995303] | [264]
14 1156 3 | [6187 11308 37260] | [0.9993901 0.99964523 0.89649457] | [6187 11308 37260]
14 1159 3 | [16359 369 524] | [0.99990255 0.94058305 0.8985516] | [16359 369 524]
14 1162 3 | [12613 303 279] | [0.77192605 0.9858268 0.83345014] | [12613 303 279]
14 1165 3 | [2574 1414 13] | [0.8499619 0.95712733 0.9998864] | [2574 1414 13]
14 1168 1 | [198 6391 8839] | [0.29014778 0.39817736 0.99051946] | [248046]
14 1586 3 | [198 760 1156] | [0.743404 0.9999341 0.9999969] | [198 760 1156]
14 1589 3 | [6587 728 310] | [0.98750955 0.9999996 0.9999576] | [6587 728 310]
14 1592 3 | [29249 6236 4276] | [0.6769368 0.92220825 0.99975526] | [29249 6236 4276]
14 1595 3 | [494 264 3379] | [0.4756987 0.97853386 0.63875973] | [494 264 8193]
14 1598 3 | [18504 19040 3379] | [0.9984671 0.99971956 0.5114178] | [18504 19040 3379]
14 1601 2 | [9524 11 14037] | [0.9983776 0.46587846 0.9148465] | [9524 383]
14 1603 3 | [6443 220 16] | [0.99939907 0.9999999 0.99999994] | [6443 220 16]
14 1606 3 | [23 11 220] | [0.9999992 0.99999785 0.999999] | [23 11 220]
14 1609 3 | [17 15 17] | [1 1 0.9999849] | [17 15 17]
14 1612 3 | [19 11 430] | [1 0.9174076 0.3639027] | [19 11 303]
14 1615 3 | [264 3443 14037] | [0.95541835 0.9903958 0.99871314] | [264 3443 14037]
14 1618 3 | [430 5604 3558] | [0.57041824 0.6288863 0.99963987] | [430 5604 3558]
14 1621 3 | [364 3379 18652] | [0.99999964 0.9840635 0.9980126] | [364 3379 18652]
14 1624 2 | [13 6558 728] | [0.99998945 0.4765218 0.9999999] | [13 353]
14 1626 3 | [1144 310 5759] | [0.998237 0.99999994 0.8237851] | [1144 310 5759]
14 1629 3 | [411 43434 11] | [0.96218365 0.6506228 0.758436] | [411 43434 11]
14 1632 1 | [17661 660 279] | [0.3093141 0.78232116 0.9487217] | [38460]
14 1633 1 | [279 1328 1928] | [0.73609227 0.9974507 0.7674045] | [660]
14 1634 1 | [279 1328 3387] | [0.9039274 0.9971725 0.72284627] | [1328]
14 1635 3 | [3387 494 279] | [0.7364367 0.6695907 0.9969198] | [3387 494 1754]
14 1638 1 | [3296 321 4087] | [0.7925095 0.6008179 0.9526151] | [1167]
14 1639 2 | [33862 1345 19720] | [0.9999522 0.5297374 0.8525031] | [33862 3669]
14 1641 3 | [1345 19720 264] | [0.8302885 0.76232374 0.46382314] | [1345 19720 264]
14 1644 3 | [15440 11 3379] | [0.9303151 0.82213753 0.33977026] | [15440 11 3813]
14 1647 2 | [15754 14037 364] | [0.9960311 0.9504839 0.9989601] | [15754 8053]
14 1649 2 | [364 264 3379] | [0.9999729 0.49161097 0.99730825] | [364 3379]
14 1651 2 | [4722 7009 13] | [0.7730865 0.5787853 0.9999973] | [4722 5604]
14 1653 3 | [3558 13 271] | [0.69927955 0.9999983 0.99991673] | [3558 13 271]
14 1656 3 | [9764 728 29249] | [0.99984354 1 0.76670563] | [9764 728 29249]
14 1659 2 | [411 1083 264] | [0.8557442 0.45656544 0.94464374] | [411 539]
14 1661 3 | [25 198 16] | [0.97423726 0.9999996 0.9210069] | [25 198 16]
14 1664 3 | [13 11760 1928] | [0.9999995 0.70496154 0.7001081] | [13 11760 1928]
14 1667 3 | [318 993 11] | [0.6592837 0.6111747 0.9999916] | [318 993 11]
14 1670 3 | [26997 11 20777] | [0.3085602 0.9986164 0.7094765] | [26997 11 3443]
14 1673 3 | [8 198 17] | [0.99973994 0.9999976 0.99999994] | [8 198 17]
14 1676 2 | [13 5141 1167] | [0.9999412 0.5482656 0.44168806] | [13 8618]
14 1678 2 | [8282 303 264] | [0.6306768 0.4672466 0.52900374] | [8282 430]
14 1680 3 | [264 8387 3644] | [0.9969368 0.553645 0.8018311] | [264 8387 3644]
14 1683 2 | [440 1328 3387] | [0.76962245 0.6378166 0.7542839] | [440 2708]
14 1685 1 | [5759 198 18] | [0.31443223 0.9998003 1] | [67100]
14 1686 3 | [198 18 13] | [0.99968535 0.9999999 0.999989] | [198 18 13]
14 1689 3 | [5141 3387 494] | [0.9317487 0.5059857 0.3234252] | [5141 3387 66307]
14 1692 1 | [364 1754 198] | [0.3159755 0.99929935 0.46083477] | [303]
14 1693 3 | [264 31838 3443] | [0.95332074 0.87732375 0.4188453] | [264 31838 11233]
14 1696 3 | [198 19 13] | [0.9974249 0.99999976 0.9999998] | [198 19 13]
14 1699 1 | [41468 1988 279] | [0.36649895 0.99946576 0.7870839] | [83392]
14 1700 1 | [3813 15754 6600] | [0.35918605 0.59008056 0.61395746] | [279]
14 1701 2 | [3813 15754 321] | [0.838531 0.6554816 0.8361321] | [3813 32404]
14 1703 3 | [3992 321 15754] | [0.5509168 0.3782795 0.7872549] | [3992 321 15754]
14 1706 3 | [198 20 13] | [0.61510974 0.9999379 0.99999976] | [198 20 13]
14 1709 1 | [7170 424 14037] | [0.33351606 0.99885243 0.9841864] | [28320]
14 1710 1 | [279 3443 369] | [0.41929406 0.575625 0.99847907] | [660]
14 1711 1 | [1928 369 16508] | [0.71860254 0.9994358 0.7105996] | [57879]
14 1712 1 | [1928 369 16508] | [0.8783888 0.9754573 0.5324904] | [3447]
14 1713 3 | [513 32471 271] | [0.6928443 0.7887094 0.67323333] | [513 32471 28299]
14 1716 3 | [271 40 3172] | [0.8425284 0.91967803 0.9900989] | [271 40 3172]
14 1719 1 | [3165 411 303] | [0.5006946 0.9430573 0.98818487] | [5759]
14 1720 3 | [424 430 264] | [0.95536155 0.51640284 0.68106943] | [424 430 264]
14 1723 2 | [15440 3379 4722] | [0.5079002 0.57132256 0.80423874] | [15440 6236]
14 1725 3 | [4276 2128 421] | [0.98774165 0.9761419 0.6859997] | [4276 2128 421]
14 1728 3 | [1362 8418 430] | [0.66062367 0.7735022 0.9994024] | [1362 8418 430]
14 1731 1 | [264 5604 364] | [0.47016937 0.69157344 0.98740417] | [5604]
14 1732 2 | [364 3379 18652] | [0.705529 0.7271645 0.7972052] | [364 55956]
14 1734 3 | [3379 18652 13] | [0.9954162 0.9966556 0.9806703] | [3379 18652 13]
14 1737 2 | [198 22749 198] | [0.99998814 0.71412086 0.9941723] | [198 248069]
14 1739 3 | [271 2 28107] | [1 0.99674135 0.16809039] | [271 2 28107]
14 1742 2 | [39645 25 8193] | [0.9993145 0.48047817 0.43251362] | [39645 271]
14 1744 1 | [332 56650 19040] | [0.78916913 0.37756422 0.99974746] | [550]
14 1745 3 | [18504 19040 2989] | [0.93028724 0.99985987 0.9951297] | [18504 19040 2989]
14 1748 3 | [7690 8716 8302] | [0.99995154 0.9950798 0.7636268] | [7690 8716 8302]
14 1751 1 | [604 1068 579] | [0.7953811 0.61864084 0.9979878] | [84292]
14 1752 3 | [579 27858 8185] | [0.9844083 0.99772596 0.9993465] | [579 27858 8185]
14 1755 2 | [14442 198 332] | [0.9999705 0.8556287 0.9934251] | [14442 271]
14 1757 3 | [332 1851 64700] | [0.9966204 0.9867351 0.99745035] | [332 1851 64700]
14 1760 3 | [6443 220 16] | [0.9994038 0.99999917 0.99999946] | [6443 220 16]
14 1763 3 | [23 11 220] | [0.99999917 0.99998856 0.9999918] | [23 11 220]
14 1766 3 | [17 15 17] | [1 0.99999994 0.99999994] | [17 15 17]
14 1769 3 | [19 198 332] | [1 0.951402 0.99999493] | [19 198 332]
14 1772 3 | [6205 7690 8716] | [0.51399153 0.9994815 0.99991715] | [6205 7690 8716]
14 1775 3 | [64700 8302 33631] | [0.99989736 0.9998467 0.36105528] | [64700 8302 84292]
14 1778 3 | [198 332 3925] | [0.3791801 0.9999957 0.8503878] | [198 332 3925]
14 1781 3 | [64700 27858 8185] | [0.99998796 0.9977041 0.94834566] | [64700 27858 8185]
14 1784 3 | [14442 318 48] | [0.9987255 0.564235 0.3496424] | [14442 318 48]
14 1787 2 | [33862 8891 8] | [0.9995925 0.57794285 0.9992549] | [33862 8]
14 1789 3 | [198 332 3925] | [0.864017 0.99983644 0.14058939] | [198 332 82105]
14 1792 2 | [64700 14963 16699] | [0.9988516 0.33755815 0.46366194] | [64700 1690]
14 1794 1 | [16699 593 8185] | [0.6514251 0.48373124 0.87473494] | [8185]
14 1795 3 | [16870 16699 9926] | [0.9878976 0.9946011 0.38459545] | [16870 16699 271]
14 1798 3 | [4277 271 550] | [0.99996346 0.9999999 0.9840548] | [4277 271 550]
14 1801 3 | [353 13 55632] | [0.96288335 0.99995494 0.36500934] | [353 13 220]
14 1804 3 | [17 20 337] | [0.99976784 0.9999954 0.9998883] | [17 20 337]
14 1807 3 | [45233 314 7166] | [0.9983527 0.9995671 0.9983744] | [45233 314 7166]
14 1810 3 | [3331 579 3301] | [0.99998355 0.99991536 0.9987414] | [3331 579 3301]
14 1813 2 | [310 279 20398] | [0.9979495 0.79294854 0.9994933] | [310 5440]
14 1815 1 | [1892 7166 3331] | [0.3354559 0.98591965 0.9998104] | [318]
14 1816 1 | [56650 18142 594] | [0.51028657 0.42610282 0.6355349] | [34]
14 1817 3 | [1123 53 8] | [0.9999396 0.99999976 0.8781198] | [1123 53 8]
14 1820 3 | [271 332 1536] | [0.99996257 0.9978593 0.96496695] | [271 332 8441]
14 1823 3 | [64700 7166 3331] | [0.9982601 0.992812 0.9999847] | [64700 7166 3331]
14 1826 3 | [668 17836 1141] | [0.5330485 0.9968448 0.9944506] | [668 17836 1141]
14 1829 3 | [220 17 20] | [0.999938 0.999999 1] | [220 17 20]
14 1832 3 | [337 20921 314] | [0.9999726 0.9970612 0.9999541] | [337 20921 314]
14 1835 3 | [460 310 279] | [0.99944067 0.85154665 0.77744585] | [460 310 5440]
14 1838 3 | [383 6443 220] | [0.9997089 0.99989 0.9999958] | [383 6443 220]
14 1841 3 | [17 15 11] | [0.9999993 0.99999547 0.93987006] | [17 15 11]
14 1844 3 | [220 17 15] | [0.9998886 0.9999996 0.99999946] | [220 17 15]
14 1847 3 | [17 19 13] | [0.99996626 0.9999841 0.9988764] | [17 19 13]
14 1850 3 | [271 332 1536] | [0.92775476 0.9743203 0.93216485] | [271 332 1536]
14 1853 3 | [20098 64700 271] | [0.75990176 0.7490855 0.9700776] | [20098 64700 271]
14 1856 2 | [12 2972 26597] | [0.9955888 0.65507424 0.29981658] | [12 561]
14 1858 3 | [6380 314 328] | [0.79943895 0.9999486 0.9997937] | [6380 314 328]
14 1861 3 | [3833 13702 11] | [0.9998968 0.9999963 1] | [3833 13702 11]
14 1864 3 | [8771 14486 1] | [0.9999672 0.9999974 0.9976307] | [8771 14486 1]
14 1867 3 | [440 7166 3331] | [0.99959004 0.9996862 0.99999917] | [440 7166 3331]
14 1870 3 | [16935 682 16496] | [0.9999864 0.9963491 0.9978135] | [16935 682 16496]
14 1873 3 | [22094 2316 888] | [0.9716526 0.99859595 0.7549656] | [22094 2316 888]
14 1876 3 | [220 17 20] | [0.85704166 0.9999985 0.9999996] | [220 17 20]
14 1879 3 | [1578 13 198] | [0.99967796 0.93046874 0.9865107] | [1578 13 198]
14 1882 3 | [12 60090 1906] | [0.9999468 0.71459365 0.96285236] | [12 60090 1906]
14 1885 3 | [9272 539 279] | [0.77270657 0.9809325 0.94702804] | [9272 539 279]
14 1888 3 | [17055 321 279] | [0.9995622 0.9999629 0.8065769] | [17055 321 279]
14 1891 3 | [14204 7271 682] | [0.9995395 0.99988484 0.72474885] | [14204 7271 682]
14 1894 3 | [978 30483 9272] | [0.99985754 0.9998343 0.9934144] | [978 30483 9272]
14 1897 2 | [26 6739 4257] | [0.91616815 0.5830496 0.9964702] | [26 8322]
14 1899 1 | [682 7633 17958] | [0.41687644 0.9881343 0.9960988] | [7633]
14 1900 2 | [17958 11 61502] | [0.9986695 0.7900428 0.70433354] | [17958 26]
14 1902 2 | [61502 321 3471] | [0.8435683 0.7859724 0.5694081] | [61502 12573]
14 1904 3 | [26 7975 17244] | [0.99781215 0.8412131 0.9910047] | [26 7975 17244]
14 1907 3 | [1181 321 14733] | [0.9998198 0.9997352 0.9999874] | [1181 321 14733]
14 1910 2 | [13 198 12] | [0.9999601 0.73041373 0.99994797] | [13 271]
14 1912 2 | [332 1536 2791] | [0.9872587 0.8806128 0.39787567] | [332 44]
14 1914 3 | [14667 579 18504] | [0.8851621 0.9492011 0.34025988] | [14667 579 18504]
14 1917 3 | [18142 321 22782] | [0.75431573 0.8511799 0.8637867] | [18142 321 70237]
14 1920 3 | [39767 12120 318] | [0.967314 0.9999946 0.82927513] | [39767 12120 64700]
14 1923 2 | [271 12 7166] | [0.51047176 0.66057074 0.87753457] | [271 91]
14 1925 3 | [61456 735 39767] | [0.50377214 0.99867547 0.46221483] | [61456 735 2791]
14 1928 3 | [735 198 91] | [0.9949557 0.99999803 0.9999981] | [735 198 91]
14 1931 3 | [17549 91 16077] | [0.55464804 0.99999994 0.9998577] | [17549 91 16077]
14 1934 3 | [91 198 91] | [0.9999994 1 1] | [91 198 91]
14 1937 3 | [6953 10781 594] | [0.9907636 0.9429741 0.4057016] | [6953 10781 17458]
14 1940 1 | [3570 3844 29320] | [0.60879254 0.99266136 0.8656913] | [89484]
14 1941 2 | [29320 303 735] | [0.73783267 0.9251295 0.9992461] | [29320 735]
14 1943 3 | [5875 220 16] | [0.5529066 0.996931 1] | [5875 220 16]
14 1946 3 | [24 15 735] | [0.9999998 0.99999887 0.99655133] | [24 15 735]
14 1949 3 | [198 91 41903] | [0.999998 0.9998959 0.97425187] | [198 91 41903]
14 1952 3 | [12217 14 25803] | [0.9998423 0.624789 0.6920612] | [12217 14 90312]
14 1955 3 | [10020 12 1082] | [0.99999493 0.9999998 0.97353065] | [10020 12 74443]
14 1958 2 | [5656 14 55774] | [0.74420655 0.7378823 0.99986994] | [5656 594]
14 1960 3 | [13211 735 220] | [0.99975854 0.99984795 0.9997851] | [13211 735 220]
14 1963 3 | [16 19 22] | [0.9999988 1 0.99999934] | [16 19 22]
14 1966 3 | [735 198 91] | [0.98770773 0.9999999 0.99997455] | [735 198 91]
14 1969 3 | [21475 41520 36646] | [0.9929032 0.9999992 0.36796087] | [21475 41520 72806]
14 1972 1 | [318 31864 8] | [0.25281656 0.7990326 0.9332323] | [430]
14 1973 2 | [4464 735 5875] | [0.99793124 0.99678457 0.99845546] | [4464 310]
14 1975 3 | [735 5875 220] | [0.99980015 0.9998198 0.9999877] | [735 5875 220]
14 1978 3 | [22 20 15] | [0.9999996 1 0.99999994] | [22 20 15]
14 1981 3 | [735 198 91] | [0.99999535 0.9999999 0.9997462] | [735 198 91]
14 1984 1 | [36800 18585 18881] | [0.529405 0.99905956 0.99733794] | [4449]
14 1985 2 | [55838 440 6988] | [0.99998695 0.7771443 0.99982876] | [55838 8239]
14 1987 3 | [440 6988 5656] | [0.9999754 0.99441975 0.9986239] | [440 6988 5656]
14 1990 3 | [735 46951 220] | [0.99953413 0.98507696 0.9996264] | [735 46951 220]
14 1993 3 | [21 15 735] | [0.99999815 1 0.9993413] | [21 15 735]
14 1996 3 | [198 91 21846] | [0.99999857 0.99975866 0.98612654] | [198 91 80466]
14 1999 2 | [6739 2805 42011] | [0.98876196 0.4663646 0.99998647] | [6739 594]
14 2001 3 | [12387 19213 440] | [0.9995662 0.99790865 0.9331036] | [12387 19213 440]
14 2004 3 | [5656 14 55774] | [0.9493148 0.6059026 0.99984044] | [5656 14 55774]
14 2007 3 | [735 5875 220] | [0.99963593 0.94754636 0.9999959] | [735 5875 220]
14 2010 3 | [16 17 15] | [0.99999976 1 0.9999987] | [16 17 15]
14 2013 3 | [735 198 91] | [0.9999608 0.99999946 0.9999791] | [735 198 91]
14 2016 3 | [45692 9432 735] | [0.99776006 0.9985399 0.9830934] | [45692 9432 735]
14 2019 3 | [220 16 18] | [0.9993664 0.9999998 1] | [220 16 18]
14 2022 3 | [735 198 91] | [0.98922783 0.9999549 0.99998486] | [735 198 91]
14 2025 3 | [220 17 15] | [0.46772474 0.9999412 0.99999976] | [220 17 15]
14 2028 3 | [17 18 1120] | [0.99999994 0.9999989 0.92266107] | [17 18 1120]
14 2031 2 | [64686 7867 440] | [0.9860132 0.9101536 0.9987357] | [64686 440]
14 2033 3 | [31801 321 9254] | [0.99987704 0.9826734 0.9999041] | [31801 321 9254]
14 2036 3 | [5656 735 46951] | [0.9994187 0.9181943 0.98393047] | [5656 735 46951]
14 2039 3 | [220 18 15] | [0.95058835 0.99994975 1] | [220 18 15]
14 2042 2 | [6873 423 8152] | [0.99922806 0.9831634 0.9999998] | [6873 69827]
14 2044 2 | [318 8286 8] | [0.99584395 0.9192564 0.97057587] | [318 42005]
14 2046 3 | [908 3150 8] | [0.99999076 0.9998739 0.999969] | [908 3150 8]
14 2049 3 | [735 198 91] | [0.99998564 0.63378453 0.9994921] | [735 198 91]
14 2052 3 | [17017 364 21846] | [0.72537625 0.9974267 0.98674345] | [17017 364 21846]
14 2055 3 | [321 16706 3422] | [0.88135284 0.9998423 0.9522591] | [321 16706 70237]
14 2058 3 | [1881 5440 321] | [0.8803419 0.99999124 0.991323] | [1881 5440 321]
14 2061 3 | [40790 59127 51935] | [0.9984049 0.9831556 0.9784492] | [40790 59127 51935]
14 2064 1 | [318 1030 1516] | [0.49965417 0.83959496 0.99884534] | [735]
14 2065 1 | [15628 290 220] | [0.4757935 0.9989702 0.85763896] | [220]
14 2066 3 | [21 12360 518] | [0.99982065 0.9859212 0.9999926] | [21 12360 518]
14 2069 3 | [36271 478 220] | [0.99795073 0.92781466 0.9989373] | [36271 478 220]
14 2072 3 | [16 3175 12360] | [0.99999493 0.9998664 0.99926955] | [16 3175 12360]
14 2075 3 | [518 6236 5467] | [0.999999 0.9833791 0.7972816] | [518 6236 20367]
14 2078 3 | [735 271 332] | [0.9888262 0.9363918 0.9836565] | [735 271 332]
14 2081 3 | [32532 16061 1052] | [0.56837165 0.79623795 0.99953973] | [32532 16061 1052]
14 2084 2 | [64700 328 1797] | [0.5538055 0.87900335 0.9999751] | [64700 77989]
14 2086 3 | [23502 4170 314] | [0.9992994 0.999897 0.9999843] | [23502 4170 314]
14 2089 1 | [17827 41328 26] | [0.39438808 0.31387973 0.75119513] | [166892]
14 2090 3 | [16476 26 328] | [0.99922544 0.94245 0.76803356] | [16476 26 6127]
14 2093 3 | [14115 4170 314] | [0.99996454 0.9999871 0.9999982] | [14115 4170 314]
14 2096 3 | [19775 26 6886] | [0.999996 0.9999665 0.999852] | [19775 26 6886]
14 2099 3 | [380 5314 4170] | [0.9999999 0.9999801 0.9999626] | [380 5314 4170]
14 2102 3 | [303 13229 26] | [0.9999941 0.9999945 0.9999928] | [303 13229 26]
14 2105 3 | [6886 7773 17101] | [0.99998736 0.9999967 0.9985686] | [6886 7773 17101]
14 2108 3 | [4170 26 328] | [0.99999315 0.91716486 0.54192495] | [4170 26 328]
14 2111 3 | [47341 291 14066] | [0.9997012 0.9999999 0.99998873] | [47341 291 14066]
14 2114 3 | [314 7166 3331] | [0.99999887 0.99997854 0.99998915] | [314 7166 3331]
14 2117 3 | [1 1583 16917] | [0.9999425 0.9861188 0.9999998] | [1 1583 16917]
14 2120 3 | [383 279 4196] | [0.99985504 0.89469665 0.9976513] | [383 279 4196]
14 2123 3 | [32043 1697 13] | [0.9999496 0.999958 0.996089] | [32043 1697 13]
14 2126 3 | [271 332 1536] | [0.99998057 0.9997866 0.38298497] | [271 332 25095]
14 2129 3 | [29261 21085 64700] | [0.8279257 0.74695754 0.99699986] | [29261 21085 64700]
14 2132 3 | [2985 3619 1761] | [0.7933202 0.958736 0.9995179] | [2985 3619 1761]
14 2135 1 | [314 279 8358] | [0.5050621 0.99966234 0.99415797] | [494]
14 2136 3 | [279 8358 2936] | [0.99634975 0.9977388 0.99986356] | [279 8358 2936]
14 2139 3 | [321 48331 5440] | [0.9614786 0.9971996 0.96875226] | [321 48331 5440]
14 2142 3 | [11 321 279] | [0.9987965 0.9438314 0.46512318] | [11 321 9978]
14 2145 3 | [8601 314 279] | [0.999798 0.9799108 0.99864924] | [8601 314 279]
14 2148 3 | [7166 3331 13244] | [0.96857166 0.9999096 0.45060706] | [7166 3331 66452]
14 2151 3 | [2936 321 660] | [0.96515334 0.9992108 0.9969913] | [2936 321 660]
14 2154 3 | [24699 11 7166] | [0.99993736 0.5864863 0.999226] | [24699 11 7166]
14 2157 3 | [3331 668 2962] | [0.99998385 0.92448664 0.99899125] | [3331 668 2962]
14 2160 3 | [310 3165 491] | [0.9881209 0.9990693 0.99970806] | [310 3165 491]
14 2163 3 | [19149 28665 303] | [0.8331177 0.9999151 0.9870962] | [19149 28665 303]
14 2166 3 | [328 3833 13702] | [0.8589234 0.999954 0.9999941] | [328 3833 13702]
14 2169 3 | [11 8771 14486] | [0.99999934 0.99997586 0.9999113] | [11 8771 14486]
14 2172 3 | [1 321 4473] | [0.99404347 0.99889815 0.95321614] | [1 321 4473]
14 2175 3 | [7974 786 1141] | [0.9997752 0.99991745 0.9999019] | [7974 786 1141]
14 2178 3 | [16513 430 449] | [0.9846725 0.99994713 0.99812293] | [16513 430 449]
14 2181 3 | [6286 2197 52498] | [0.99994296 0.99990314 0.9999996] | [6286 2197 52498]
14 2184 3 | [13 271 4277] | [0.99998873 0.9999711 0.99830717] | [13 271 4277]
14 2187 3 | [271 550 7696] | [0.99999994 0.9999999 0.99999154] | [271 550 7696]
14 2190 3 | [13 533 782] | [0.9999977 0.9836278 0.9999995] | [13 533 782]
14 2193 2 | [13 31187 39961] | [0.99966514 0.2924257 0.31520584] | [13 37101]
14 2195 1 | [31187 39961 2399] | [0.6113222 0.9416333 0.9916116] | [69522]
14 2196 1 | [383 31187 39961] | [0.7980758 0.62319326 0.7019507] | [39961]
14 2197 3 | [823 286 533] | [0.99892986 0.9999893 0.92031604] | [823 286 74261]
14 2200 3 | [303 5440 318] | [0.99972814 0.99939245 0.9993772] | [303 5440 318]
14 2203 3 | [34688 8 271] | [0.99961996 0.99997246 0.9999878] | [34688 8 271]
14 2206 3 | [332 8441 64700] | [0.9999937 0.99225265 0.9999987] | [332 8441 64700]
14 2209 1 | [533 782 13] | [0.55462545 0.9999955 0.99998385] | [561]
14 2210 3 | [533 782 13] | [0.99998283 0.99997705 0.9999956] | [533 782 13]
14 2213 3 | [7741 668 6695] | [0.9999758 0.6435772 0.99992466] | [7741 668 6695]
14 2216 1 | [303 279 4840] | [0.5574586 0.98434454 0.99841505] | [383]
14 2217 3 | [12856 310 8623] | [0.9840262 0.8853444 0.7581611] | [12856 310 8623]
14 2220 3 | [533 782 13] | [0.9982281 0.99999887 0.9999882] | [533 782 13]
14 2223 3 | [21115 303 5440] | [0.9994242 0.9999934 0.9999015] | [21115 303 5440]
14 2226 3 | [11 22451 16376] | [0.99926054 0.97562695 0.9875193] | [11 22451 5269]
14 2229 1 | [16376 321 2583] | [0.6380062 0.9998816 0.98536104] | [8889]
14 2230 3 | [16376 321 2583] | [0.99972576 0.9985717 0.93120396] | [16376 321 2583]
14 2233 1 | [18576 5265 310] | [0.71962166 0.5368144 0.9999995] | [5440]
14 2234 3 | [13505 5145 4610] | [0.9999908 0.972744 0.999438] | [13505 5145 4610]
14 2237 3 | [18576 13 271] | [0.99449927 0.9997758 0.9999896] | [18576 13 271]
14 2240 2 | [332 21591 579] | [0.99999064 0.73006076 0.9999618] | [332 1536]
14 2242 3 | [20098 64700 271] | [0.90134865 0.99508333 0.99996936] | [20098 64700 271]
14 2245 3 | [12 5440 33436] | [0.9999933 0.9872092 0.9971223] | [12 5440 33436]
14 2248 3 | [782 13 6739] | [0.9999919 0.99999905 0.99987537] | [782 13 6739]
14 2251 3 | [321 6355 22328] | [0.99927866 0.99992335 0.9999531] | [321 6355 22328]
14 2254 3 | [369 50713 22957] | [0.9999688 0.997397 0.999993] | [369 50713 22957]
14 2257 3 | [321 7328 2107] | [0.9429178 0.8899508 0.99786] | [321 7328 2107]
14 2260 3 | [30404 13 198] | [0.9999317 0.99966604 0.99999595] | [30404 13 198]
14 2263 3 | [12 5875 23819] | [0.99999124 0.9450056 0.999517] | [12 5875 23819]
14 2266 3 | [4694 5145 4610] | [0.96578914 0.99914086 0.99992627] | [4694 5145 4610]
14 2269 3 | [18369 321 19820] | [0.98336285 0.9164569 0.91584814] | [18369 321 74484]
14 2272 3 | [6611 28671 310] | [0.99959534 0.9629614 0.7856016] | [6611 28671 310]
14 2275 3 | [4472 6739 321] | [0.9563872 0.9968363 0.9576651] | [4472 6739 321]
14 2278 3 | [6355 28051 364] | [0.99996954 0.99757946 0.94666624] | [6355 28051 364]
14 2281 3 | [4788 9602 48624] | [0.99990875 0.99998397 0.9845141] | [4788 9602 48624]
14 2284 1 | [25 198 220] | [0.3745008 0.99885434 0.99999917] | [15694]
14 2285 3 | [314 2981 8322] | [0.99933267 0.99931383 0.99889356] | [314 2981 8322]
14 2288 3 | [11 6415 10391] | [0.9999784 0.99999475 0.99999356] | [11 6415 10391]
14 2291 3 | [11 321 1845] | [0.9999985 0.9998318 0.9999517] | [11 321 1845]
14 2294 3 | [6355 421 279] | [0.9999752 0.73297113 0.9993451] | [6355 421 279]
14 2297 3 | [533 782 13] | [0.99993485 0.99997836 0.99995816] | [533 782 13]
14 2300 3 | [682 2590 61602] | [0.9574874 0.88017285 0.9963148] | [682 2590 61602]
14 2303 3 | [13 198 12] | [0.99995357 0.9999995 0.9999945] | [13 198 12]
14 2306 2 | [14691 12024 23225] | [0.99355614 0.6496452 0.9998595] | [14691 5975]
14 2308 3 | [23225 3521 7892] | [0.9995636 0.9997661 0.99998975] | [23225 3521 7892]
14 2311 3 | [8516 19150 321] | [0.9999459 0.9999905 0.95441586] | [8516 19150 321]
14 2314 3 | [8418 874 799] | [0.9998058 0.9993819 0.99988073] | [8418 874 799]
14 2317 3 | [579 11435 13] | [0.9999998 0.9987164 0.99998116] | [579 11435 13]
14 2320 3 | [198 12 2972] | [0.976891 0.9999929 0.681957] | [198 12 2972]
14 2323 1 | [52 1917 286] | [0.51541275 0.99125415 0.98161244] | [6994]
14 2324 2 | [310 5440 64700] | [0.8315237 0.87798345 0.9968628] | [310 1852]
14 2326 2 | [64700 533 782] | [0.9999323 0.7848152 0.99999964] | [64700 5440]
14 2328 3 | [60722 9468 533] | [0.9965367 0.9990154 0.9999686] | [60722 9468 533]
14 2331 3 | [782 13 18196] | [0.99999624 0.9999996 0.9989966] | [782 13 18196]
14 2334 3 | [310 2842 29121] | [0.9999808 0.99862015 0.40949753] | [310 2842 73340]
14 2337 3 | [4694 321 9982] | [0.9999993 0.9997261 0.99855345] | [4694 321 9982]
14 2340 3 | [4694 6739 321] | [0.9999991 0.9999858 0.99999887] | [4694 6739 321]
14 2343 3 | [6355 4562 321] | [0.9999806 0.99998873 0.75105244] | [6355 4562 321]
14 2346 3 | [1791 5689 4530] | [0.7180344 0.9995524 0.9999907] | [1791 5689 4530]
14 2349 3 | [364 49481 6739] | [0.9999963 0.9999954 0.9999591] | [364 49481 6739]
14 2352 3 | [321 6355 22328] | [0.99997884 0.99997395 0.99999875] | [321 6355 22328]
14 2355 3 | [13 271 4277] | [0.9999987 0.9999646 0.9999229] | [13 271 4277]
14 2358 3 | [271 550 14016] | [0.99999994 0.99993074 0.99997514] | [271 550 14016]
14 2361 3 | [13 220 17] | [0.9999989 0.5952976 0.9999998] | [13 220 17]
14 2364 3 | [18 6295 28107] | [0.9999931 0.99997133 0.82629627] | [18 6295 28107]
14 2367 2 | [314 9493 38428] | [0.99919766 0.94318795 0.99941796] | [314 5440]
14 2369 3 | [12 32436 9493] | [0.9999769 0.99777055 0.99199945] | [12 32436 9493]
14 2372 3 | [38428 383 279] | [0.9986433 0.9952911 0.9857616] | [38428 383 73802]
14 2375 3 | [15380 318 2737] | [0.98682916 0.99960774 0.9999291] | [15380 318 2737]
14 2378 3 | [40 8 271] | [1 0.9999293 0.9999992] | [40 8 271]
14 2381 3 | [332 8441 64700] | [0.9999608 0.99978554 0.99999887] | [332 8441 64700]
14 2384 3 | [8193 18504 9206] | [0.9844753 0.9998187 0.99962324] | [8193 18504 9206]
14 2387 3 | [27329 46239 321] | [0.9999976 0.9999887 0.99988234] | [27329 46239 321]
14 2390 3 | [7502 4893 7977] | [0.99971974 0.9999621 0.99999046] | [7502 4893 7977]
14 2393 3 | [51542 3054 805] | [0.99998575 0.9997891 0.999998] | [51542 3054 805]
14 2396 3 | [5467 279 220] | [0.9992789 0.9964315 0.99954706] | [5467 279 220]
14 2399 3 | [17 18 6295] | [0.9999997 0.999999 0.99985707] | [17 18 6295]
14 2402 3 | [6236 314 9493] | [0.99653953 0.96408933 0.9632531] | [6236 314 9493]
14 2405 3 | [38428 383 279] | [0.9999808 0.9998886 0.9998607] | [38428 383 279]
14 2408 3 | [5440 12 32436] | [0.999541 0.9999999 0.99995655] | [5440 12 32436]
14 2411 1 | [13590 1021 15380] | [0.36309823 0.8695259 0.99883425] | [73802]
14 2412 2 | [15380 3242 13] | [0.99994653 0.8854251 0.94752264] | [15380 383]
14 2414 1 | [279 1788 1834] | [0.94331115 0.88938135 0.99590284] | [6443]
14 2415 3 | [220 16 23] | [0.9999927 0.99997896 0.99999774] | [220 16 23]
14 2418 3 | [11 220 17] | [0.7984334 0.99997634 0.9999996] | [11 220 17]
14 2421 3 | [15 17 19] | [1 0.99999964 1] | [15 17 19]
14 2424 3 | [13 271 332] | [0.9995361 0.999944 0.9999999] | [13 271 332]
14 2427 3 | [1536 20098 64700] | [0.7146834 0.96910334 0.9998418] | [1536 20098 64700]
14 2430 3 | [271 12 561] | [0.9939862 0.99998885 0.50754863] | [271 12 84401]
14 2433 3 | [7253 513 1990] | [0.99889404 0.94470567 0.9152696] | [7253 513 1990]
14 2436 3 | [13789 13 198] | [0.99966437 0.87792116 0.9990948] | [13789 13 198]
14 2439 3 | [12 7831 310] | [0.99999857 0.9919444 0.5817563] | [12 7831 668]
14 2442 3 | [381 5698 303] | [0.9999711 0.9957955 0.9685506] | [381 5698 303]
14 2445 3 | [4016 3199 13] | [0.99996716 0.99997044 0.9799892] | [4016 3199 13]
14 2448 3 | [271 4277 271] | [0.6350485 0.99816877 0.9999999] | [271 4277 271]
14 2451 3 | [550 16332 13] | [0.9999998 0.9999245 0.9999882] | [550 16332 13]
14 2454 3 | [8964 64463 303] | [0.5787296 0.99987656 0.99917394] | [8964 64463 303]
14 2457 3 | [12345 84 34139] | [0.99988824 0.9999991 0.9999416] | [12345 84 34139]
14 2460 3 | [318 45094 8] | [0.5272009 0.68919855 0.9964865] | [318 45094 8]
14 2463 3 | [271 332 8441] | [0.99998885 0.9999959 0.99881995] | [271 332 8441]
14 2466 3 | [64700 357 220] | [0.99999744 0.74811786 0.99808145] | [64700 357 220]
14 2469 3 | [22 13 18] | [0.9999941 0.9999925 0.99999964] | [22 13 18]
14 2472 3 | [1395 33567 36078] | [0.99985945 0.99999964 0.99866164] | [1395 33567 36078]
14 2475 2 | [4062 279 15979] | [0.9236924 0.9990868 0.9992916] | [4062 12345]
14 2477 3 | [84 34139 11] | [0.999996 0.9999687 0.7972152] | [84 34139 26]
14 2480 3 | [506 3140 1330] | [0.9952567 0.9999849 0.98775417] | [506 3140 1330]
14 2483 3 | [8193 9977 4800] | [0.99996364 0.99700665 0.9943104] | [8193 9977 4800]
14 2486 3 | [5418 13 271] | [0.9983066 0.99595636 0.9997872] | [5418 13 271]
14 2489 3 | [332 1536 20098] | [0.999999 0.99969476 0.999954] | [332 1536 20098]
14 2492 3 | [64700 271 12] | [0.998253 0.9999993 0.99951434] | [64700 271 12]
14 2495 3 | [5440 2167 46712] | [0.9335326 0.7943827 0.9912622] | [5440 2167 46712]
14 2498 1 | [1252 335 2303] | [0.17758685 0.59631 0.86447644] | [76477]
14 2499 3 | [310 12345 84] | [0.87134784 0.9994492 0.99999654] | [310 12345 84]
14 2502 3 | [34139 26 57994] | [0.9995845 0.6408919 0.31302518] | [34139 26 15533]
14 2505 1 | [1141 2936 321] | [0.7294859 0.99926853 0.9999755] | [2936]
14 2506 3 | [321 1208 668] | [0.9999198 0.9998927 0.53840774] | [321 1208 21588]
14 2509 3 | [25206 321 14519] | [0.99947214 0.9969216 0.99890596] | [25206 321 14519]
14 2512 3 | [4472 5492 321] | [0.9892131 0.9284321 0.99328786] | [4472 5492 321]
14 2515 3 | [2199 4970 13] | [0.9999259 0.71623975 0.9999565] | [2199 4970 13]
14 2518 3 | [198 12 2972] | [0.9803916 0.99999243 0.5842389] | [198 12 8193]
14 2521 3 | [6255 2015 303] | [0.9777076 0.9815149 0.9682506] | [6255 2015 303]
14 2524 3 | [12345 84 34139] | [0.9998924 0.99999887 0.9996443] | [12345 84 34139]
14 2527 3 | [21362 22793 303] | [0.8805299 0.99827147 0.99998504] | [21362 22793 303]
14 2530 3 | [25773 2136 15076] | [0.9834713 0.9467107 0.9951369] | [25773 2136 15076]
14 2533 2 | [1208 13 198] | [0.8574697 0.48387888 0.99998987] | [1208 506]
14 2535 3 | [2136 22816 13] | [0.9859331 0.9998308 0.99420166] | [2136 22816 13]
14 2538 3 | [198 12 8193] | [0.9999555 0.99999994 0.9998949] | [198 12 8193]
14 2541 3 | [38498 51631 25241] | [0.9995228 0.7598931 0.9832693] | [38498 51631 25241]
14 2544 3 | [21461 6875 310] | [0.9999231 0.999982 0.52467185] | [21461 6875 364]
14 2547 3 | [20130 15485 11] | [0.9981911 0.9999755 0.8356744] | [20130 15485 11]
14 2550 3 | [1575 3816 539] | [0.9925107 0.9995809 0.9999816] | [1575 3816 539]
14 2553 3 | [12345 84 34139] | [0.94807285 0.99999994 0.99974924] | [12345 84 34139]
14 2556 3 | [2936 321 1208] | [0.9983909 0.9998392 0.9998434] | [2936 321 1208]
14 2559 3 | [13 198 12] | [0.9999747 0.9959632 0.99999714] | [13 198 12]
14 2562 3 | [5440 668 10000] | [0.98465127 0.9858669 0.9964921] | [5440 668 10000]
14 2565 3 | [3160 3522 440] | [0.9997258 0.9994269 0.98641485] | [3160 3522 440]
14 2568 3 | [12345 84 34139] | [0.533286 0.99999964 0.9999757] | [12345 84 34139]
14 2571 3 | [2936 321 3300] | [0.99931026 0.99965936 0.99985844] | [2936 321 3300]
14 2574 3 | [29982 1761 364] | [0.9998681 0.8233902 0.9157963] | [29982 1761 364]
14 2577 3 | [20130 15485 13] | [0.9996564 0.99999845 0.9999743] | [20130 15485 13]
14 2580 3 | [271 332 47585] | [0.94528025 0.9997085 0.55643284] | [271 332 47585]
14 2583 2 | [899 27614 314] | [0.9984293 0.96471524 0.9576134] | [899 1816]
14 2585 1 | [321 7065 1231] | [0.3733142 0.15422769 0.9995316] | [65998]
14 2586 3 | [318 299 314] | [0.9513835 0.765543 0.99989927] | [318 299 314]
14 2589 2 | [279 2321 314] | [0.21131265 0.4739822 0.89178145] | [279 9524]
14 2591 1 | [2321 64700 271] | [0.96665543 0.50377274 0.8823585] | [188912]
14 2592 1 | [271 12 8771] | [0.6573912 0.9996932 0.68695337] | [198]
14 2593 2 | [12 220 17] | [0.9999309 0.7622855 0.9999442] | [12 8193]
14 2595 3 | [9977 41205 25] | [0.96419626 0.47775364 0.9993695] | [9977 41205 25]
14 2598 3 | [220 17 198] | [0.7321603 0.9999995 0.9966791] | [220 17 198]
14 2601 3 | [12 8193 9977] | [0.99999994 0.9999365 0.9986393] | [12 8193 9977]
14 2604 3 | [15076 25 220] | [0.9994224 0.9999995 0.999998] | [15076 25 220]
14 2607 3 | [17 198 12] | [0.99999905 0.83456993 0.9999848] | [17 198 12]
15 108 3 | [198 760 1156] | [0.7416202 0.9999626 0.9999995] | [198 760 1156]
15 111 3 | [6587 728 310] | [0.9883177 0.9999576 0.9999986] | [6587 728 310]
15 114 3 | [1791 12507 49800] | [0.9999948 0.994231 0.5980804] | [1791 12507 74369]
15 117 3 | [364 264 6541] | [0.9999973 0.9999916 0.99999213] | [364 264 6541]
15 120 1 | [38520 38412 13] | [0.478893 0.5835238 0.5158377] | [71542]
15 121 2 | [38412 13 6558] | [0.9999926 0.540409 0.9804382] | [38412 440]
15 123 2 | [3050 3299 14159] | [0.98629034 0.92846686 0.7413346] | [3050 8242]
15 125 2 | [25 198 12] | [0.9875399 0.99947864 0.6421501] | [25 271]
15 127 3 | [16 13 4545] | [0.9162533 0.99999976 0.9835139] | [16 13 4545]
15 130 3 | [49800 318 16] | [0.95932335 0.9319367 0.999999] | [49800 318 16]
15 133 3 | [15 12 16] | [0.99999726 0.9999697 1] | [15 12 16]
15 136 3 | [20 4105 8] | [1 0.9999974 0.99954224] | [20 4105 8]
15 139 3 | [198 17 13] | [0.9235628 0.99999976 0.9999996] | [198 17 13]
15 142 3 | [3593 1284 17834] | [0.99951774 0.99999636 0.3548152] | [3593 1284 90680]
15 145 3 | [318 16 20] | [0.99999994 1 1] | [318 16 20]
15 148 3 | [12 17 15] | [0.99999905 1 1] | [12 17 15]
15 151 3 | [4105 8 198] | [0.99998224 0.99999946 0.9998853] | [4105 8 198]
15 154 3 | [18 13 5194] | [0.9999363 0.9999938 0.9956538] | [18 13 5194]
15 157 3 | [4619 1021 318] | [0.999972 0.99999946 1] | [4619 1021 318]
15 160 3 | [23 12 16] | [0.9999946 0.999998 1] | [23 12 16]
15 163 3 | [17 4105 8] | [1 0.99999803 0.9999999] | [17 4105 8]
15 166 3 | [198 19 13] | [0.99999946 1 0.99999577] | [198 19 13]
15 169 3 | [15948 10896 318] | [0.99997616 0.99992543 0.9999998] | [15948 10896 318]
15 172 3 | [16 15 12] | [0.9999997 1 1] | [16 15 12]
15 175 3 | [16 20 4105] | [0.99999934 1 0.9999989] | [16 20 4105]
15 178 3 | [8 271 57201] | [0.99965113 0.99999845 0.8266876] | [8 271 57201]
15 181 3 | [25 198 12] | [0.9986156 0.9995811 0.99999905] | [25 198 12]
15 184 3 | [33453 6376 6541] | [0.51768935 0.99988395 0.9999906] | [33453 6376 6541]
15 187 1 | [38520 321 2373] | [0.9103866 0.8916212 0.9999818] | [71542]
15 188 3 | [321 2373 3401] | [0.9995595 0.9999908 0.9822608] | [321 2373 3401]
15 191 3 | [198 12 5570] | [0.9999959 0.9999996 0.99981344] | [198 12 5570]
15 194 3 | [48685 537 41251] | [0.9997894 0.99999696 0.99797755] | [48685 537 41251]
15 197 3 | [2373 364 6541] | [0.99999696 0.9999978 0.9999838] | [2373 364 6541]
15 200 3 | [7576 198 12] | [0.9999919 0.94151986 0.99999416] | [7576 198 12]
15 203 3 | [20290 88 11] | [0.9984242 0.9999247 0.9999903] | [20290 88 11]
15 206 3 | [31423 198 12] | [0.9999769 0.9256785 0.99999964] | [31423 198 12]
15 209 3 | [44239 321 11321] | [0.9999615 0.99893683 0.9999571] | [44239 321 11321]
15 212 3 | [58196 198 12] | [0.99997914 0.99999166 0.99998415] | [58196 198 12]
15 215 3 | [8394 11 24239] | [0.99996465 0.994498 0.8202321] | [8394 11 67934]
15 218 3 | [15754 271 9764] | [0.99999833 0.99966055 0.9994447] | [15754 271 9764]
15 221 3 | [728 10453 1439] | [1 0.9266017 0.8209073] | [728 10453 1754]
15 224 3 | [799 15060 11] | [0.9847982 0.94898057 0.60593426] | [799 15060 11]
15 227 3 | [24217 4105 15060] | [0.98678684 0.9987342 0.67882514] | [24217 4105 22898]
15 230 3 | [13 271 332] | [0.99808615 0.9999939 0.94890636] | [13 271 332]
15 233 2 | [6008 326 813] | [0.99981296 0.9678897 0.9748087] | [6008 49800]
15 235 3 | [318 16 15] | [0.9979738 0.99938416 0.999998] | [318 16 15]
15 238 3 | [12 16 20] | [0.9996127 1 1] | [12 16 20]
15 241 2 | [4105 8 471] | [0.9999764 0.5293452 0.99065083] | [4105 188912]
15 243 3 | [198 9764 728] | [0.94499457 0.73041373 0.9997725] | [198 9764 728]
15 246 3 | [1380 25 328] | [0.97353613 0.93915147 0.9281946] | [1380 25 328]
15 249 3 | [8791 1396 6541] | [0.92098784 0.874785 0.92796385] | [8791 1396 62154]
15 252 1 | [321 9495 5055] | [0.40956685 0.9570275 0.4996876] | [5055]
15 253 2 | [264 7478 1353] | [0.950698 0.21762523 0.20947741] | [264 11041]
15 255 2 | [11 1396 9495] | [0.84810233 0.7186786 0.6744228] | [11 264]
15 257 3 | [10691 11 321] | [0.6175738 0.9993849 0.9193758] | [10691 11 321]
15 260 3 | [264 4220 2609] | [0.9734383 0.64108485 0.9964549] | [264 4220 2609]
15 263 3 | [314 2854 1] | [0.9997672 0.9688905 0.8421535] | [314 2854 1]
15 266 1 | [198 9764 728] | [0.46979055 0.5578798 0.9999725] | [1892]
15 267 1 | [1042 728 1698] | [0.3736666 0.99994814 0.9999636] | [421]
15 268 3 | [579 220 16] | [0.9997339 0.99211353 0.9987952] | [579 220 16]
15 271 3 | [20 4105 13] | [0.5094934 0.99979186 0.8040151] | [20 4105 13]
15 274 3 | [6558 728 1698] | [0.8183744 0.9999973 0.9980531] | [6558 728 1698]
15 277 3 | [25 10646 7] | [0.99978673 0.99141246 0.9945198] | [25 10646 7]
15 280 3 | [16 8 1396] | [0.9999995 0.9993473 0.99994177] | [16 8 1396]
15 283 3 | [7 17 8] | [0.9999998 0.9999999 0.99999875] | [7 17 8]
15 286 3 | [62154 7 18] | [0.9999936 1 0.99999994] | [62154 7 18]
15 289 3 | [8 5055 7] | [0.99995977 0.9999645 0.99999857] | [8 5055 7]
15 292 3 | [19 8 264] | [1 0.9999939 0.99997383] | [19 8 264]
15 295 3 | [7 20 8] | [0.99999976 1 0.9999978] | [7 20 8]
15 298 3 | [11041 7 21] | [0.9999987 0.9999959 1] | [11041 7 21]
15 301 3 | [8 264 7] | [0.917824 0.99997604 0.9999996] | [8 264 7]
15 304 3 | [22 8 10691] | [0.99999976 0.9999911 0.9999835] | [22 8 10691]
15 307 3 | [7 23 8] | [0.99999845 0.9999515 0.99999803] | [7 23 8]
15 310 3 | [321 7 24] | [0.9999429 0.9999985 0.99999994] | [321 7 24]
15 313 3 | [8 264 7] | [0.99999917 0.99999183 0.99999994] | [8 264 7]
15 316 3 | [16 15 8] | [1 1 0.99999887] | [16 15 8]
15 319 3 | [4220 7 16] | [0.9999859 0.9999943 0.9999998] | [4220 7 16]
15 322 3 | [16 8 2609] | [1 0.99999994 0.999865] | [16 8 2609]
15 325 3 | [7 16 17] | [0.9999981 1 1] | [7 16 17]
15 328 3 | [8 314 7] | [1 0.9999988 0.9999999] | [8 314 7]
15 331 3 | [16 18 8] | [1 1 0.9999976] | [16 18 8]
15 334 3 | [2854 7 16] | [0.99996424 0.9999987 0.9999999] | [2854 7 16]
15 337 2 | [19 553 2844] | [0.99999994 0.8265531 0.683323] | [19 8]
15 339 3 | [1892 220 16] | [0.9844888 0.89253545 0.999992] | [1892 220 16]
15 342 3 | [19 4105 13] | [0.99895626 0.99865794 0.94393516] | [19 4105 13]
15 345 3 | [7441 13 271] | [0.9893624 0.77403104 0.9660563] | [7441 13 271]
15 348 1 | [2126 25 328] | [0.65384275 0.9077253 0.999974] | [13634]
15 349 3 | [2904 25 328] | [0.93774754 0.9997463 0.99998605] | [2904 25 328]
15 352 1 | [17413 678 17699] | [0.18009989 0.74931085 0.584519] | [3751]
15 353 1 | [1314 286 678] | [0.88084906 0.7653819 0.6299744] | [28900]
15 354 3 | [61368 11 65283] | [0.6493527 0.9779112 0.26589018] | [61368 11 7478]
15 357 1 | [3995 11336 11] | [0.31486848 0.9285773 0.9918414] | [53768]
15 358 3 | [11 321 264] | [0.99837905 0.9914119 0.43466043] | [11 321 41118]
15 361 2 | [421 1236 678] | [0.6735342 0.85690266 0.90031606] | [421 708]
15 363 1 | [264 4220 2609] | [0.49117425 0.5151353 0.44933763] | [9495]
15 364 3 | [310 9495 1] | [0.99883443 0.99155873 0.9938923] | [310 9495 1]
15 367 3 | [1892 220 16] | [0.9975275 0.65941274 0.99897873] | [1892 220 16]
15 370 3 | [16 4105 13] | [0.5370563 0.99969095 0.96762294] | [16 4105 13]
15 373 3 | [2893 28900 7] | [0.61354554 0.9999963 0.9992316] | [2893 28900 7]
15 376 3 | [16 8 61368] | [0.9999981 0.99975306 0.99995744] | [16 8 61368]
15 379 3 | [7 17 8] | [0.99999857 1 0.9999415] | [7 17 8]
15 382 3 | [7478 7 18] | [0.9999865 0.99999046 0.99994314] | [7478 7 18]
15 385 3 | [8 53768 7] | [0.999996 0.99935555 1] | [8 53768 7]
15 388 3 | [19 8 321] | [0.99999994 0.99999857 0.99998] | [19 8 321]
15 391 3 | [7 20 8] | [0.9999949 1 0.99999976] | [7 20 8]
15 394 3 | [41118 7 21] | [0.99993783 0.9999999 1] | [41118 7 21]
15 397 3 | [8 421 7] | [0.9999978 0.99995786 0.99999994] | [8 421 7]
15 400 3 | [22 8 708] | [0.99998486 0.9999986 0.99992114] | [22 8 708]
15 403 3 | [7 23 8] | [0.99999845 1 0.9999986] | [7 23 8]
15 406 3 | [9495 7 24] | [0.99999285 0.99999994 1] | [9495 7 24]
15 409 3 | [8 310 7] | [0.9999848 0.9984898 0.99999344] | [8 310 7]
15 412 3 | [16 15 8] | [1 0.99999994 0.99999774] | [16 15 8]
15 415 3 | [9495 7 16] | [0.99999136 0.99999934 1] | [9495 7 16]
15 418 3 | [16 8 1892] | [0.9999997 0.9592343 0.9982672] | [16 8 1892]
15 421 3 | [220 16 16] | [0.99759454 0.9999998 0.99999994] | [220 16 16]
15 424 3 | [4105 13 271] | [0.99962455 0.999741 0.7369469] | [4105 13 7441]
15 427 3 | [13 271 332] | [0.86926943 0.998165 0.70659155] | [13 271 9764]
15 430 2 | [728 1380 2361] | [0.9999865 0.5455012 0.5639892] | [728 708]
15 432 3 | [440 2414 421] | [0.9997955 0.7612507 0.49221173] | [440 2414 7948]
15 435 2 | [321 6376 25] | [0.9879695 0.7813596 0.9039604] | [321 82552]
15 437 3 | [25 328 47] | [0.9167895 0.9449823 0.21085182] | [25 328 8791]
15 440 2 | [1396 9495 5055] | [0.8515496 0.65539247 0.92122704] | [1396 62154]
15 442 3 | [5055 264 11041] | [0.95309 0.94218874 0.18700798] | [5055 264 11041]
15 445 3 | [11 264 10691] | [0.99720114 0.99348783 0.99553454] | [11 264 10691]
15 448 3 | [11 321 264] | [0.99986017 0.99923766 0.9986116] | [11 321 264]
15 451 3 | [4220 2609 314] | [0.9910018 0.99688864 0.99998385] | [4220 2609 314]
15 454 3 | [2854 1 1892] | [0.9966839 0.99505466 0.8070558] | [2854 1 1892]
15 457 3 | [220 16 19] | [0.99884856 0.99998105 0.9990926] | [220 16 19]
15 460 3 | [4105 13 271] | [0.99988174 0.9401307 0.46834832] | [4105 13 7441]
15 463 3 | [13 271 332] | [0.9122333 0.995703 0.9910445] | [13 271 332]
15 466 3 | [3036 1284 49800] | [0.99999696 0.99999213 0.5290111] | [3036 1284 90680]
15 469 3 | [318 16 20] | [1 1 1] | [318 16 20]
15 472 3 | [12 17 15] | [0.99999994 1 1] | [12 17 15]
15 475 2 | [4105 31230 198] | [0.9999937 0.7480443 0.59522885] | [4105 188912]
15 477 3 | [198 1 9764] | [0.999965 0.54044664 0.72037715] | [198 1 17413]
15 480 2 | [678 6541 28608] | [0.54256296 0.5993945 0.73176134] | [678 71886]
15 482 3 | [1786 4099 28608] | [0.7065961 0.99027157 0.9858226] | [1786 4099 28608]
15 485 1 | [279 1788 21030] | [0.5642405 0.716941 0.26138014] | [777]
15 486 2 | [1056 1066 264] | [0.9994407 0.6390571 0.9811504] | [1056 264]
15 488 1 | [3841 8617 1892] | [0.599201 0.52930856 0.9920083] | [8617]
15 489 2 | [1892 567 4089] | [0.85836387 0.36323348 0.7116622] | [1892 781]
15 491 3 | [21991 264 2545] | [0.99925107 0.8063505 0.25020838] | [21991 264 39830]
15 494 2 | [58672 11 264] | [0.51577556 0.45349634 0.9012765] | [58672 3039]
15 496 1 | [421 3520 1070] | [0.39035848 0.43371308 0.74912924] | [1801]
15 497 1 | [440 2854 1] | [0.9473825 0.96559185 0.8334791] | [1066]
15 498 3 | [364 1070 1] | [0.99820715 0.9736048 0.9879408] | [364 1070 1]
15 501 2 | [1892 6558 728] | [0.98331654 0.26456013 0.99997276] | [1892 1042]
15 503 3 | [728 1698 25] | [0.9999899 0.9999169 0.9999215] | [728 1698 25]
15 506 3 | [8938 7 16] | [0.9999302 0.9999979 0.99999994] | [8938 7 16]
15 509 3 | [8 678 7] | [0.9999961 0.99993163 0.99999976] | [8 678 7]
15 512 3 | [17 8 50958] | [0.99999994 0.999991 0.6399691] | [17 8 71886]
15 515 3 | [7 18 8] | [1 1 0.9999996] | [7 18 8]
15 518 3 | [1786 7 19] | [0.99999464 0.9999994 1] | [1786 7 19]
15 521 3 | [8 4099 7] | [0.9999956 0.99970585 0.99999994] | [8 4099 7]
15 524 3 | [20 8 28608] | [0.99999994 0.99998456 0.9999645] | [20 8 28608]
15 527 3 | [7 21 8] | [0.9999998 1 0.99999964] | [7 21 8]
15 530 3 | [777 7 22] | [0.99999905 0.99999934 0.99999994] | [777 7 22]
15 533 3 | [8 1056 7] | [0.9999957 0.99991083 0.9999997] | [8 1056 7]
15 536 3 | [23 8 264] | [1 0.9999929 0.9999857] | [23 8 264]
15 539 3 | [7 24 8] | [0.99999994 1 0.99999857] | [7 24 8]
15 542 3 | [8617 7 16] | [0.99999535 0.9999461 0.99999994] | [8617 7 16]
15 545 3 | [15 8 781] | [1 0.99986434 0.9992739] | [15 8 781]
15 548 3 | [7 16 16] | [0.99999547 0.99999803 1] | [7 16 16]
15 551 3 | [8 21991 7] | [0.99999994 0.9982589 0.99999994] | [8 21991 7]
15 554 3 | [16 17 8] | [0.9999996 1 0.9999978] | [16 17 8]
15 557 3 | [264 7 16] | [0.9999947 0.999998 0.9999879] | [264 7 16]
15 560 3 | [18 8 39830] | [1 0.999999 0.99916685] | [18 8 39830]
15 563 3 | [58672 7 16] | [0.9999956 0.99994135 0.99999964] | [58672 7 16]
15 566 3 | [19 8 3039] | [1 0.9999998 0.9998822] | [19 8 3039]
15 569 3 | [7 16 20] | [0.9999999 0.99999994 1] | [7 16 20]
15 572 3 | [8 1801 7] | [0.9999989 0.9999528 0.99999917] | [8 1801 7]
15 575 3 | [16 21 8] | [1 1 0.999994] | [16 21 8]
15 578 3 | [1066 7 16] | [0.9999789 0.9999973 0.99999994] | [1066 7 16]
15 581 3 | [22 8 364] | [1 0.9999986 0.9999769] | [22 8 364]
15 584 3 | [7 16 23] | [0.99999684 0.9999997 1] | [7 16 23]
15 587 3 | [8 1070 7] | [0.9999993 0.99984026 0.99976736] | [8 1070 7]
15 590 3 | [16 24 8] | [1 1 0.9983669] | [16 24 8]
15 593 3 | [1892 220 16] | [0.99997884 0.99979115 0.99999636] | [1892 220 16]
15 596 3 | [24 4105 13] | [0.99992585 0.99998987 0.9737799] | [24 4105 13]
15 599 3 | [7441 13 271] | [0.99588835 0.99805975 0.9979605] | [7441 13 271]
15 602 3 | [332 1796 4619] | [0.7872758 0.9993643 0.99999875] | [332 1796 4619]
15 605 3 | [1021 318 23] | [0.99999976 0.99999994 1] | [1021 318 23]
15 608 3 | [12 16 17] | [0.9999995 1 1] | [12 16 17]
15 611 2 | [4105 31230 198] | [0.99999493 0.96430147 0.9999417] | [4105 188912]
15 613 3 | [198 1 3702] | [0.9999747 0.96464473 0.6778745] | [198 1 20093]
15 616 3 | [558 11 10691] | [0.6777245 0.97797745 0.44029492] | [558 11 43407]
15 619 2 | [11 321 28314] | [0.9997305 0.6654639 0.07603593] | [11 3995]
15 621 1 | [558 11 321] | [0.60811347 0.5413685 0.97289985] | [47669]
15 622 2 | [1892 321 264] | [0.98212636 0.53001875 0.39693588] | [1892 567]
15 624 3 | [3579 279 2545] | [0.32999143 0.69597673 0.26506063] | [3579 279 9156]
15 627 3 | [11 488 3579] | [0.89217407 0.9543858 0.99825335] | [11 488 4517]
15 630 2 | [279 6051 1] | [0.99805707 0.21907835 0.5597912] | [279 34774]
15 632 3 | [1 1892 6558] | [0.9976314 0.99997777 0.45755553] | [1 1892 12683]
15 635 3 | [558 7 16] | [0.9999969 0.99999976 1] | [558 7 16]
15 638 3 | [8 43407 7] | [0.9998948 0.9952926 1] | [8 43407 7]
15 641 3 | [17 8 3995] | [0.9999998 0.99999785 0.99975663] | [17 8 3995]
15 644 3 | [47669 7 18] | [0.9999914 0.9999998 0.99999976] | [47669 7 18]
15 647 3 | [8 567 7] | [0.9999565 0.9999363 0.99999946] | [8 567 7]
15 650 3 | [19 8 3579] | [0.99999994 0.9999937 0.99987143] | [19 8 3579]
15 653 3 | [7 20 8] | [0.99999976 0.99999994 0.9999998] | [7 20 8]
15 656 3 | [279 7 21] | [0.99999964 0.99999636 1] | [279 7 21]
15 659 3 | [8 9156 7] | [0.9999993 0.9999913 1] | [8 9156 7]
15 662 3 | [22 8 488] | [0.9999997 0.99999315 0.99997973] | [22 8 488]
15 665 3 | [7 23 8] | [0.99989516 1 0.9999879] | [7 23 8]
15 668 3 | [4517 7 24] | [0.9998591 1 1] | [4517 7 24]
15 671 3 | [8 279 7] | [0.99999994 0.99999774 0.99999994] | [8 279 7]
15 674 3 | [16 15 8] | [1 1 0.99999917] | [16 15 8]
15 677 3 | [34774 7 16] | [0.9999609 1 1] | [34774 7 16]
15 680 3 | [16 8 1892] | [0.99999964 0.9999512 0.9999996] | [16 8 1892]
15 683 3 | [220 16 16] | [0.9999518 0.99999994 0.99997413] | [220 16 16]
15 686 3 | [4105 13 7441] | [0.99999875 0.99997836 0.9233596] | [4105 13 7441]
15 689 3 | [13 271 332] | [0.9910698 0.9947701 0.92939246] | [13 271 332]
15 692 3 | [26295 10896 318] | [0.99999756 0.99969566 1] | [26295 10896 318]
15 695 3 | [16 15 12] | [1 1 0.9999999] | [16 15 12]
15 698 3 | [16 20 4105] | [0.9999999 1 0.99999905] | [16 20 4105]
15 701 1 | [64700 198 1] | [0.62038773 0.9986183 0.95223963] | [188912]
15 702 2 | [198 1 11179] | [0.99999005 0.91699433 0.30916837] | [198 86130]
15 704 3 | [305 273 5888] | [0.9999767 0.99998707 0.4865336] | [305 273 5888]
15 707 2 | [11 21030 280] | [0.6132508 0.79209685 0.4300202] | [11 6051]
15 709 1 | [61368 11 321] | [0.6481509 0.99271315 0.9988627] | [24307]
15 710 3 | [11 321 264] | [0.9595895 0.97019076 0.5273388] | [11 321 8649]
15 713 3 | [314 3838 364] | [0.9996888 0.99940056 0.6879639] | [314 3838 364]
15 716 2 | [1396 3074 4299] | [0.88450813 0.92187864 0.28721538] | [1396 6541]
15 718 2 | [2594 1 1892] | [0.5229975 0.7404869 0.99972343] | [2594 852]
15 720 2 | [21780 303 1] | [0.9713228 0.7953703 0.9640416] | [21780 1472]
15 722 3 | [1004 5817 1] | [0.8422592 0.83481115 0.99864364] | [1004 5817 1]
15 725 2 | [1892 1042 728] | [0.9997398 0.93521947 0.9999681] | [1892 70971]
15 727 3 | [7 16 8] | [0.99999946 1 0.99999917] | [7 16 8]
15 730 3 | [5888 7 17] | [0.99998933 0.9999993 0.9999998] | [5888 7 17]
15 733 3 | [8 6051 7] | [0.9999258 0.9989229 0.99999875] | [8 6051 7]
15 736 3 | [18 8 24307] | [1 0.9999967 0.999829] | [18 8 24307]
15 739 3 | [7 19 8] | [1 1 0.9999994] | [7 19 8]
15 742 3 | [321 7 20] | [0.99999774 0.9999944 1] | [321 7 20]
15 745 3 | [8 8649 7] | [0.99999994 0.9999621 0.99999976] | [8 8649 7]
15 748 3 | [21 8 314] | [1 0.9999985 0.9999867] | [21 8 314]
15 751 3 | [7 22 8] | [0.9999975 0.9999993 0.99999934] | [7 22 8]
15 754 3 | [3838 7 23] | [0.99999446 0.99999994 1] | [3838 7 23]
15 757 3 | [8 364 7] | [0.9999956 0.99999887 1] | [8 364 7]
15 760 3 | [24 8 1396] | [1 0.9999995 0.99998903] | [24 8 1396]
15 763 3 | [7 16 15] | [0.99999815 0.99999994 0.99999994] | [7 16 15]
15 766 3 | [8 6541 7] | [0.99999875 0.99999374 0.9999998] | [8 6541 7]
15 769 3 | [16 16 8] | [1 1 0.9999986] | [16 16 8]
15 772 3 | [2594 7 16] | [0.99999166 0.99999994 0.9999998] | [2594 7 16]
15 775 3 | [17 8 852] | [1 0.9999989 0.999966] | [17 8 852]
15 778 3 | [7 16 18] | [0.9999868 0.99999523 1] | [7 16 18]
15 781 3 | [8 21780 7] | [0.9999986 0.99997395 0.9999998] | [8 21780 7]
15 784 3 | [16 19 8] | [1 1 0.99999833] | [16 19 8]
15 787 3 | [1472 7 16] | [0.99994695 0.99999994 0.99999964] | [1472 7 16]
15 790 3 | [20 8 1004] | [1 0.99999225 0.99997586] | [20 8 1004]
15 793 3 | [7 16 21] | [0.9999972 0.9999987 1] | [7 16 21]
15 796 3 | [8 5817 7] | [0.9999953 0.99950206 0.99999964] | [8 5817 7]
15 799 3 | [16 22 8] | [1 1 0.99888843] | [16 22 8]
15 802 3 | [1892 220 16] | [0.99999845 0.99060667 0.9999999] | [1892 220 16]
15 805 3 | [22 4105 13] | [0.9997899 0.9998971 0.97947925] | [22 4105 13]
15 808 3 | [23823 1599 13] | [0.99827015 0.9487497 0.9996588] | [23823 1599 13]
15 811 3 | [271 9764 728] | [0.7786897 0.9932384 0.9999989] | [271 9764 728]
15 814 3 | [1380 25 328] | [0.70848966 0.998031 0.99999857] | [1380 25 328]
15 817 3 | [38 305 273] | [0.99530345 0.9999644 0.99999684] | [38 305 273]
15 820 3 | [5888 11 6051] | [0.9902838 0.95628625 0.99453217] | [5888 11 6051]
15 823 3 | [24307 11 321] | [0.93911225 0.9995729 0.99908346] | [24307 11 321]
15 826 3 | [8649 314 3838] | [0.798085 0.99981785 0.9999325] | [8649 314 3838]
15 829 3 | [364 1396 6541] | [0.9093451 0.9596405 0.50992537] | [364 1396 6541]
15 832 3 | [2594 1 1892] | [0.9903395 0.95861155 0.999994] | [2594 1 1892]
15 835 1 | [220 16 18] | [0.96604335 0.9999717 0.66237134] | [70971]
15 836 3 | [7 16 8] | [0.99999887 1 0.99999815] | [7 16 8]
15 839 3 | [5888 7 17] | [0.99998075 0.99999976 1] | [5888 7 17]
15 842 3 | [8 6051 7] | [0.99991643 0.9990663 0.99999815] | [8 6051 7]
15 845 3 | [18 8 24307] | [1 0.9999937 0.9997113] | [18 8 24307]
15 848 3 | [7 19 8] | [1 1 0.99999934] | [7 19 8]
15 851 3 | [321 7 20] | [0.99999636 1 1] | [321 7 20]
15 854 3 | [8 8649 7] | [0.99999994 0.999911 1] | [8 8649 7]
15 857 3 | [21 8 314] | [1 0.9999998 0.9999987] | [21 8 314]
15 860 3 | [7 22 8] | [1 0.99999994 0.9999994] | [7 22 8]
15 863 3 | [3838 7 23] | [0.9999976 1 0.99999994] | [3838 7 23]
15 866 3 | [8 364 7] | [0.99999946 0.99999845 1] | [8 364 7]
15 869 3 | [24 8 1396] | [1 0.9999989 0.99997854] | [24 8 1396]
15 872 3 | [7 16 15] | [0.9999996 0.99999994 0.99999994] | [7 16 15]
15 875 3 | [8 6541 7] | [0.9999993 0.99999624 0.99999994] | [8 6541 7]
15 878 3 | [16 16 8] | [1 1 0.9999989] | [16 16 8]
15 881 3 | [2594 7 16] | [0.9999921 1 1] | [2594 7 16]
15 884 3 | [17 8 1892] | [0.9999984 0.999953 0.9999969] | [17 8 1892]
15 887 3 | [220 16 17] | [0.99999106 0.9999998 0.99995834] | [220 16 17]
15 890 3 | [4105 13 7441] | [0.9999994 0.9999853 0.9884413] | [4105 13 7441]
15 893 3 | [13 271 9764] | [0.97721016 0.9989502 0.69139147] | [13 271 9764]
15 896 3 | [728 43850 1439] | [1 0.70616347 0.6961197] | [728 43850 660]
15 899 3 | [314 1439 310] | [0.84888506 0.8846755 0.54628056] | [314 1439 310]
15 902 3 | [1236 2617 781] | [0.9756698 0.74629 0.9962276] | [1236 2617 781]
15 905 2 | [2224 7948 11] | [0.82387614 0.63164747 0.99873036] | [2224 83429]
15 907 3 | [11 7948 11] | [0.9921038 0.9957236 0.9999174] | [11 7948 11]
15 910 1 | [321 2213 279] | [0.91586286 0.18143311 0.7308429] | [67934]
15 911 3 | [11 321 6376] | [0.99998254 0.9988185 0.6879562] | [11 321 6376]
15 914 2 | [13 198 12] | [0.9771326 0.44414198 0.89798087] | [13 271]
15 916 3 | [9764 728 37781] | [0.8735197 0.99999994 0.50364435] | [9764 728 37781]
15 919 3 | [279 1822 49800] | [0.67584884 0.99915516 0.9995995] | [279 1822 49800]
15 922 3 | [310 1236 424] | [0.5802399 0.9571831 0.9949233] | [310 1236 424]
15 925 2 | [777 19760 88] | [0.7932008 0.53442013 0.9999991] | [777 82552]
15 927 1 | [321 31423 25] | [0.7862844 0.6463994 0.95733434] | [25]
15 928 3 | [198 1 8791] | [0.8946127 0.96120864 0.31460083] | [198 1 8791]
15 931 3 | [1396 62154 5055] | [0.9813467 0.963281 0.9956185] | [1396 62154 5055]
15 934 3 | [264 11041 11] | [0.99829245 0.9969871 0.9978733] | [264 11041 11]
15 937 3 | [264 10691 11] | [0.9983516 0.9989183 0.9999381] | [264 10691 11]
15 940 3 | [321 264 4220] | [0.9995589 0.98752683 0.98916984] | [321 264 4220]
15 943 3 | [2609 314 2854] | [0.9990909 0.99999046 0.99644697] | [2609 314 2854]
15 946 3 | [1 1892 220] | [0.99929196 0.9521311 0.9269167] | [1 1892 220]
15 949 3 | [16 19 4105] | [0.9999897 0.99999523 0.99987656] | [16 19 4105]
15 952 3 | [13 1061 369] | [0.9054484 0.6303972 0.9016615] | [13 1061 369]
15 955 3 | [7948 321 54185] | [0.64376634 0.54220706 0.5481549] | [7948 321 54185]
15 958 3 | [13 271 9764] | [0.99857426 0.71833426 0.6151106] | [13 271 50821]
15 961 3 | [11 1042 728] | [0.9966122 0.99765676 0.99999994] | [11 1042 728]
15 964 1 | [1380 2361 5313] | [0.46185338 0.52406824 0.46821174] | [38854]
15 965 1 | [777 15060 25] | [0.39984244 0.999926 0.9841272] | [25]
15 966 3 | [10646 7 16] | [0.91070074 0.9989981 0.99999994] | [10646 7 16]
15 969 3 | [8 1396 7] | [0.9996302 0.9995552 0.9999999] | [8 1396 7]
15 972 3 | [17 8 62154] | [0.9999972 0.9999723 0.99975115] | [17 8 62154]
15 975 3 | [7 18 8] | [0.99998635 1 0.9999963] | [7 18 8]
15 978 3 | [5055 7 19] | [0.9999485 0.9999996 1] | [5055 7 19]
15 981 3 | [8 264 7] | [0.9999925 0.9999912 0.9999993] | [8 264 7]
15 984 3 | [20 8 11041] | [0.9999999 0.99998826 0.9999646] | [20 8 11041]
15 987 3 | [7 21 8] | [0.9992492 0.9999628 0.9989739] | [7 21 8]
15 990 3 | [264 7 22] | [0.99615324 0.9999608 0.99999976] | [264 7 22]
15 993 3 | [8 10691 7] | [0.99999017 0.9999607 0.99999994] | [8 10691 7]
15 996 3 | [23 8 321] | [1 0.99999416 0.999942] | [23 8 321]
15 999 3 | [7 24 8] | [0.9999964 1 0.9999996] | [7 24 8]
15 1002 3 | [264 7 16] | [0.9999929 0.9999999 1] | [264 7 16]
15 1005 3 | [15 8 4220] | [0.9999992 0.99999875 0.9997861] | [15 8 4220]
15 1008 3 | [7 16 16] | [0.99999976 1 1] | [7 16 16]
15 1011 3 | [8 2609 7] | [0.99999994 0.9998705 1] | [8 2609 7]
15 1014 3 | [16 17 8] | [1 1 0.9999981] | [16 17 8]
15 1017 3 | [314 7 16] | [0.99999964 0.9999997 0.99999964] | [314 7 16]
15 1020 3 | [18 8 2854] | [1 0.9999993 0.9999462] | [18 8 2854]
15 1023 3 | [7 16 19] | [0.9999998 1 1] | [7 16 19]
15 1026 3 | [8 1892 220] | [0.9563714 0.8235463 0.9544203] | [8 1892 220]
15 1029 3 | [16 19 4105] | [0.9999991 1 0.998931] | [16 19 4105]
15 1032 3 | [13 50615 271] | [0.99081945 0.41137707 0.98946905] | [13 50615 271]
15 1035 1 | [9764 728 52275] | [0.5245909 0.99999994 0.6555143] | [3036]
15 1036 2 | [1284 37059 25] | [0.9998361 0.27612945 0.9936582] | [1284 90680]
15 1038 2 | [25 8938 7] | [0.658874 0.96635157 0.9999119] | [25 328]
15 1040 3 | [17413 678 17699] | [0.99963176 0.99998647 0.13064848] | [17413 678 71886]
15 1043 3 | [1786 4099 28608] | [0.9990872 0.99976146 0.99998695] | [1786 4099 28608]
15 1046 3 | [777 1056 264] | [0.9972758 0.99999195 0.99974513] | [777 1056 264]
15 1049 3 | [8617 1892 781] | [0.98705286 0.99684787 0.99873525] | [8617 1892 781]
15 1052 3 | [21991 264 39830] | [0.9998724 0.9997551 0.9989676] | [21991 264 39830]
15 1055 3 | [58672 3039 1801] | [0.99997133 0.9977656 0.9888919] | [58672 3039 1801]
15 1058 3 | [1066 364 1070] | [0.99910426 0.9999717 0.9999342] | [1066 364 1070]
15 1061 3 | [1 1892 8938] | [0.9998698 0.99915946 0.9891379] | [1 1892 220]
15 1064 3 | [16 24 4105] | [0.999983 0.9999989 0.999957] | [16 24 4105]
15 1067 3 | [13 50615 271] | [0.8169663 0.99814856 0.9924989] | [13 50615 271]
15 1070 3 | [1796 4619 1021] | [0.9879085 0.99977267 0.99999994] | [1796 4619 1021]
15 1073 3 | [25 328 20093] | [0.999957 0.9985249 0.99816877] | [25 328 20093]
15 1076 3 | [558 11 43407] | [1 0.9999965 0.99996835] | [558 11 43407]
15 1079 3 | [11 3995 47669] | [0.99999994 0.99999475 0.9999987] | [11 3995 47669]
15 1082 3 | [1892 567 3579] | [0.9999462 0.9998691 0.9999633] | [1892 567 3579]
15 1085 3 | [279 9156 11] | [0.99997634 0.9995803 0.99995255] | [279 9156 11]
15 1088 3 | [488 4517 279] | [0.9995613 0.99978584 0.9999997] | [488 4517 279]
15 1091 3 | [34774 1 1892] | [0.9999533 0.9999077 0.9999845] | [34774 1 1892]
15 1094 3 | [220 16 16] | [0.99899 0.999999 0.999992] | [220 16 16]
15 1097 3 | [4105 13 50615] | [0.9999997 0.9988451 0.99999815] | [4105 13 50615]
15 1100 3 | [271 26295 10896] | [0.9989085 0.99998 0.9998104] | [271 26295 10896]
15 1103 3 | [25 328 38] | [0.99999577 0.9999888 0.99999] | [25 328 38]
15 1106 3 | [305 273 5888] | [0.99999803 0.9999855 0.9999923] | [305 273 5888]
15 1109 3 | [11 6051 24307] | [0.9999923 0.9999815 0.9998448] | [11 6051 24307]
15 1112 3 | [11 321 8649] | [0.99999636 0.99993974 0.9997839] | [11 321 8649]
15 1115 3 | [314 3838 364] | [0.99999493 0.99999785 0.9998902] | [314 3838 364]
15 1118 3 | [1396 6541 2594] | [0.9999942 0.99995995 0.9999852] | [1396 6541 2594]
15 1121 3 | [1 1892 220] | [0.9997856 0.9999999 0.9996804] | [1 1892 220]
15 1124 3 | [16 17 4105] | [0.9999974 0.9999731 0.99999994] | [16 17 4105]
15 1127 3 | [13 50615 271] | [0.9999948 0.9999988 0.9996203] | [13 50615 271]
15 1130 3 | [9205 660 944] | [0.8017584 0.8427413 0.78613496] | [9205 660 1353]
16 130 3 | [198 760 1156] | [0.9041921 0.9999622 0.99994254] | [198 760 1156]
16 133 3 | [6587 264 13263] | [0.98889923 0.6675917 0.9772376] | [6587 264 13263]
16 136 3 | [16491 5918 716] | [0.9999294 0.8586565 0.7818301] | [16491 5918 716]
16 139 3 | [2261 279 12386] | [0.5234015 0.99966305 0.9974669] | [2261 279 2521]
16 142 3 | [314 279 12386] | [0.9999961 0.9999857 0.99996805] | [314 279 12386]
16 145 3 | [19825 318 13873] | [0.9999948 0.68353 0.6447206] | [19825 318 1382]
16 148 3 | [391 220 16] | [0.9999998 0.95351815 0.6081632] | [391 220 16]
16 151 3 | [267 12 17] | [0.99933594 0.9309277 0.59602576] | [267 12 17]
16 154 3 | [302 9018 25858] | [0.99999243 0.92259854 0.5128779] | [302 9018 25858]
16 157 3 | [11 279 9343] | [0.90883327 0.19237615 0.34610376] | [11 279 67941]
16 160 1 | [19825 553 6558] | [0.3170029 0.54891926 0.9937383] | [240398]
16 161 1 | [11057 553 6558] | [0.6296676 0.8048643 0.996223] | [4031]
16 162 1 | [553 6558 728] | [0.49240392 0.99589306 0.99999994] | [1172]
16 163 1 | [16788 22127 11] | [0.9103842 0.9996185 0.59266824] | [945]
16 164 3 | [692 1052 1040] | [0.9890789 0.9999965 0.5539518] | [692 1052 1040]
16 167 3 | [16788 22127 11] | [0.97515357 0.9700964 0.9974584] | [16788 22127 11]
16 170 3 | [23117 7039 11] | [0.98129874 0.9998363 0.99906504] | [23117 7039 11]
16 173 2 | [34503 11 16980] | [0.4277372 0.43123 0.66503245] | [34503 85176]
16 175 1 | [719 350 553] | [0.62627727 0.9996114 0.80680436] | [83432]
16 176 3 | [553 6558 728] | [0.8062161 0.9781635 0.99999994] | [553 6558 728]
16 179 3 | [3019 411 15060] | [0.9033113 0.73817563 0.9990746] | [3019 411 15060]
16 182 3 | [25 271 12] | [0.92677766 0.9999997 0.6987431] | [25 271 57201]
16 185 3 | [25 198 12] | [0.99998796 0.9999998 0.99999315] | [25 198 12]
16 188 3 | [54582 314 264] | [0.7140595 0.9999168 0.9990654] | [54582 314 264]
16 191 3 | [1834 303 279] | [0.9994099 0.998064 0.89794236] | [1834 303 279]
16 194 3 | [2199 314 264] | [0.999745 0.9996849 0.9999722] | [2199 314 264]
16 197 3 | [2682 65521 198] | [0.99997663 0.9999975 0.8837062] | [2682 65521 198]
16 200 2 | [12 4045 264] | [0.9999962 0.88369375 0.9912249] | [12 5486]
16 202 3 | [12247 5918 198] | [0.99961126 0.9993544 0.9398728] | [12247 5918 198]
16 205 3 | [12 30132 661] | [0.99999374 0.31158206 0.9997178] | [12 30132 661]
16 208 3 | [3447 25 39806] | [0.9999 0.82437474 0.9785588] | [3447 25 39806]
16 211 3 | [11 10054 11] | [0.99999833 0.9999674 0.9999994] | [11 10054 11]
16 214 3 | [47965 314 13437] | [0.99968964 0.96947026 0.9955569] | [47965 314 13437]
16 217 3 | [21047 198 12] | [0.99996006 0.9999665 0.99999946] | [21047 198 12]
16 220 2 | [42594 279 2682] | [0.5144487 0.5711762 0.99998856] | [42594 10976]
16 222 3 | [321 20608 198] | [0.99857247 0.9998204 0.99972886] | [321 20608 198]
16 225 2 | [12 19670 4788] | [0.9999459 0.14087644 0.9886727] | [12 18752]
16 227 3 | [383 7875 4788] | [0.9999813 0.974063 0.9999529] | [383 7875 4788]
16 230 3 | [321 3471 4562] | [0.99304944 0.99987257 0.99997884] | [321 3471 4562]
16 233 2 | [318 2337 314] | [0.50210786 0.24741694 0.47273216] | [318 3122]
16 235 3 | [23920 11 523] | [0.99925977 0.99792784 0.92647177] | [23920 11 523]
16 238 1 | [36942 11 4788] | [0.36435685 0.99991435 0.29634202] | [21078]
16 239 3 | [11 4788 20600] | [0.9999647 0.43854338 0.34049034] | [11 4788 20600]
16 242 2 | [11 279 3364] | [0.99075824 0.41309786 0.23642899] | [11 15530]
16 244 2 | [321 13696 11] | [0.54605365 0.8254993 0.953687] | [321 4086]
16 246 3 | [4623 11 279] | [0.995134 0.9227249 0.3570821] | [4623 11 279]
16 249 3 | [54884 579 4864] | [0.23114018 0.9976158 0.23454852] | [54884 579 2279]
16 252 3 | [11 279 3364] | [0.9636913 0.4682401 0.264052] | [11 279 42508]
16 255 1 | [291 1785 11] | [0.9431529 0.6730949 0.6619748] | [350]
16 256 1 | [11 279 1785] | [0.6943896 0.39190012 0.09402556] | [1785]
16 257 1 | [11 4831 5946] | [0.62639433 0.32384875 0.999972] | [8]
16 258 3 | [198 12 1942] | [0.99999976 0.99999315 0.5206459] | [198 12 30691]
16 261 3 | [1040 264 15511] | [0.9999775 0.99030465 0.99974424] | [1040 264 15511]
16 264 3 | [314 264 7875] | [0.9998286 0.99964356 0.9999862] | [314 264 7875]
16 267 2 | [3255 198 12] | [0.9998203 0.7229431 0.99998945] | [3255 318]
16 269 3 | [316 2460 286] | [0.63173014 0.9998443 0.9999627] | [316 2460 1518]
16 272 3 | [321 1238 8] | [0.730636 0.99988335 0.65613556] | [321 1238 8]
16 275 3 | [198 12 5339] | [0.99999887 0.9999975 0.509861] | [198 12 27714]
16 278 3 | [21599 466 30751] | [0.99964035 0.9954023 0.99994373] | [21599 466 30751]
16 281 3 | [3874 198 12] | [0.96088284 0.9995988 0.9999936] | [3874 198 12]
16 284 3 | [5339 1637 11] | [0.9999775 0.99997365 0.99504644] | [5339 1637 11]
16 287 3 | [3162 41272 198] | [0.99999714 0.9999982 0.9988162] | [3162 41272 198]
16 290 2 | [12 3835 16] | [0.9999703 0.56780136 0.9999994] | [12 220]
16 292 3 | [16 15 15] | [0.99997467 0.99763006 1] | [16 15 15]
16 295 3 | [15 4105 271] | [0.99999994 0.99987775 0.8151134] | [15 4105 271]
16 298 3 | [9764 728 1683] | [0.9975195 0.9999999 0.90124685] | [9764 728 1683]
16 301 3 | [883 279 6047] | [0.9992716 0.94074285 0.6449527] | [883 279 6047]
16 304 2 | [25 198 12] | [0.9281288 0.87505865 0.99999976] | [25 353]
16 306 3 | [3172 716 424] | [0.9995713 0.8446506 0.97345424] | [3172 716 424]
16 309 3 | [2261 279 29314] | [0.770752 0.94307715 0.34798634] | [2261 279 29314]
16 312 3 | [314 16788 22127] | [0.9993214 0.7131439 0.9998592] | [314 16788 22127]
16 315 2 | [466 23117 7039] | [0.75964993 0.46816814 0.9999787] | [466 8106]
16 317 2 | [34503 357 13] | [0.52126265 0.82817644 0.70998156] | [34503 85176]
16 319 1 | [636 350 471] | [0.43932578 0.9857689 0.7919217] | [83432]
16 320 3 | [471 279 2521] | [0.5175782 0.5783635 0.37168577] | [471 279 328]
16 323 3 | [2479 1 314] | [0.9650305 0.93594265 0.7049506] | [2479 1 314]
16 326 2 | [279 30315 13] | [0.98950213 0.5115214 0.9553531] | [279 19825]
16 328 3 | [13 6558 728] | [0.93268025 0.4730349 0.8501655] | [13 6558 728]
16 331 3 | [708 440 16788] | [0.9972157 0.9999412 0.43258983] | [708 440 2094]
16 334 3 | [220 16 22] | [0.92085296 0.8477817 0.22603615] | [220 16 16]
16 337 1 | [15 12 16] | [0.3810363 0.71474004 0.9998807] | [22]
16 338 3 | [25858 11 2261] | [0.9706076 0.33707622 0.37508872] | [25858 11 16788]
16 341 3 | [22127 579 29314] | [0.9999203 0.96362203 0.5702016] | [22127 579 29314]
16 344 3 | [11 948 279] | [0.91081965 0.3955605 0.5528914] | [11 948 279]
16 347 3 | [19825 557 506] | [0.8101732 0.8477108 0.97900873] | [19825 557 506]
16 350 3 | [1141 11848 49653] | [0.9991192 0.8497914 0.8587285] | [1141 11848 49653]
16 353 3 | [12450 13 561] | [0.99960935 0.96875495 0.23030047] | [12450 13 1061]
16 356 3 | [6486 728 264] | [0.9463852 0.753744 0.3544749] | [6486 728 4788]
16 359 3 | [2193 471 279] | [0.7317864 0.85570925 0.82240635] | [2193 471 14046]
16 362 2 | [11 59197 11] | [0.8777938 0.44209024 0.9760896] | [11 279]
16 364 1 | [414 565 1068] | [0.5541596 0.9196801 0.5043489] | [9598]
16 365 1 | [11 279 414] | [0.8915713 0.7907057 0.114690244] | [579]
16 366 1 | [3364 11 279] | [0.43245554 0.969608 0.9391717] | [80183]
16 367 3 | [2279 11 279] | [0.7994983 0.9988074 0.94846773] | [2279 11 279]
16 370 1 | [22770 1881 279] | [0.1405702 0.9948238 0.72753745] | [54884]
16 371 2 | [579 3364 11] | [0.9879928 0.22596008 0.5422589] | [579 4363]
16 373 2 | [314 21838 11] | [0.44270584 0.40668416 0.50728655] | [314 16784]
16 375 1 | [11 279 2172] | [0.5013901 0.8877462 0.083152734] | [13]
16 376 3 | [271 760 2682] | [0.9999661 0.63782877 0.9883688] | [271 760 2682]
16 379 2 | [65521 579 1834] | [0.99983865 0.52923775 0.7178971] | [65521 25]
16 381 3 | [353 3172 1236] | [0.9861037 0.9946307 0.6373811] | [353 3172 1236]
16 384 3 | [1384 264 645] | [0.86366206 0.95542514 0.6656035] | [1384 264 83561]
16 387 1 | [1663 466 264] | [0.4463128 0.75726044 0.573564] | [21111]
16 388 2 | [466 264 913] | [0.89003885 0.7879995 0.33284885] | [466 177469]
16 390 1 | [824 471 264] | [0.67196745 0.68901867 0.37217292] | [38889]
16 391 3 | [13 6558 728] | [0.6869372 0.8421646 0.9989132] | [13 6558 728]
16 394 3 | [708 440 264] | [0.75380963 0.99966496 0.99124604] | [708 440 264]
16 397 1 | [5523 4676 466] | [0.79569364 0.925945 0.6167187] | [83561]
16 398 3 | [21111 471 264] | [0.9997725 0.98782676 0.5533592] | [21111 471 8545]
16 401 1 | [11 440 264] | [0.33438614 0.6182308 0.8473001] | [19423]
16 402 2 | [11 19601 11] | [0.88864744 0.28695908 0.4220647] | [11 7397]
16 404 1 | [4600 13 1216] | [0.63366765 0.7887509 0.37747076] | [12]
16 405 1 | [42974 30497 13] | [0.5026548 0.9222405 0.9178301] | [811]
16 406 3 | [23145 30497 13] | [0.99982804 0.98746246 0.9395855] | [23145 30497 13]
16 409 3 | [1216 579 264] | [0.37287015 0.9051238 0.27248994] | [1216 579 978]
16 412 1 | [303 279 42508] | [0.87218696 0.9572753 0.2374697] | [10488]
16 413 2 | [364 264 1345] | [0.93478733 0.71711016 0.93458956] | [364 3679]
16 415 3 | [1578 13 1216] | [0.9998559 0.8087056 0.67403245] | [1578 13 1216]
16 418 3 | [579 524 264] | [0.9555642 0.4547669 0.9860691] | [579 524 264]
16 421 2 | [19743 471 551] | [0.93936753 0.91856647 0.95577866] | [19743 694]
16 423 1 | [264 19743 471] | [0.6703552 0.13261719 0.74414796] | [8106]
16 424 3 | [264 1845 855] | [0.9631755 0.3300791 0.90479094] | [264 1845 855]
16 427 2 | [852 48286 310] | [0.98489106 0.416968 0.6774624] | [852 5898]
16 429 2 | [5387 310 279] | [0.92318594 0.44893605 0.9460596] | [5387 1083]
16 431 3 | [279 42508 350] | [0.985012 0.6528494 0.9997919] | [279 42508 350]
16 434 3 | [318 64 4047] | [0.602282 0.75123465 0.6489156] | [318 64 76503]
16 437 1 | [8 471 264] | [0.7936391 0.8245092 0.59978753] | [968]
16 438 3 | [8 471 264] | [0.76942956 0.8407715 0.690015] | [8 471 411]
16 441 2 | [11039 264 6000] | [0.5451598 0.4177811 0.8417114] | [11039 3471]
16 443 3 | [22373 13 2441] | [0.96447957 0.98374987 0.8708456] | [22373 13 2441]
16 446 1 | [551 1362 381] | [0.46532065 0.8571816 0.9942489] | [6970]
16 447 2 | [551 579 264] | [0.9394383 0.94562966 0.8891623] | [551 3314]
16 449 3 | [264 19743 471] | [0.99786776 0.96437496 0.5140844] | [264 19743 11]
16 452 2 | [16508 494 264] | [0.70401645 0.7226264 0.66551703] | [16508 303]
16 454 1 | [264 3980 13] | [0.5722866 0.9753497 0.81018436] | [279]
16 455 3 | [414 565 1068] | [0.9913186 0.9991337 0.9937913] | [414 565 1068]
16 458 1 | [24146 13 1061] | [0.5845463 0.720741 0.4676684] | [14534]
16 459 1 | [13 6558 728] | [0.3946328 0.48401946 0.99999213] | [471]
16 460 2 | [421 579 1546] | [0.3517613 0.8035513 0.25633103] | [421 19213]
16 462 3 | [310 16788 22127] | [0.46982667 0.9502035 0.99992687] | [310 16788 22127]
16 465 2 | [579 14046 13] | [0.9995964 0.43041483 0.7557912] | [579 59197]
16 467 3 | [82 13 271] | [0.9658355 0.83536327 0.48589513] | [82 13 271]
16 470 3 | [9764 728 3165] | [0.8852511 0.99999535 0.5024599] | [9764 728 1236]
16 473 3 | [1384 264 414] | [0.9111861 0.98532295 0.8904736] | [1384 264 414]
16 476 3 | [565 1068 855] | [0.99997437 0.9999696 0.25835422] | [565 1068 57831]
16 479 1 | [11 16508 303] | [0.55581087 0.58259183 0.76380694] | [471]
16 480 2 | [411 369 2172] | [0.15198079 0.5375884 0.34752342] | [411 31966]
16 482 2 | [310 279 4788] | [0.9908789 0.8268111 0.69240206] | [310 16788]
16 484 3 | [22127 579 4788] | [0.999882 0.99988234 0.39998025] | [22127 579 24146]
16 487 3 | [318 16 15] | [0.47427246 0.8681907 0.8149143] | [318 16 15]
16 490 3 | [16 12 16] | [0.9995372 0.9993336 0.99999994] | [16 12 16]
16 493 3 | [15 21 25858] | [0.99753207 0.98194903 0.97940016] | [15 21 25858]
16 496 2 | [681 321 279] | [0.652749 0.31553262 0.47577357] | [681 279]
16 498 2 | [4788 2193 314] | [0.40888196 0.3930734 0.8959896] | [4788 4125]
16 500 2 | [314 279 30315] | [0.99877316 0.32773444 0.2410427] | [314 59197]
16 502 2 | [321 14046 11] | [0.68926734 0.66960925 0.98821634] | [321 64205]
16 504 3 | [394 1078 11] | [0.99886936 0.9983979 0.9501796] | [394 1078 11]
16 507 2 | [279 3471 5759] | [0.58382624 0.084463276 0.38313633] | [279 401]
16 509 3 | [24509 1954 314] | [0.9992034 0.99929714 0.6385838] | [24509 1954 314]
16 512 1 | [279 1785 13] | [0.90680605 0.5204836 0.9754935] | [66483]
16 513 3 | [30404 13 271] | [0.9997366 0.9402313 0.92255163] | [30404 13 271]
16 516 1 | [22101 21599 5350] | [0.5151455 0.9962257 0.8546077] | [32133]
16 517 2 | [314 264 1834] | [0.9971146 0.63901156 0.9997764] | [314 279]
16 519 3 | [1834 25 353] | [0.99974966 0.91329587 0.8353515] | [1834 25 27078]
16 522 1 | [13 353 3172] | [0.27986422 0.64972234 0.99318296] | [303]
16 523 3 | [279 42508 350] | [0.99789476 0.9013306 0.99988693] | [279 42508 350]
16 526 2 | [318 29653 2812] | [0.82572865 0.75313586 0.4219676] | [318 5882]
16 528 3 | [65521 2812 681] | [0.9921222 0.6260826 0.50940347] | [65521 2812 553]
16 531 3 | [15676 11 11834] | [0.36206594 0.9038989 0.41184148] | [15676 11 11834]
16 534 2 | [11 279 6353] | [0.9912583 0.5107402 0.7411991] | [11 8106]
16 536 2 | [264 4299 303] | [0.4612008 0.6105946 0.4686018] | [264 4088]
16 538 3 | [1472 279 3177] | [0.70693773 0.9987753 0.47424236] | [1472 279 3177]
16 541 2 | [13 561 1834] | [0.4945306 0.7086004 0.45623514] | [13 353]
16 543 3 | [3172 5077 383] | [0.9941097 0.24683264 0.9999448] | [3172 5077 383]
16 546 3 | [279 6353 1238] | [0.8470951 0.9038739 0.57175887] | [279 6353 13618]
16 549 2 | [471 4706 11] | [0.54440224 0.41277736 0.49491552] | [471 46040]
16 551 2 | [11 279 21388] | [0.9051061 0.736502 0.43421024] | [11 4706]
16 553 1 | [11 279 6353] | [0.83699995 0.46524358 0.3353898] | [318]
16 554 3 | [1856 12247 681] | [0.4753939 0.9982351 0.9438127] | [1856 12247 471]
16 557 1 | [1066 4706 681] | [0.5092373 0.7724875 0.4313067] | [6970]
16 558 1 | [54654 681 11834] | [0.18470329 0.5876808 0.76647097] | [6380]
16 559 1 | [54654 681 11834] | [0.53376377 0.6473514 0.61344826] | [440]
16 560 1 | [9600 681 279] | [0.3867387 0.519969 0.4645412] | [21664]
16 561 1 | [50307 11 466] | [0.53216714 0.4046444 0.7273362] | [9600]
16 562 1 | [681 11834 11] | [0.5075155 0.6832541 0.7802631] | [11]
16 563 1 | [466 264 29548] | [0.31236017 0.23919617 0.2311794] | [40469]
16 564 1 | [11 466 279] | [0.49600145 0.29681554 0.23016948] | [681]
16 565 1 | [279 6353 303] | [0.6148705 0.2228 0.4060404] | [11834]
16 566 2 | [11 11107 1472] | [0.6341465 0.38941243 0.58479047] | [11 321]
16 568 3 | [1179 264 4299] | [0.8158322 0.4446136 0.56332844] | [1179 264 4299]
16 571 3 | [303 279 3177] | [0.399008 0.9979241 0.8964896] | [303 279 3177]
16 574 1 | [1332 551 15175] | [0.36799994 0.9723496 0.35645372] | [13]
16 575 1 | [2233 12247 13] | [0.34280825 0.9964599 0.62116003] | [271]
16 576 1 | [22101 21599 5350] | [0.3607626 0.98890173 0.8571818] | [50]
16 577 3 | [704 661 3447] | [0.9999626 0.9999989 0.9905223] | [704 661 3447]
16 580 3 | [25 198 12] | [0.9962157 0.95341057 0.9999996] | [25 198 12]
16 583 3 | [4245 598 25] | [0.94946617 0.7400978 0.9998094] | [4245 598 25]
16 586 1 | [279 29690 35424] | [0.36908776 0.22160284 0.7794296] | [5415]
16 587 2 | [11 27056 5415] | [0.70395446 0.39038286 0.4627401] | [11 26576]
16 589 2 | [11 279 9114] | [0.99712896 0.6700098 0.1563033] | [11 14780]
16 591 1 | [26576 11 279] | [0.48473012 0.9861258 0.7174577] | [82582]
16 592 2 | [11 279 21388] | [0.936702 0.9533468 0.76223475] | [11 15530]
16 594 1 | [494 279 1146] | [0.6017946 0.99635994 0.38043162] | [26912]
16 595 3 | [11 279 21388] | [0.95948607 0.93871206 0.89031106] | [11 279 345]
16 598 3 | [8365 579 21388] | [0.99989295 0.40106696 0.5896676] | [8365 579 25348]
16 601 2 | [11 279 21388] | [0.9779427 0.84546256 0.9870454] | [11 3503]
16 603 2 | [1081 198 12] | [0.9999746 0.5378302 0.99999607] | [1081 494]
16 605 3 | [54994 198 12] | [0.98653126 0.70498025 0.9999969] | [54994 198 12]
16 608 3 | [14174 25 279] | [0.48395807 0.999999 0.97070295] | [14174 25 1145]
16 611 1 | [8332 11 279] | [0.54320276 0.82997406 0.6522983] | [18476]
16 612 3 | [314 21664 50307] | [0.5362966 0.79646885 0.80314624] | [314 21664 50307]
16 615 3 | [11 279 2696] | [0.65242827 0.8784031 0.35587293] | [11 279 3177]
16 618 1 | [579 11639 11] | [0.9306697 0.6474596 0.99924356] | [46040]
16 619 2 | [11 279 21388] | [0.6365399 0.94749343 0.3748078] | [11 7171]
16 621 2 | [21992 11 279] | [0.77124345 0.99869466 0.68097115] | [21992 383]
16 623 1 | [32709 863 31437] | [0.9930802 0.9999933 0.99408066] | [9506]
16 624 2 | [11 279 21388] | [0.98699045 0.84418285 0.24601308] | [11 18867]
16 626 1 | [11 17326 198] | [0.43490273 0.50520563 0.9614232] | [80945]
16 627 2 | [11 279 21388] | [0.8475372 0.3492493 0.48293847] | [11 19053]
16 629 3 | [198 12 11441] | [0.92098975 0.9999994 0.6379429] | [198 12 63131]
16 632 3 | [25 279 21388] | [0.9999969 0.94203573 0.94535494] | [25 279 42508]
16 635 2 | [350 18921 11] | [0.99998033 0.67826194 0.9824398] | [350 63080]
16 637 3 | [11 279 21388] | [0.9943722 0.9144703 0.50572604] | [11 279 4115]
16 640 1 | [3536 350 11] | [0.7361425 0.99993664 0.9881868] | [171270]
16 641 2 | [367 466 279] | [0.999598 0.3406611 0.253932] | [367 14]
16 643 1 | [5901 734 275] | [0.59615624 0.994577 0.9981495] | [3751]
16 644 2 | [57177 62795 275] | [0.95463145 0.7818027 0.5758492] | [57177 88983]
16 646 1 | [275 298 303] | [0.9299385 0.14125825 0.5426073] | [79900]
16 647 1 | [932 303 279] | [0.59427184 0.7751561 0.5640688] | [15254]
16 648 2 | [303 5821 11] | [0.5227387 0.62697744 0.99600387] | [303 279]
16 650 3 | [5821 11 279] | [0.9930014 0.99412876 0.8867512] | [5821 11 279]
16 653 1 | [9598 579 12098] | [0.11679275 0.87065595 0.45273852] | [3593]
16 654 2 | [5512 11 279] | [0.99365383 0.977511 0.9652513] | [5512 9014]
16 656 3 | [11 279 21388] | [0.73188287 0.9217224 0.1855198] | [11 279 7736]
16 659 3 | [314 279 3177] | [0.43724203 0.96958023 0.280166] | [314 279 3177]
16 662 3 | [198 12 46499] | [0.5656906 0.9995086 0.12583607] | [198 12 18752]
16 665 2 | [25 279 21388] | [0.9998851 0.948135 0.8492734] | [25 10841]
16 667 3 | [9506 11 279] | [0.9149758 0.9877139 0.67478085] | [9506 11 5415]
16 670 3 | [383 6574 11] | [0.6477878 0.9898901 0.99785054] | [383 6574 11]
16 673 3 | [279 4528 314] | [0.8203626 0.69569194 0.99963236] | [279 4528 314]
16 676 1 | [279 19601 198] | [0.3515915 0.24357481 0.6793471] | [6380]
16 677 1 | [198 12 56035] | [0.22813642 0.9999789 0.67077625] | [9600]
16 678 3 | [198 12 56035] | [0.5521138 0.99999756 0.58191687] | [198 12 56035]
16 681 2 | [25 279 21388] | [0.9999936 0.9592669 0.55187845] | [25 4018]
16 683 3 | [10858 11 279] | [0.9842609 0.9315203 0.29024875] | [10858 11 15530]
16 686 3 | [11 2919 271] | [0.9952509 0.3153261 0.86237323] | [11 2919 290]
16 689 3 | [12701 271 22101] | [0.96951514 0.8246939 0.97393286] | [12701 271 22101]
16 692 3 | [21599 5350 266] | [0.9989861 0.96997625 0.5068908] | [21599 5350 225059]
16 695 2 | [25 353 3172] | [0.9999751 0.4812091 0.99937594] | [25 6558]
16 697 3 | [728 1683 314] | [0.9999843 0.7521842 0.93754464] | [728 1683 314]
16 700 2 | [2414 4752 13] | [0.999338 0.7875427 0.79871917] | [2414 33692]
16 702 3 | [13 357 414] | [0.94607514 0.9011648 0.6846991] | [13 357 21599]
16 705 2 | [494 279 414] | [0.2629551 0.5489306 0.9601667] | [494 264]
16 707 2 | [3050 913 314] | [0.73566294 0.20750071 0.94741887] | [3050 7796]
16 709 1 | [471 6970 264] | [0.8046994 0.6557726 0.9052314] | [303]
16 710 2 | [414 565 667] | [0.958518 0.9671204 0.80951947] | [414 26174]
16 712 2 | [471 264 1248] | [0.7694067 0.36744353 0.34360462] | [471 6970]
16 714 2 | [264 5144 33582] | [0.670486 0.0959324 0.93618196] | [264 7974]
16 716 2 | [21599 3808 279] | [0.58268726 0.8781972 0.750114] | [21599 303]
16 718 1 | [279 5893 314] | [0.9479301 0.99995196 0.9999882] | [264]
16 719 1 | [5215 383 780] | [0.3916495 0.6087222 0.6340418] | [3050]
16 720 2 | [5215 383 780] | [0.8311108 0.47951785 0.5660573] | [5215 13]
16 722 3 | [2441 264 21599] | [0.9988123 0.8661121 0.29675558] | [2441 264 30751]
16 725 2 | [471 264 414] | [0.80553645 0.61135626 0.8672744] | [471 414]
16 727 3 | [565 1068 30751] | [0.99999064 0.9944284 0.1157049] | [565 1068 41087]
16 730 1 | [1000 599 995] | [0.23397736 0.92181706 0.46630028] | [6807]
16 731 3 | [995 51841 13] | [0.713911 0.6401173 0.9177931] | [995 51841 13]
16 734 3 | [6558 728 708] | [0.5655254 0.99999326 0.75300515] | [6558 728 635]
16 737 2 | [264 21599 383] | [0.9603876 0.47083843 0.31057698] | [264 30751]
16 739 3 | [25 264 414] | [0.5988808 0.9688593 0.4373561] | [25 264 35336]
16 742 1 | [24463 318 35] | [0.16085202 0.32274044 0.2599789] | [579]
16 743 2 | [1901 30751 383] | [0.9505881 0.24050005 0.5047379] | [1901 25570]
16 745 2 | [290 3808 279] | [0.9998596 0.34926394 0.7803447] | [290 303]
16 747 1 | [1214 7588 383] | [0.18974642 0.99427533 0.5603045] | [6105]
16 748 1 | [321 4022 3055] | [0.6271158 0.8149808 0.6794431] | [35721]
16 749 1 | [3055 279 1844] | [0.5355137 0.94928277 0.11956833] | [383]
16 750 1 | [279 2047 3008] | [0.6712848 0.6916038 0.9886776] | [780]
16 751 2 | [8906 16388 14] | [0.72525394 0.61305636 0.4269757] | [8906 87449]
16 753 2 | [11 440 264] | [0.94035447 0.4619727 0.7197295] | [11 2725]
16 755 2 | [440 264 414] | [0.51934516 0.7391086 0.36503473] | [440 23083]
16 757 3 | [321 264 29321] | [0.98148274 0.33521107 0.4291913] | [321 264 29321]
16 760 2 | [11 694 440] | [0.5613125 0.45835847 0.5011882] | [11 279]
16 762 3 | [414 565 1068] | [0.7917458 0.9999958 0.9996049] | [414 565 1068]
16 765 3 | [7489 314 279] | [0.64791155 0.7396789 0.9658521] | [7489 314 836]
16 768 1 | [36153 13 1921] | [0.17554827 0.5403501 0.4549915] | [9593]
16 769 1 | [13 1921 424] | [0.5518138 0.48984483 0.48447824] | [1799]
16 770 1 | [17762 13 1921] | [0.23043093 0.9508421 0.31331465] | [7430]
16 771 1 | [287 13 32645] | [0.79137224 0.56747514 0.32446554] | [4967]
16 772 3 | [284 13 32645] | [0.9998937 0.6661893 0.37957138] | [284 13 1921]
16 775 1 | [424 579 978] | [0.66270953 0.98406255 0.61325973] | [24443]
16 776 2 | [25774 471 6970] | [0.27357075 0.56156474 0.46524417] | [25774 3023]
16 778 1 | [471 279 21599] | [0.46116275 0.506448 0.66143245] | [539]
16 779 2 | [264 21599 471] | [0.96548736 0.30911452 0.7152915] | [264 42269]
16 781 2 | [10679 471 748] | [0.71760315 0.567808 0.23729472] | [10679 494]
16 783 2 | [279 324 19911] | [0.9747639 0.12047108 0.34592664] | [279 42508]
16 785 3 | [350 471 748] | [0.99995667 0.6414302 0.65545577] | [350 471 748]
16 788 3 | [424 579 264] | [0.58925694 0.96289265 0.35966069] | [424 579 264]
16 791 1 | [21599 421 579] | [0.32806322 0.43616658 0.8311689] | [30751]
16 792 3 | [421 579 4139] | [0.6470535 0.8538351 0.5826778] | [421 579 978]
16 795 1 | [4139 12 15062] | [0.285886 0.20950569 0.48896056] | [33931]
16 796 1 | [19510 14 1908] | [0.23241623 0.3240183 0.6688572] | [687]
16 797 2 | [4289 13 1061] | [0.9998773 0.3701254 0.7078201] | [4289 11]
16 799 1 | [264 21599 421] | [0.24223877 0.3028234 0.4789355] | [8755]
16 800 3 | [279 2627 3837] | [0.6371258 0.37147573 0.99999815] | [279 2627 3837]
16 803 3 | [314 780 9284] | [0.99899507 0.69362897 0.95680434] | [314 780 9284]
16 806 2 | [13 1061 369] | [0.8715463 0.47968876 0.96325755] | [13 2844]
16 808 2 | [579 4752 321] | [0.9987439 0.62512785 0.9408692] | [579 7737]
16 810 3 | [321 4752 13] | [0.73656994 0.80318755 0.9983873] | [321 4752 13]
16 813 2 | [271 9764 728] | [0.9994241 0.5070036 0.99999976] | [271 77289]
16 815 1 | [321 3471 4562] | [0.9812448 0.9989916 0.9994834] | [88355]
16 816 2 | [4562 25 198] | [0.9884432 0.655788 0.8593931] | [4562 310]
16 818 3 | [65230 303 25] | [0.9845718 0.9999765 0.9999473] | [65230 303 25]
16 821 3 | [198 12 561] | [0.99960834 0.9999987 0.58664614] | [198 12 561]
16 824 1 | [414 565 1068] | [0.76945466 0.99998784 0.9999485] | [15530]
16 825 3 | [321 4086 4623] | [0.98956126 0.999872 0.99999535] | [321 4086 4623]
16 828 3 | [318 822 334] | [0.5641228 0.2844805 0.98769146] | [318 822 334]
16 831 3 | [1778 4086 4140] | [0.9999906 0.9948352 0.50407124] | [1778 4086 4140]
16 834 3 | [8 471 279] | [0.99960065 0.74720615 0.73880476] | [8 471 9976]
16 837 2 | [279 7604 303] | [0.78137404 0.5053762 0.41169608] | [279 30599]
16 839 1 | [7604 198 12] | [0.2649062 0.97978914 0.99999964] | [4479]
16 840 3 | [448 198 12] | [0.9914341 0.96337414 0.9999987] | [448 198 12]
16 843 2 | [561 54884 579] | [0.83537644 0.37330067 0.9887668] | [561 401]
16 845 3 | [24509 1954 314] | [0.9994757 0.9978776 0.71491027] | [24509 1954 314]
16 848 3 | [2682 2679 2878] | [0.6115754 0.9989352 0.99845207] | [2682 2679 2878]
16 851 2 | [430 328 64] | [0.47360027 0.65928376 0.115480624] | [430 3234]
16 853 3 | [198 12 561] | [0.9078535 0.99999887 0.6543557] | [198 12 561]
16 856 3 | [9598 579 4864] | [0.630381 0.9808731 0.258622] | [9598 579 24081]
16 859 2 | [31037 198 12] | [0.99674416 0.46753857 0.99999994] | [31037 1172]
16 861 1 | [16788 22127 579] | [0.99742955 0.9994269 0.5808862] | [279]
16 862 1 | [33178 198 12] | [0.5700333 0.9222809 0.99999964] | [54884]
16 863 3 | [198 12 16788] | [0.83319813 0.99999964 0.4831785] | [198 12 561]
16 866 3 | [59197 314 414] | [0.37713468 0.69364303 0.57350004] | [59197 314 414]
16 869 2 | [26174 430 279] | [0.9853417 0.38193718 0.47488415] | [26174 321]
16 871 3 | [279 64205 394] | [0.7926464 0.50350314 0.999266] | [279 64205 394]
16 874 3 | [1078 314 1141] | [0.9998281 0.89315885 0.8676583] | [1078 314 1141]
16 877 3 | [1208 198 12] | [0.98734874 0.9993564 0.9999988] | [1208 198 12]
16 880 3 | [561 523 21078] | [0.8446393 0.36824897 0.9724398] | [561 523 21078]
16 883 2 | [471 279 7604] | [0.58254486 0.6317451 0.2773686] | [471 3167]
16 885 3 | [2147 5212 5972] | [0.99987054 0.993862 0.97891283] | [2147 5212 5972]
16 888 2 | [13 30621 198] | [0.97320426 0.26895 0.9693537] | [13 4047]
16 890 1 | [1208 198 12] | [0.7477298 0.99778295 0.9999948] | [382]
16 891 3 | [198 12 561] | [0.89081264 0.99999666 0.9771274] | [198 12 561]
16 894 1 | [2029 421 2682] | [0.37923437 0.9978207 0.7251072] | [42508]
16 895 2 | [350 430 264] | [0.99986744 0.6507409 0.78334385] | [350 1785]
16 897 2 | [471 279 42508] | [0.4608244 0.51395833 0.164185] | [471 2682]
16 899 3 | [2679 2878 430] | [0.999496 0.9998751 0.851171] | [2679 2878 430]
16 902 1 | [12567 539 836] | [0.36856496 0.50273776 0.45359212] | [21115]
16 903 3 | [198 12 561] | [0.7300992 0.99994576 0.9504227] | [198 12 561]
16 906 3 | [54884 579 4864] | [0.1976934 0.9789429 0.20725274] | [54884 579 3739]
16 909 3 | [430 4788 7141] | [0.4500117 0.5562178 0.4010017] | [430 4788 25852]
16 912 3 | [271 9764 728] | [0.95298755 0.9067148 0.99999994] | [271 9764 728]
16 915 3 | [3165 411 430] | [0.61645293 0.95909303 0.5183309] | [3165 411 506]
16 918 3 | [12805 220 16] | [0.8815117 0.9999681 0.9994662] | [12805 220 16]
16 921 3 | [15 15 15] | [0.9999988 1 1] | [15 15 15]
16 924 2 | [4105 11 303] | [0.99993235 0.5112694 0.22818102] | [4105 13]
16 926 3 | [5339 1637 11] | [0.43657526 0.9999771 0.9841934] | [5339 1637 11]
16 929 3 | [3162 41272 11] | [0.9999977 0.9999455 0.6125999] | [3162 41272 13]
16 932 2 | [271 9764 728] | [0.7610695 0.8724958 0.9999997] | [271 22238]
16 934 3 | [25 198 12] | [0.998407 0.9922711 0.9959482] | [25 198 12]
16 937 3 | [38706 25 33362] | [0.7142517 0.9937903 0.49658665] | [38706 25 457]
16 940 3 | [1703 303 279] | [0.99980015 0.9132057 0.99995184] | [1703 303 279]
16 943 3 | [42508 350 198] | [0.9640774 0.99997485 0.54628515] | [42508 350 11]
16 946 3 | [46368 3447 198] | [0.7573391 0.68727756 0.99105096] | [46368 3447 198]
16 949 2 | [12 27078 25] | [0.99999964 0.7317908 0.78756446] | [12 15676]
16 951 1 | [321 6353 25] | [0.2818558 0.67766446 0.49862105] | [43190]
16 952 3 | [31908 318 1856] | [0.99991053 0.52348536 0.7969666] | [31908 318 1856]
16 955 3 | [12247 8 198] | [0.999151 0.8149065 0.99884534] | [12247 8 198]
16 958 2 | [12 27078 303] | [0.9999978 0.58970636 0.40417877] | [12 57525]
16 960 1 | [198 12 37762] | [0.41180086 0.9999985 0.6404223] | [11]
16 961 1 | [6353 13618 198] | [0.4176399 0.7792251 0.9979154] | [15752]
16 962 3 | [440 975 2682] | [0.99904007 0.7582641 0.7141634] | [440 975 2682]
16 965 3 | [2679 2878 198] | [0.9998974 0.999169 0.9712442] | [2679 2878 198]
16 968 3 | [12 357 4299] | [0.9999984 0.37356505 0.52253807] | [12 357 4299]
16 971 1 | [303 279 3177] | [0.65100336 0.9996615 0.98887986] | [421]
16 972 3 | [27692 383 279] | [0.3247916 0.9906614 0.6851092] | [27692 383 11169]
16 975 2 | [318 35542 11107] | [0.33240703 0.73790365 0.35538325] | [318 377]
16 977 2 | [3144 264 3543] | [0.9740892 0.70545673 0.5807007] | [3144 3543]
16 979 1 | [883 279 54884] | [0.79243374 0.93508863 0.77566797] | [11]
16 980 2 | [8847 264 5918] | [0.3738612 0.52037525 0.19005604] | [8847 2414]
16 982 1 | [8 198 12] | [0.7983552 0.9999901 0.99999726] | [303]
16 983 3 | [279 3177 8] | [0.999405 0.98855716 0.9966645] | [279 3177 8]
16 986 3 | [198 12 59054] | [0.9999991 0.9999985 0.82597387] | [198 12 561]
16 989 3 | [21599 5350 30751] | [0.9920509 0.9607545 0.84842336] | [21599 5350 225059]
16 992 2 | [3874 198 12] | [0.83193195 0.9715668 0.99999815] | [3874 53904]
16 994 2 | [303 198 12] | [0.9651068 0.7888436 0.9999963] | [303 17185]
16 996 3 | [198 12 59054] | [0.9998491 0.99999744 0.9679092] | [198 12 59054]
16 999 2 | [421 25133 279] | [0.73930293 0.32436678 0.72319704] | [421 23197]
16 1001 3 | [264 7875 3255] | [0.61264145 0.989393 0.9805544] | [264 7875 3255]
16 1004 2 | [318 1719 1727] | [0.47241607 0.29516023 0.6197229] | [318 276]
16 1006 3 | [14072 4226 11] | [0.9926184 0.9387352 0.9416438] | [14072 4226 11]
16 1009 2 | [264 3725 1484] | [0.47472987 0.09004754 0.71451557] | [264 4779]
16 1011 1 | [11 264 5357] | [0.8377036 0.8978782 0.15493001] | [314]
16 1012 1 | [1092 3571 1518] | [0.4370612 0.52073884 0.99997205] | [1518]
16 1013 3 | [11 264 3725] | [0.76895046 0.881587 0.16087079] | [11 264 5357]
16 1016 2 | [314 3769 8] | [0.99934185 0.21738757 0.9968724] | [314 1092]
16 1018 2 | [579 4840 8] | [0.62187666 0.9738333 0.9808373] | [579 310]
16 1020 3 | [2445 8 271] | [0.9999161 0.99983233 0.97598493] | [2445 8 271]
16 1023 3 | [9764 728 3165] | [0.9995777 0.9999997 0.95491034] | [9764 728 3165]
16 1026 3 | [411 1381 11] | [0.77961165 0.9910772 0.7858687] | [411 1381 11]
16 1029 3 | [35848 364 2094] | [0.9991893 0.99986 0.34234756] | [35848 364 2094]
16 1032 3 | [220 16 15] | [0.9999982 0.99993235 0.9997115] | [220 16 15]
16 1035 3 | [15 15 4105] | [0.99999994 0.9999997 0.99997765] | [15 15 4105]
16 1038 3 | [13 198 510] | [0.9988266 0.99563456 0.3205603] | [13 198 248069]
16 1041 3 | [271 2 561] | [0.9999999 0.9960862 0.37046024] | [271 2 561]
16 1044 1 | [14175 321 279] | [0.38977563 0.6471014 0.9944876] | [16030]
16 1045 3 | [314 14175 271] | [0.99979156 0.5614843 0.96996397] | [314 14175 271]
16 1048 3 | [40 37444 310] | [0.68783545 0.9730157 0.40255955] | [40 37444 310]
16 1051 3 | [279 21388 314] | [0.99989504 0.7559282 0.99913466] | [279 21388 314]
16 1054 3 | [27056 5415 321] | [0.43127984 0.79649055 0.8636891] | [27056 5415 321]
16 1057 1 | [279 5983 35721] | [0.8712808 0.27599669 0.53740764] | [14780]
16 1058 1 | [37937 11 279] | [0.87127584 0.83719724 0.8088627] | [82582]
16 1059 3 | [11 279 1560] | [0.83281404 0.8979081 0.53440815] | [11 279 1330]
16 1062 1 | [352 19159 793] | [0.40952966 0.7896662 0.63005185] | [1100]
16 1063 3 | [779 421 995] | [0.9999892 0.94796973 0.624762] | [779 421 995]
16 1066 1 | [3512 279 4690] | [0.53558916 0.9222984 0.34156746] | [14458]
16 1067 3 | [1452 821 2199] | [0.99906087 0.43887737 0.52081794] | [1452 821 54433]
16 1070 2 | [8405 279 1560] | [0.999986 0.6917688 0.99876267] | [8405 748]
16 1072 2 | [25522 421 2250] | [0.7948835 0.4775583 0.4342965] | [25522 888]
16 1074 3 | [2250 1578 421] | [0.93342644 0.99934816 0.99165446] | [2250 1578 303]
16 1077 2 | [279 348 75] | [0.9982939 0.7265825 0.9991418] | [279 43663]
16 1079 2 | [350 421 353] | [0.99999875 0.9240258 0.4875186] | [350 71291]
16 1081 3 | [421 353 995] | [0.99769694 0.7392313 0.42441604] | [421 353 874]
16 1084 2 | [4860 14541 279] | [0.99999976 0.7014438 0.78745264] | [4860 9393]
16 1086 3 | [1070 430 8387] | [0.8968911 0.9345925 0.5792275] | [1070 430 38463]
16 1089 3 | [13 2302 998] | [0.94163805 0.6184623 0.95139796] | [13 2302 998]
16 1092 3 | [4777 279 21388] | [0.98203003 0.8390569 0.39186504] | [4777 279 21388]
16 1095 2 | [314 279 1814] | [0.9998627 0.34113988 0.9192924] | [314 1602]
16 1097 3 | [13282 13 561] | [0.9834622 0.9611363 0.6033169] | [13282 13 42166]
16 1100 3 | [728 11 279] | [0.9880584 0.99334323 0.97089493] | [728 11 279]
16 1103 1 | [50690 382 314] | [0.31237474 0.9999163 0.6166785] | [9506]
16 1104 3 | [21482 314 279] | [0.67435974 0.8877225 0.9998251] | [21482 314 279]
16 1107 1 | [28158 10303 557] | [0.748317 0.999671 0.3200193] | [91492]
16 1108 1 | [5467 264 14979] | [0.6120807 0.5254862 0.8880998] | [567]
16 1109 2 | [409 440 279] | [0.9839369 0.8856401 0.99089414] | [409 9464]
16 1111 2 | [40249 494 279] | [0.99999255 0.48629224 0.9135161] | [40249 11]
16 1113 3 | [321 264 3074] | [0.96950525 0.3887995 0.88925385] | [321 264 3074]
16 1116 2 | [5758 10729 1472] | [0.96979266 0.98256963 0.25945023] | [5758 16970]
16 1118 1 | [279 1500 383] | [0.58283675 0.2553508 0.607702] | [821]
16 1119 2 | [49530 440 279] | [0.6272483 0.31285238 0.9097272] | [49530 1040]
16 1121 3 | [264 8981 13907] | [0.99795705 0.815238 0.50501454] | [264 8981 13907]
16 1124 1 | [13 353 557] | [0.5257944 0.8637273 0.6438857] | [20970]
16 1125 1 | [506 728 13] | [0.44550693 0.8390711 0.91434634] | [728]
16 1126 2 | [8574 279 12515] | [0.68345934 0.7051399 0.3374705] | [8574 2361]
16 1128 1 | [6353 13 271] | [0.5910607 0.8827392 0.8033825] | [1834]
16 1129 3 | [13 271 40] | [0.9017018 0.8810024 0.44016838] | [13 271 760]
16 1132 2 | [63080 557 4147] | [0.3211375 0.9645001 0.31036896] | [63080 7551]
16 1134 2 | [279 4706 18921] | [0.99822384 0.6432934 0.43235934] | [279 10679]
16 1136 1 | [5817 557 2582] | [0.57478034 0.5537271 0.62304646] | [15309]
16 1137 3 | [1114 5817 557] | [0.9805384 0.9279918 0.8622389] | [1114 5817 557]
16 1140 2 | [2582 13282 13] | [0.9988768 0.2475611 0.7194431] | [2582 16850]
16 1142 2 | [13 357 7497] | [0.7803927 0.5201029 0.25891855] | [13 60387]
16 1144 1 | [50307 1145 21248] | [0.92517465 0.90360594 0.45117444] | [348]
16 1145 2 | [64117 350 9] | [0.7734821 0.496539 0.9860099] | [64117 284]
16 1147 2 | [9 1145 21248] | [0.9990911 0.76701546 0.38862416] | [9 50307]
16 1149 3 | [1145 10866 2272] | [0.9472787 0.8106145 0.69553846] | [1145 10866 2272]
16 1152 1 | [1754 975 303] | [0.5677446 0.99995303 0.89751315] | [21664]
17 482 3 | [198 760 1156] | [0.84550744 0.99999624 0.99999833] | [198 760 1156]
17 485 3 | [369 9859 364] | [0.996874 0.9944951 0.9924266] | [369 9859 364]
17 488 3 | [449 303 29322] | [0.94205564 0.99997115 0.99999994] | [449 303 29322]
17 491 3 | [6157 314 279] | [0.99996847 0.99998003 0.8761933] | [6157 314 279]
17 494 3 | [8889 869 314] | [0.9999299 0.9999926 0.999999] | [8889 869 314]
17 497 3 | [3476 922 82] | [0.9999618 0.99999696 0.94992435] | [3476 922 82]
17 500 3 | [10201 3018 383] | [0.978099 0.9732653 0.99999964] | [10201 3018 383]
17 503 3 | [13263 10810 795] | [0.37025407 0.96840847 0.9999945] | [13263 10810 795]
17 506 1 | [314 3478 3476] | [0.45952195 0.8409286 0.99997866] | [3766]
17 507 2 | [13 6558 728] | [0.9895978 0.47158208 0.99999994] | [13 2302]
17 509 2 | [2908 3766 3050] | [0.97533154 0.9636024 0.35573426] | [2908 2574]
17 511 3 | [728 3050 795] | [0.9902526 0.6042555 0.92507994] | [728 3050 795]
17 514 1 | [883 25 271] | [0.4631919 0.37110013 0.87422955] | [3387]
17 515 3 | [883 25 271] | [0.770905 0.6441511 0.85414505] | [883 25 271]
17 518 3 | [16 13 22577] | [0.9999995 0.99999946 0.8447003] | [16 13 22577]
17 521 3 | [896 22240 29460] | [0.99999994 0.99998903 0.9998472] | [896 22240 29460]
17 524 1 | [10499 7742 3476] | [0.34359732 0.8311093 0.9999871] | [76304]
17 525 3 | [7742 3476 922] | [0.999766 0.9999576 0.99999905] | [7742 3476 922]
17 528 3 | [82 423 8152] | [0.9999995 0.99925756 0.9999962] | [82 423 8152]
17 531 3 | [357 318 15] | [0.999969 0.9992882 0.9999623] | [357 318 15]
17 534 3 | [15 20 21] | [0.99999994 1 0.99999917] | [15 20 21]
17 537 3 | [16 18 1590] | [1 1 0.77322865] | [16 18 8]
17 540 3 | [471 264 1167] | [0.96976346 0.7958805 0.45489046] | [471 264 1167]
17 543 3 | [35 5370 3674] | [0.9999614 0.9949483 0.8412009] | [35 5370 3476]
17 546 3 | [922 82 3674] | [0.99997723 0.7815252 0.99322814] | [922 82 3674]
17 549 3 | [198 17 13] | [0.9067848 0.9999998 1] | [198 17 13]
17 552 1 | [5440 579 3476] | [0.4331498 0.77093637 0.99711335] | [84060]
17 553 3 | [3476 922 82] | [0.999936 0.9999939 0.9999991] | [3476 922 82]
17 556 3 | [7757 471 264] | [0.99911326 0.81886744 0.5104191] | [7757 471 5440]
17 559 3 | [579 12363 3476] | [0.99667096 0.94901407 0.9895635] | [579 12363 3476]
17 562 3 | [922 82 1857] | [0.9999395 0.9999321 0.42672998] | [922 82 1857]
17 565 3 | [198 18 13] | [0.8990041 1 0.99999845] | [198 18 13]
17 568 3 | [27344 1918 4906] | [0.98053664 0.7905202 0.99599177] | [27344 1918 4906]
17 571 3 | [4082 220 20] | [0.5112146 0.9421571 0.99999964] | [4082 220 20]
17 574 3 | [23 9711 569] | [0.9999988 0.99456275 0.8694896] | [23 9711 569]
17 577 3 | [3476 922 82] | [0.9999724 0.99999255 0.99999994] | [3476 922 82]
17 580 3 | [271 9764 728] | [0.57208574 0.63590515 1] | [271 9764 728]
17 583 3 | [3300 264 15352] | [0.671443 0.99998796 0.9905172] | [3300 264 15352]
17 586 1 | [11 31838 6157] | [0.7877044 0.45622525 0.99470407] | [6157]
17 587 3 | [17661 25 198] | [0.996728 0.5718082 0.998239] | [17661 25 198]
17 590 3 | [12 26988 4906] | [0.99999976 0.5421223 0.62779766] | [12 26988 2981]
17 593 1 | [4906 198 12] | [0.5634064 0.30930862 0.9999994] | [17793]
17 594 3 | [198 12 28380] | [0.6264934 0.9999996 0.39132786] | [198 12 20025]
17 597 1 | [11960 1881 279] | [0.32732502 0.42351544 0.9352249] | [6157]
17 598 2 | [314 1754 3674] | [0.46630037 0.4352612 0.96063715] | [314 279]
17 600 3 | [3050 3674 198] | [0.82504547 0.94258565 0.9434885] | [3050 3674 198]
17 603 2 | [12 20025 314] | [0.99999964 0.1568239 0.38917303] | [12 50007]
17 605 3 | [3476 922 82] | [0.8978197 0.99998534 0.9998238] | [3476 922 82]
17 608 3 | [2981 6157 198] | [0.98674256 0.30756733 0.99830806] | [2981 6157 198]
17 611 2 | [12 28380 1918] | [0.99998933 0.5617008 0.84893405] | [12 39379]
17 613 1 | [18336 24891 198] | [0.556623 0.23663656 0.9997188] | [11258]
17 614 1 | [4906 198 12] | [0.7026738 0.90820545 0.9999966] | [6157]
17 615 3 | [198 12 30260] | [0.97686875 0.99999815 0.76959586] | [198 12 31187]
17 618 3 | [869 14996 198] | [0.953209 0.8718188 0.9998547] | [869 14996 198]
17 621 2 | [12 30260 9085] | [0.9999967 0.8737749 0.9128124] | [12 51572]
17 623 3 | [2699 321 36515] | [0.9999711 0.9713731 0.8837756] | [2699 321 10175]
17 626 3 | [198 12 26988] | [0.99981666 0.9999903 0.43359575] | [198 12 21477]
17 629 3 | [29261 36515 271] | [0.999822 0.43754408 0.9856568] | [29261 36515 271]
17 632 3 | [40 3172 5759] | [0.9908967 0.6134885 0.8326603] | [40 3172 5759]
17 635 3 | [411 430 264] | [0.99977875 0.97138727 0.98402476] | [411 430 264]
17 638 1 | [6376 8889 6157] | [0.69856286 0.5079037 0.983822] | [16908]
17 639 1 | [11 6376 8889] | [0.66709465 0.9917902 0.59155416] | [8889]
17 640 2 | [6157 303 8193] | [0.9643646 0.7992654 0.98360634] | [6157 1830]
17 642 3 | [13 198 9764] | [0.5825958 0.99988335 0.7186386] | [13 198 248069]
17 645 3 | [271 2 31187] | [0.9999998 0.99999994 0.568115] | [271 2 733]
17 648 3 | [12 19173 17775] | [0.9969913 0.9999035 0.99973387] | [12 19173 17775]
17 651 2 | [314 279 31187] | [0.91290766 0.38767865 0.9999026] | [314 3476]
17 653 3 | [922 82 12808] | [0.9999945 0.9999385 0.97851926] | [922 82 12808]
17 656 3 | [31187 4997 271] | [0.99986684 0.99926466 0.9527344] | [31187 4997 271]
17 659 3 | [550 353 13] | [0.9986717 0.8487485 0.9999873] | [550 353 13]
17 662 3 | [17346 20858 271] | [0.8330943 0.984896 0.8354003] | [17346 20858 271]
17 665 3 | [27775 383 279] | [0.6569324 0.9999854 0.99937785] | [27775 383 279]
17 668 1 | [795 3766 11] | [0.5604298 0.80754536 0.50502825] | [3766]
17 669 2 | [795 11 279] | [0.8943198 0.4271976 0.9778475] | [795 53915]
17 671 1 | [12805 220 21] | [0.52415293 0.71156 0.78868353] | [494]
17 672 1 | [3988 220 17] | [0.51647586 0.99361396 1] | [220]
17 673 3 | [17 15 16] | [0.999927 0.999991 0.9999979] | [17 15 16]
17 676 3 | [23 310 5869] | [0.99987876 0.78387934 0.3865485] | [23 310 5869]
17 679 3 | [220 17 15] | [0.999964 0.9999278 0.99999547] | [220 17 15]
17 682 3 | [17 20 11] | [1 0.9999933 0.9989825] | [17 20 11]
17 685 3 | [279 3476 922] | [0.72737396 0.7217418 0.99999666] | [279 3476 922]
17 688 2 | [82 10173 48056] | [0.9999693 0.5413724 0.25794035] | [82 8889]
17 690 2 | [17865 17855 264] | [0.98030907 0.40045655 0.9833576] | [17865 2218]
17 692 2 | [20385 3521 321] | [0.9962338 0.40614286 0.6748464] | [20385 303]
17 694 1 | [279 3521 1167] | [0.4546086 0.3615101 0.19176395] | [7633]
17 695 3 | [11388 318 9461] | [0.88365895 0.5559813 0.60336465] | [11388 318 19492]
17 698 1 | [279 1167 35] | [0.6759048 0.83727986 0.999961] | [1167]
17 699 3 | [35 5370 10201] | [0.9989047 0.99975973 0.6680229] | [35 5370 10201]
17 702 3 | [8 321 303] | [0.98866343 0.9999987 0.47473803] | [8 321 5440]
17 705 3 | [579 12363 3476] | [0.9999846 0.9974676 0.4492886] | [579 12363 569]
17 708 3 | [3476 922 82] | [0.998056 0.99999225 0.9998894] | [3476 922 82]
17 711 3 | [2981 2218 596] | [0.9248851 0.99740946 0.15828033] | [2981 2218 79]
17 714 3 | [9292 264 9238] | [0.99999595 0.9953653 0.519964] | [9292 264 78971]
17 717 2 | [6588 13 561] | [0.9837266 0.48481852 0.7911014] | [6588 314]
17 719 2 | [22469 6310 11] | [0.647309 0.5262887 0.9494135] | [22469 694]
17 721 1 | [7578 4523 11] | [0.17795226 0.91643834 0.8148776] | [58302]
17 722 3 | [4523 11 440] | [0.8512338 0.76724446 0.39348412] | [4523 11 10173]
17 725 1 | [20466 2325 11] | [0.7531091 0.999978 0.9984247] | [12331]
17 726 1 | [11 321 264] | [0.9988742 0.9985339 0.29210272] | [28240]
17 727 3 | [11 321 4927] | [0.99997383 0.9999352 0.3725493] | [11 321 39577]
17 730 2 | [50265 16779 13] | [0.5755563 0.35238713 0.9972664] | [50265 4530]
17 732 3 | [13 561 7830] | [0.98316836 0.6043103 0.48048908] | [13 561 7830]
17 735 3 | [8889 869 369] | [0.5679762 0.6250915 0.8312896] | [8889 869 369]
17 738 3 | [2972 2508 56684] | [0.69941723 0.64745957 0.954544] | [2972 2508 261]
17 741 3 | [2565 6572 694] | [0.99987006 0.99512476 0.3782654] | [2565 6572 694]
17 744 1 | [440 23016 24580] | [0.84485763 0.46441084 0.77144676] | [7309]
17 745 1 | [41491 332 7463] | [0.35603577 0.88306725 0.4001807] | [85010]
17 746 2 | [539 9052 913] | [0.72124434 0.80089253 0.5952437] | [539 10173]
17 748 3 | [11 51356 11] | [0.87148595 0.4787677 0.99999285] | [11 51356 11]
17 751 2 | [321 9052 913] | [0.99997485 0.464916 0.67322814] | [321 17856]
17 753 1 | [314 279 10458] | [0.4558751 0.4382517 0.303933] | [159034]
17 754 3 | [271 4277 271] | [0.9968131 0.9999987 0.99999994] | [271 4277 271]
17 757 3 | [550 7696 13] | [0.9999983 0.99987566 0.99999964] | [550 7696 13]
17 760 3 | [22577 896 22240] | [0.5464017 0.99999654 0.9981528] | [22577 896 22240]
17 763 2 | [29460 7633 46141] | [0.9999691 0.30413568 0.5357994] | [29460 76304]
17 765 3 | [7742 3476 922] | [0.9982815 0.9996548 0.9999988] | [7742 3476 922]
17 768 3 | [82 423 8152] | [0.99999875 0.8559184 0.9999886] | [82 423 8152]
17 771 3 | [357 318 15] | [0.9999532 0.99954194 0.9821766] | [357 318 15]
17 774 3 | [15 20 21] | [0.99999905 0.99999994 0.9999998] | [15 20 21]
17 777 3 | [16 18 8] | [1 1 0.57870215] | [16 18 8]
17 780 3 | [1317 12808 17775] | [0.34314537 0.36855865 0.53370416] | [1317 12808 89583]
17 783 3 | [17775 271 13962] | [0.97932225 0.9999942 0.9622895] | [17775 271 13962]
17 786 1 | [5141 52369 271] | [0.3297453 0.48789805 0.70051986] | [357]
17 787 2 | [13 20025 11976] | [0.9993584 0.91261524 0.69304925] | [13 5546]
17 789 3 | [9009 4056 20025] | [0.97707 0.9999996 0.9759017] | [9009 4056 20025]
17 792 1 | [318 17 15] | [0.31893104 0.49781126 0.9998043] | [35059]
17 793 3 | [271 91 50693] | [0.96522254 0.9988918 0.98608756] | [271 91 50693]
17 796 3 | [735 4997 735] | [0.9999656 0.98052967 0.9991682] | [735 4997 735]
17 799 1 | [13977 1633 735] | [0.48589465 0.99662 0.9998502] | [69628]
17 800 3 | [362 735 198] | [0.99998015 0.9997083 0.99999946] | [362 735 198]
17 803 3 | [91 502 91] | [1 0.972036 0.9999996] | [91 502 91]
17 806 3 | [20308 91 746] | [0.99966294 0.9999976 0.9856575] | [20308 91 746]
17 809 3 | [91 198 91] | [0.999904 0.9999999 0.9999999] | [91 198 91]
17 812 3 | [733 963 735] | [0.66188526 0.9999207 0.37882757] | [733 963 2544]
17 815 2 | [735 220 17] | [0.99984103 0.50357 0.9983168] | [735 5632]
17 817 3 | [220 17 21] | [0.9999996 0.999997 0.99999964] | [220 17 21]
17 820 3 | [11 220 17] | [0.99998075 0.99997395 0.99999875] | [11 220 17]
17 823 3 | [15 16 23] | [0.99999624 1 1] | [15 16 23]
17 826 3 | [735 3835 21] | [0.96635854 0.9829027 0.99692345] | [735 3835 21]
17 829 3 | [13 22 1578] | [0.98726535 0.84859586 0.98649997] | [13 22 1578]
17 832 2 | [314 5488 735] | [0.9184631 0.23024212 0.9992222] | [314 3627]
17 834 3 | [3150 735 198] | [0.99988794 0.999457 0.99999934] | [3150 735 198]
17 837 3 | [91 51513 791] | [0.99998385 0.88873696 0.8158365] | [91 51513 791]
17 840 3 | [7703 735 220] | [0.9681743 0.8162326 0.99619645] | [7703 735 220]
17 843 3 | [16 13 18] | [0.999982 0.9999329 0.99999976] | [16 13 18]
17 846 3 | [20 21 23] | [0.99999803 0.99999994 0.99999994] | [20 21 23]
17 849 2 | [735 3835 16] | [0.95317316 0.6488459 0.9995973] | [735 478]
17 851 3 | [18 20 13] | [0.761727 0.9425595 0.9999934] | [18 20 13]
17 854 3 | [21 23 4] | [0.9997689 0.99998415 0.9997883] | [21 23 4]
17 857 1 | [19344 8457 735] | [0.25472513 0.18019691 0.61756456] | [38523]
17 858 1 | [2394 51637 735] | [0.2868462 0.9831488 0.97562236] | [735]
17 859 3 | [198 91 30539] | [0.99999815 0.9999545 0.8519575] | [198 91 8439]
17 862 1 | [733 963 735] | [0.89166236 0.9999962 0.8591592] | [30463]
17 863 3 | [963 3301 735] | [0.99993306 0.53588194 0.99553996] | [963 3301 735]
17 866 1 | [220 19 13] | [0.6248519 0.9997767 0.9999993] | [478]
17 867 3 | [19 13 24] | [0.999856 0.99999976 0.9999994] | [19 13 24]
17 870 3 | [15 4 735] | [0.99996763 0.99993247 0.94172025] | [15 4 735]
17 873 1 | [3835 21 13] | [0.25561193 0.36868158 0.99556875] | [6855]
17 874 1 | [1051 3032 7234] | [0.53570646 0.55677795 0.3456036] | [94391]
17 875 2 | [3559 279 3521] | [0.7295915 0.34845984 0.36162025] | [3559 51513]
17 877 3 | [6310 735 198] | [0.6948587 0.9482023 0.99996334] | [6310 735 198]
17 880 2 | [91 24157 1452] | [0.9999957 0.4152853 0.5572319] | [91 220]
17 882 2 | [16 28184 81] | [0.99859756 0.68268985 0.9932117] | [16 68493]
17 884 3 | [3301 735 478] | [0.5899241 0.99957263 0.99660593] | [3301 735 478]
17 887 3 | [21 13 16] | [0.9999946 1 1] | [21 13 16]
17 890 3 | [17 4 735] | [1 0.999939 0.99957] | [17 4 735]
17 893 3 | [5473 467 6572] | [0.5249316 0.999982 0.571217] | [5473 467 6572]
17 896 1 | [460 735 198] | [0.6103205 0.9988406 0.9995679] | [735]
17 897 3 | [198 91 220] | [0.9997842 0.99999976 0.97882867] | [198 91 220]
17 900 3 | [16 5084 5850] | [0.9978027 0.9915076 0.9999865] | [16 5084 5850]
17 903 3 | [3301 735 471] | [0.978166 0.9998201 0.7863144] | [3301 735 471]
17 906 3 | [16 13 24] | [0.99999905 1 1] | [16 13 24]
17 909 3 | [19 4 735] | [0.99859357 0.99999434 0.9997199] | [19 4 735]
17 912 3 | [10382 9375 7968] | [0.9412917 0.9998562 0.23036894] | [10382 9375 25423]
17 915 3 | [735 198 91] | [0.9793382 0.99955076 0.9999983] | [735 198 91]
17 918 3 | [220 16 12] | [0.9774075 0.99948734 0.9312557] | [220 16 12]
17 921 3 | [16552 3301 735] | [0.99969 0.9846798 0.9999877] | [16552 3301 735]
17 924 3 | [478 16 13] | [0.9999196 0.99999785 1] | [478 16 13]
17 927 3 | [16 23 4] | [0.99997073 0.9999997 0.9999958] | [16 23 4]
17 930 3 | [735 33155 40158] | [0.99985653 0.27445337 0.85362136] | [735 33155 79979]
17 933 3 | [735 198 91] | [0.9968215 0.72087294 0.9999991] | [735 198 91]
17 936 3 | [12998 10079 735] | [0.9764869 0.9699024 0.9758395] | [12998 10079 318]
17 939 3 | [17770 220 16] | [0.91192544 0.99856734 0.9999916] | [17770 220 16]
17 942 3 | [21 8 735] | [0.99989784 0.7760991 0.9999954] | [21 8 735]
17 945 3 | [478 16 13] | [0.9999768 1 0.99999994] | [478 16 13]
17 948 3 | [21 21 4] | [1 0.99999994 0.9999857] | [21 21 4]
17 951 2 | [735 37963 40158] | [0.99998516 0.16784486 0.9469588] | [735 42451]
17 953 1 | [40158 735 271] | [0.51745486 0.41966376 0.97934896] | [22546]
17 954 3 | [735 271 13962] | [0.9497323 0.97895503 0.85989636] | [735 271 13962]
17 957 3 | [417 13 33513] | [0.9283124 0.9998512 0.7948457] | [417 13 33513]
17 960 1 | [17775 25 561] | [0.84304917 0.5031952 0.9317624] | [83441]
17 961 3 | [25 561 55971] | [0.9791846 0.74978685 0.57903945] | [25 561 51513]
17 964 1 | [4534 12 5423] | [0.44628066 0.892505 0.9396276] | [5972]
17 965 3 | [13 3301 55971] | [0.99995184 0.9040784 0.92705506] | [13 3301 55971]
17 968 2 | [271 1919 369] | [0.9927102 0.6485204 0.9877504] | [271 32]
17 970 3 | [20587 60826 369] | [0.6683365 0.23712055 0.481991] | [20587 60826 6513]
17 973 2 | [25 2972 760] | [0.78723544 0.6220612 0.422748] | [25 279]
17 975 2 | [51513 369 2972] | [0.68236375 0.4883825 0.85065633] | [51513 682]
17 977 2 | [14276 494 220] | [0.85143477 0.35756534 0.9412491] | [14276 2972]
17 979 3 | [18 20 13] | [0.99201834 0.9999825 0.99999535] | [18 20 13]
17 982 3 | [21 23 4] | [0.99992317 0.9999861 0.9904579] | [21 23 188460]
17 985 3 | [2394 51637 11] | [0.9239125 0.99599844 0.8682336] | [2394 51637 11]
17 988 3 | [3482 279 38523] | [0.796627 0.9565832 0.8266539] | [3482 279 10661]
17 991 3 | [328 10957 3309] | [0.8520473 0.9532426 0.99920857] | [328 10957 3309]
17 994 2 | [963 460 1] | [0.9999154 0.77614594 0.99923503] | [963 8457]
17 996 3 | [1 369 1132] | [0.9987573 0.983895 0.9998339] | [1 369 1132]
17 999 3 | [2972 19 13] | [0.9998809 0.9988037 0.99999994] | [2972 19 13]
17 1002 3 | [24 15 4] | [0.99998116 0.9998266 0.9998933] | [24 15 4]
17 1005 1 | [7563 1061 12558] | [0.3409243 0.90591043 0.8807443] | [159034]
17 1006 3 | [1061 12558 369] | [0.91953564 0.7482565 0.5558009] | [1061 12558 314]
17 1009 3 | [12805 220 22] | [0.73998725 0.5827572 0.5474153] | [12805 220 18]
17 1012 2 | [15 13 22] | [0.90636855 0.564376 0.9993256] | [15 11086]
17 1014 3 | [3387 369 4222] | [0.9999869 0.6950161 0.2512571] | [3387 369 4409]
17 1017 2 | [7590 10921 539] | [0.98121244 0.95293957 0.9996959] | [7590 68045]
17 1019 2 | [310 25 271] | [0.9999821 0.50622654 0.95005304] | [310 2972]
17 1021 1 | [67 17456 332] | [0.18024132 0.98675466 0.43953034] | [57250]
17 1022 3 | [21473 41270 332] | [0.99998766 0.7700179 0.3632459] | [21473 41270 332]
17 1025 3 | [318 596 306] | [0.97709435 0.9615339 0.99991953] | [318 596 306]
17 1028 2 | [1364 8 421] | [0.9999888 0.20111561 0.4634943] | [1364 6945]
17 1030 1 | [680 310 279] | [0.5864323 0.48072672 0.7295779] | [310]
17 1031 1 | [14393 553 561] | [0.864037 0.8536676 0.49725562] | [632]
17 1032 3 | [402 31061 553] | [0.99979436 0.9931102 0.8911072] | [402 31061 553]
17 1035 1 | [3476 922 82] | [0.67340934 0.99998647 0.99995637] | [1061]
17 1036 3 | [369 264 8751] | [0.95074576 0.82193387 0.87966913] | [369 264 94327]
17 1039 3 | [314 3476 922] | [0.73454744 0.98153937 0.9999952] | [314 3476 922]
17 1042 3 | [82 10201 2218] | [0.9989258 0.7125926 0.46181166] | [82 10201 2218]
17 1045 1 | [11553 391 4098] | [0.11416198 0.8548822 0.38141018] | [56128]
17 1046 3 | [314 279 6511] | [0.99997616 0.7852223 0.28616342] | [314 279 2702]
17 1049 3 | [460 369 16508] | [0.9932475 0.8723486 0.31933364] | [460 369 12238]
17 1052 2 | [1472 8091 26565] | [0.41642657 0.30073416 0.3506856] | [1472 37073]
17 1054 2 | [7661 4598 1056] | [0.4720371 0.9394138 0.99999756] | [7661 41270]
17 1056 3 | [4598 1056 8091] | [0.99489766 0.9999986 0.45960543] | [4598 1056 6511]
17 1059 3 | [33739 13 271] | [0.98426443 0.9763315 0.6190633] | [33739 13 271]
17 1062 2 | [332 1536 11440] | [0.57379466 0.8718836 0.76896155] | [332 32755]
17 1064 2 | [468 4997 13977] | [0.99999154 0.5938901 0.85210705] | [468 13977]
17 1066 3 | [1633 64700 198] | [0.99932206 0.99995726 0.35962456] | [1633 64700 67177]
17 1069 1 | [852 14989 279] | [0.81673485 0.31743667 0.45107847] | [36319]
17 1070 3 | [411 3674 383] | [0.6465033 0.9951847 0.78012514] | [411 3674 20417]
17 1073 2 | [383 6511 33739] | [0.98566866 0.2618038 0.52761096] | [383 51513]
17 1075 2 | [6310 1000 3016] | [0.84930044 0.34820196 0.82808506] | [6310 668]
17 1077 1 | [33654 1172 2374] | [0.41206327 0.96315897 0.9815988] | [27051]
17 1078 1 | [1172 2374 1141] | [0.97772944 0.91547424 0.45880294] | [75794]
17 1079 3 | [1141 804 869] | [0.8760077 0.7512267 0.4454717] | [1141 804 2702]
17 1082 3 | [460 13 561] | [0.99844235 0.99263346 0.5247709] | [460 13 561]
17 1085 3 | [7139 9483 1452] | [0.2582008 0.60010386 0.97462815] | [7139 9483 1452]
17 1088 3 | [2702 460 318] | [0.7903795 0.99983114 0.2445951] | [2702 460 318]
17 1091 1 | [15693 41270 8] | [0.6029022 0.798736 0.94362867] | [88401]
17 1092 1 | [478 41270 8] | [0.9817055 0.58145034 0.99492294] | [6310]
17 1093 3 | [478 41270 8] | [0.9984709 0.658187 0.9859051] | [478 41270 8]
17 1096 3 | [888 3835 21] | [0.69743735 0.46874297 0.99505067] | [888 3835 21]
17 1099 3 | [13 22 1578] | [0.99988794 0.9996519 0.9998504] | [13 22 1578]
17 1102 3 | [369 12805 2972] | [0.9018233 0.7746706 0.89346653] | [369 12805 2972]
17 1105 1 | [20 13 15] | [0.5271829 0.96400625 0.365009] | [19]
17 1106 3 | [13 20 4006] | [0.9940258 0.33362395 0.84888405] | [13 20 4006]
17 1109 3 | [20 13 20] | [0.97015285 0.9806522 0.6054287] | [20 13 20]
17 1112 2 | [4 9483 1452] | [0.9970444 0.4478039 0.99961215] | [4 280]
17 1114 3 | [5668 13 5346] | [0.9998515 0.8241538 0.29687405] | [5668 13 93868]
17 1117 3 | [864 369 14257] | [0.7580201 0.8064485 0.22835234] | [864 369 25]
17 1120 3 | [198 12 20543] | [0.98496443 0.9999995 0.17510307] | [198 12 20543]
17 1123 1 | [279 3521 23673] | [0.7674996 0.36102647 0.6691299] | [3521]
17 1124 2 | [23673 14505 318] | [0.8562562 0.31735516 0.8178229] | [23673 1248]
17 1126 1 | [9375 47187 198] | [0.9862957 0.8926649 0.643307] | [22258]
17 1127 3 | [47187 29752 16] | [0.90842474 0.6104547 0.42785946] | [47187 29752 23]
17 1130 3 | [4006 16 15] | [0.7772025 0.9724635 0.9979654] | [4006 16 15]
17 1133 3 | [11007 198 12] | [0.9905462 0.99992 1] | [11007 198 12]
17 1136 3 | [56155 310 466] | [0.30381662 0.9975136 0.94535065] | [56155 310 466]
17 1139 3 | [9781 3294 3521] | [0.97325134 0.9911783 0.5809329] | [9781 3294 3521]
17 1142 3 | [10498 34237 198] | [0.8380929 0.9696099 0.9241462] | [10498 34237 198]
17 1145 3 | [12 733 1500] | [0.9999983 0.91012377 0.74138474] | [12 733 1500]
17 1148 2 | [440 279 25971] | [0.99998796 0.3072761 0.3245298] | [440 7633]
17 1150 3 | [46141 3476 922] | [0.6262477 0.9238225 0.9998821] | [46141 3476 922]
17 1153 3 | [82 10173 4906] | [0.93801475 0.27621606 0.46807528] | [82 10173 4906]
17 1156 1 | [888 279 1788] | [0.48350382 0.47965413 0.46876135] | [1675]
17 1157 3 | [12 17 15] | [0.9613124 0.99895805 1] | [12 17 15]
17 1160 3 | [17 15 271] | [0.9534226 0.6169358 0.58651596] | [17 15 4238]
17 1163 3 | [10439 271 13962] | [0.7535218 0.8719452 0.99769294] | [10439 271 13962]
17 1166 3 | [351 13 351] | [0.9999901 0.9999986 0.35817325] | [351 13 30260]
17 1169 2 | [12 8037 290] | [0.7229239 0.094148144 0.94071305] | [12 94851]
17 1171 1 | [3301 11976 271] | [0.31967562 0.9589827 0.94356626] | [9321]
17 1172 3 | [271 12 2972] | [0.9778518 0.9513734 0.7440311] | [271 12 561]
17 1175 1 | [2972 21 13] | [0.61143166 0.38710126 0.9413228] | [220]
17 1176 2 | [16 4514 460] | [0.5351246 0.74956924 0.66315514] | [16 21598]
17 1178 3 | [17177 314 471] | [0.71184397 0.6127049 0.8093696] | [17177 314 471]
17 1181 3 | [16 13 24] | [0.999959 0.9999999 1] | [16 13 24]
17 1184 3 | [19 4 321] | [0.99960315 0.9998901 0.25199553] | [19 4 21914]
17 1187 3 | [264 220 16] | [0.46635535 0.5656019 0.96267927] | [264 220 16]
17 1190 3 | [4514 8457 314] | [0.8672682 0.86908734 0.999964] | [4514 8457 314]
17 1193 3 | [478 21 13] | [0.7333738 0.9999998 0.99999857] | [478 21 13]
17 1196 3 | [16 17 4] | [0.99999994 0.9999991 0.9998372] | [16 17 4]
17 1199 2 | [12846 264 2972] | [0.9880678 0.48177153 0.89774525] | [12846 2972]
17 1201 1 | [12176 30136 369] | [0.26080793 0.9999874 0.4990499] | [13878]
17 1202 3 | [5331 47755 50963] | [0.9964793 0.53015524 0.9586669] | [5331 47755 7465]
17 1205 2 | [332 440 22469] | [0.8893894 0.64968693 0.26238433] | [332 13852]
17 1207 2 | [314 3521 3476] | [0.98660547 0.62906075 0.9983695] | [314 3476]
17 1209 3 | [922 82 440] | [0.9999553 0.9989621 0.17957185] | [922 82 303]
17 1212 2 | [264 41916 30222] | [0.31265575 0.32078123 1] | [264 1496]
17 1214 3 | [41606 4424 198] | [0.5872411 0.99712354 0.6250357] | [41606 4424 13]
17 1217 3 | [198 12 561] | [0.9997746 0.9999998 0.93872887] | [198 12 561]
17 1220 1 | [478 16 13] | [0.47179583 0.9996284 0.99999976] | [220]
17 1221 3 | [16 28547 478] | [0.928696 0.9490607 0.64847213] | [16 28547 40158]
17 1224 1 | [17437 16 13] | [0.611358 0.9999999 0.9444268] | [314]
17 1225 3 | [478 16 13] | [0.9788952 0.9999999 0.9999998] | [478 16 13]
17 1228 3 | [16 23 4] | [0.9999959 0.99999964 0.9997665] | [16 23 4]
17 1231 2 | [321 279 478] | [0.52646965 0.5130539 0.56821626] | [321 7071]
17 1233 1 | [478 16 13] | [0.66304344 0.9999998 1] | [8457]
17 1234 3 | [314 478 16] | [0.99996287 0.9918119 0.9999999] | [314 478 16]
17 1237 3 | [13 21 21] | [1 1 1] | [13 21 21]
17 1240 3 | [4 12832 279] | [0.9999901 0.51666814 0.46714082] | [4 12832 2972]
17 1243 3 | [8412 9375 25598] | [0.7983744 0.9995742 0.20836316] | [8412 9375 22546]
17 1246 2 | [12964 332 2614] | [0.65778613 0.99529374 0.45885423] | [12964 93868]
17 1248 3 | [10451 10278 310] | [0.790939 0.34980613 0.9999856] | [10451 10278 310]
17 1251 3 | [16175 314 22870] | [0.32789606 0.7853036 0.38727242] | [16175 314 22870]
17 1254 3 | [4238 14663 13] | [0.9523435 0.95936716 0.38016424] | [4238 14663 303]
17 1257 3 | [220 17 15] | [0.45497757 0.999999 0.9999957] | [220 17 15]
17 1260 3 | [17 20 13] | [0.9999964 0.9975918 0.98861843] | [17 20 13]
17 1263 3 | [198 12 561] | [0.99995357 0.99999964 0.78799593] | [198 12 561]
17 1266 1 | [220 21 13] | [0.2119212 0.74539745 0.9695486] | [3674]
17 1267 2 | [579 50963 318] | [0.9038564 0.30314407 0.54388124] | [579 13926]
17 1269 3 | [310 7633 11388] | [0.9981656 0.6233209 0.46657485] | [310 7633 11388]
17 1272 3 | [318 1966 11] | [0.9612937 0.38400486 0.9854672] | [318 1966 11]
17 1275 3 | [4357 11 6124] | [0.8193905 0.9999764 0.8741978] | [4357 11 6124]
17 1278 3 | [11 8071 8] | [0.9801112 0.8726798 0.788866] | [11 8071 8]
17 1281 3 | [3254 424 22651] | [0.8923461 0.91928685 0.6151014] | [3254 424 369]
17 1284 3 | [15739 310 2972] | [0.5431288 0.9999286 0.57508636] | [15739 310 2972]
17 1287 3 | [12359 4238 28240] | [0.7473985 0.98430693 0.47414887] | [12359 4238 23709]
17 1290 2 | [11 6988 9013] | [0.9242081 0.2721123 0.86794376] | [11 27959]
17 1292 1 | [13926 11 321] | [0.22554384 0.9988061 0.99992925] | [18456]
17 1293 3 | [318 49 8152] | [0.9742804 0.96349263 0.99995] | [318 49 8152]
17 1296 3 | [14 25895 681] | [0.63575435 0.999658 0.8755109] | [14 25895 24828]
17 1299 3 | [1457 681 321] | [0.9999607 0.89797986 0.9999745] | [1457 681 321]
17 1302 2 | [3521 6739 4530] | [0.5890015 0.24375662 0.63077664] | [3521 8094]
17 1304 3 | [1865 12039 25144] | [0.9995026 0.97773206 0.37168702] | [1865 12039 54939]
17 1307 1 | [332 318 68] | [0.9849768 0.9964071 0.7525315] | [159034]
17 1308 3 | [271 13962 414] | [0.99838024 0.52695626 0.9999922] | [271 13962 414]
17 1311 2 | [13 31187 4997] | [0.9999983 0.3183514 0.9608781] | [13 70229]
17 1313 3 | [20495 778 271] | [0.3016451 0.99832964 0.9000065] | [20495 778 271]
17 1316 3 | [12 2972 48] | [0.99950063 0.95954365 0.57553345] | [12 2972 48]
17 1319 3 | [35 5370 12079] | [0.99998236 0.99996465 0.28654107] | [35 5370 3297]
17 1322 2 | [5899 30260 64700] | [0.99897623 0.27069727 0.9997322] | [5899 84457]
17 1324 3 | [64700 1577 264] | [0.9900834 0.610856 0.96989906] | [64700 1577 264]
17 1327 3 | [1167 35 5370] | [0.7787205 0.99997765 0.99962264] | [1167 35 5370]
17 1330 3 | [3674 11 279] | [0.94730973 0.97930187 0.3808829] | [3674 11 14701]
17 1333 1 | [8390 1189 381] | [0.19691023 0.5282241 0.98775613] | [75235]
17 1334 3 | [32008 1189 381] | [0.99967885 0.86776125 0.98667413] | [32008 1189 381]
17 1337 3 | [3704 310 50265] | [0.39952198 0.9999961 0.24011181] | [3704 310 6988]
17 1340 3 | [9013 40652 13001] | [0.94000894 0.65966356 0.62622875] | [9013 40652 9201]
17 1343 2 | [11 31802 1865] | [0.8823915 0.777749 0.18030974] | [11 13188]
17 1345 1 | [26982 50265 321] | [0.70172995 0.94867367 0.56522405] | [6611]
17 1346 1 | [50265 31092 13] | [0.58993477 0.94278395 0.65668774] | [14418]
17 1347 3 | [40136 1767 4562] | [0.99247503 0.99483883 0.38437697] | [40136 1767 67132]
17 1350 3 | [880 13 198] | [0.9999447 0.89094687 0.9999974] | [880 13 198]
17 1353 3 | [12 2972 15900] | [0.99999934 0.99984854 0.8159566] | [12 2972 25480]
17 1356 3 | [30260 64700 423] | [0.47539243 0.9987458 0.79028255] | [30260 64700 423]
17 1359 2 | [8152 14 25895] | [0.999955 0.304191 0.999607] | [8152 93193]
17 1361 2 | [47851 12863 513] | [0.99999946 0.33112133 0.14095587] | [47851 51513]
17 1363 1 | [440 18954 24828] | [0.2353727 0.51109296 0.9969504] | [25300]
17 1364 1 | [279 16045 18954] | [0.32407236 0.43845606 0.7762484] | [16045]
17 1365 3 | [18954 24828 1457] | [0.72353303 0.84664893 0.9999754] | [18954 24828 1457]
17 1368 3 | [14 26313 56] | [0.64763093 0.99998474 0.9994525] | [14 26313 56]
17 1371 2 | [9052 13926 13] | [0.61931574 0.16374873 0.46154994] | [9052 4906]
17 1373 1 | [26 279 478] | [0.61539584 0.23777084 0.30542058] | [13]
17 1374 3 | [423 8152 33739] | [0.29954207 0.9999529 0.8911747] | [423 8152 33739]
17 1377 1 | [682 24443 4206] | [0.31283253 0.34652227 0.95843387] | [2627]
17 1378 2 | [2458 51513 6310] | [0.999229 0.46744 0.7011742] | [2458 4523]
17 1380 2 | [26 18954 24828] | [0.8285168 0.47450438 0.60749084] | [26 89883]
17 1382 1 | [2627 2458 1070] | [0.36227044 0.9983905 0.6811323] | [54925]
17 1383 3 | [1070 13 198] | [0.9936327 0.9953455 0.99941987] | [1070 13 198]
17 1386 3 | [12 2972 30317] | [0.99999845 0.9999652 0.45210135] | [12 2972 30317]
17 1389 1 | [321 39120 27662] | [0.48451313 0.6104751 0.85014546] | [64317]
17 1390 2 | [64700 561 3674] | [0.9954468 0.20348391 0.2832704] | [64700 414]
17 1392 3 | [17456 494 23589] | [0.9928342 0.37572023 0.67788005] | [17456 494 1167]
17 1395 3 | [35 5370 10201] | [0.99970365 0.99718076 0.8733165] | [35 5370 3476]
17 1398 3 | [922 82 10201] | [0.99998903 0.99992436 0.5170643] | [922 82 10201]
17 1401 3 | [1189 6564 4945] | [0.7713012 0.37363535 0.5373976] | [1189 6564 77735]
17 1404 3 | [3615 23398 318] | [0.99155253 0.25621045 0.26596174] | [3615 23398 303]
17 1407 1 | [279 16045 53096] | [0.77836263 0.61090153 0.31108037] | [2450]
17 1408 3 | [5656 13 271] | [0.6361228 0.7617283 0.86655796] | [5656 13 271]
17 1411 3 | [4277 271 550] | [0.99304354 0.9999999 0.99999994] | [4277 271 550]
17 1414 3 | [14016 13 5440] | [0.99997884 0.99999994 0.46438047] | [14016 13 84060]
17 1417 3 | [3476 922 82] | [0.99989074 0.99999505 0.999997] | [3476 922 82]
17 1420 3 | [7757 1317 5440] | [0.7638075 0.9841481 0.85077935] | [7757 1317 50007]
17 1423 3 | [7742 17775 271] | [0.59633213 0.69686013 0.99958444] | [7742 17775 271]
17 1426 3 | [13962 357 13] | [0.9999752 0.99933404 0.9999899] | [13962 357 13]
17 1429 2 | [7757 20025 271] | [0.77339715 0.98954004 0.566355] | [7757 89583]
17 1431 3 | [20025 271 91] | [0.9850138 0.9208759 0.9966217] | [20025 271 91]
17 1434 3 | [7757 735 783] | [0.9601687 0.9548977 0.7133833] | [7757 735 9116]
17 1437 1 | [735 41666 56] | [0.7983944 0.7359821 0.9999886] | [318]
17 1438 3 | [17770 220 16] | [0.99597836 0.9999736 0.99396265] | [17770 220 16]
17 1441 3 | [24 11 220] | [0.9997225 0.9387735 0.9998616] | [24 11 220]
17 1444 3 | [17 15 17] | [0.9999995 0.99976397 0.99999946] | [17 15 17]
17 1447 3 | [20 8 735] | [0.9999855 0.9999993 0.9999988] | [20 8 735]
17 1450 3 | [41666 56 735] | [0.94919974 0.9999743 0.93307763] | [41666 56 10079]
17 1453 3 | [735 5861 44] | [0.9999021 0.960987 0.9999725] | [735 5861 44]
17 1456 3 | [10079 735 198] | [0.99995035 0.9999995 0.98965406] | [10079 735 198]
17 1459 3 | [91 20308 91] | [0.9999934 0.9951584 0.9999995] | [91 20308 91]
17 1462 2 | [746 16077 91] | [0.99400693 0.8941493 0.9999949] | [746 14641]
17 1464 2 | [91 17549 91] | [0.9999847 0.77825236 0.99999136] | [91 4996]
17 1466 3 | [91 4996 91] | [0.9999973 0.9398121 0.99997616] | [91 4996 91]
17 1469 3 | [198 91 220] | [0.9999957 1 0.86784256] | [198 91 84060]
17 1472 3 | [3476 922 82] | [0.9999828 0.99998325 0.9999984] | [3476 922 82]
17 1475 2 | [318 35095 8] | [0.98995465 0.7250123 0.9717302] | [318 6755]
17 1477 3 | [8 735 220] | [0.9662711 0.99726766 0.9760038] | [8 735 220]
17 1480 3 | [23 16 17] | [0.999999 0.9999997 1] | [23 16 17]
17 1483 3 | [13 23 19] | [0.99999994 1 1] | [13 23 19]
17 1486 3 | [735 478 16] | [0.99994445 0.99975306 0.99999887] | [735 478 16]
17 1489 3 | [18 13 18] | [1 1 1] | [18 13 18]
17 1492 3 | [20 4 735] | [1 0.9997482 0.99865294] | [20 4 735]
17 1495 3 | [471 15 13] | [0.9994652 1 1] | [471 15 13]
17 1498 3 | [23 16 4] | [0.99999994 1 0.9999972] | [23 16 4]
17 1501 3 | [735 198 91] | [0.99999595 0.99999833 0.99999875] | [735 198 91]
17 1504 1 | [46794 3476 922] | [0.66836774 0.9999994 0.9999984] | [84060]
