op,variant,weight_format,block_size,size,ns_per_iter,gflops,gbps,sclk_mhz,sclk_mhz_min,sclk_mhz_max,power_w,detail
stride,rows1,,0,8192,17729.159,0.0000,946.3064,2825.7,2824.0,2827.0,135.01,touch=16MiB row=8192B span=16MiB rows=2048 lanes/row=64 rows/req=1 traversal=walk loads/req=1 inflight=1024B stride_mod_4k=0
stride,rows1_xw,,0,8192,30384.254,0.0000,552.1681,2831.5,2830.0,2833.0,134.32,touch=16MiB row=8192B span=16MiB rows=2048 lanes/row=64 rows/req=1 traversal=xw loads/req=1 inflight=1024B stride_mod_4k=0
stride,rows4,,0,8192,17706.846,0.0000,947.4988,2846.0,2845.0,2847.0,131.43,touch=16MiB row=8192B span=16MiB rows=2048 lanes/row=16 rows/req=4 traversal=walk loads/req=1 inflight=256B stride_mod_4k=0
stride,rows4_xw,,0,8192,47717.572,0.0000,351.5941,2849.0,2848.0,2850.0,131.08,touch=16MiB row=8192B span=16MiB rows=2048 lanes/row=16 rows/req=4 traversal=xw loads/req=1 inflight=256B stride_mod_4k=0
stride,rows16,,0,8192,17688.289,0.0000,948.4929,2862.1,2861.0,2863.0,129.24,touch=16MiB row=8192B span=16MiB rows=2048 lanes/row=4 rows/req=16 traversal=walk loads/req=1 inflight=64B stride_mod_4k=0
stride,rows16_xw,,0,8192,72373.118,0.0000,231.8156,2864.7,2864.0,2866.0,128.66,touch=16MiB row=8192B span=16MiB rows=2048 lanes/row=4 rows/req=16 traversal=xw loads/req=1 inflight=64B stride_mod_4k=0
stride,rows32,,0,8192,18246.701,0.0000,919.4657,2872.6,2872.0,2873.0,124.37,touch=16MiB row=8192B span=16MiB rows=2048 lanes/row=2 rows/req=32 traversal=walk loads/req=1 inflight=32B stride_mod_4k=0
stride,rows32_xw,,0,8192,108988.389,0.0000,153.9358,2871.2,2870.0,2872.0,123.80,touch=16MiB row=8192B span=16MiB rows=2048 lanes/row=2 rows/req=32 traversal=xw loads/req=1 inflight=32B stride_mod_4k=0
stride,rows64,,0,8192,19654.245,0.0000,853.6179,2877.6,2877.0,2878.0,120.05,touch=16MiB row=8192B span=16MiB rows=2048 lanes/row=1 rows/req=64 traversal=walk loads/req=1 inflight=16B stride_mod_4k=0
stride,rows64_xw,,0,8192,143373.914,0.0000,117.0172,2879.8,2879.0,2880.0,120.83,touch=16MiB row=8192B span=16MiB rows=2048 lanes/row=1 rows/req=64 traversal=xw loads/req=1 inflight=16B stride_mod_4k=0
stride,rows1_xw_l2,,0,8192,17977.131,0.0000,933.2533,2884.9,2884.0,2885.0,118.01,touch=16MiB row=8192B span=16MiB rows=2048 lanes/row=64 rows/req=1 traversal=xw loads/req=2 inflight=2048B stride_mod_4k=0
stride,rows1_xw_l4,,0,8192,17609.153,0.0000,952.7554,2879.5,2879.0,2880.0,119.23,touch=16MiB row=8192B span=16MiB rows=2048 lanes/row=64 rows/req=1 traversal=xw loads/req=4 inflight=4096B stride_mod_4k=0
stride,rows1_xw_l8,,0,8192,17680.911,0.0000,948.8887,2880.9,2880.0,2881.0,119.40,touch=16MiB row=8192B span=16MiB rows=2048 lanes/row=64 rows/req=1 traversal=xw loads/req=8 inflight=8192B stride_mod_4k=0
stride,rows1,,0,8208,17486.408,0.0000,959.4433,2871.0,2871.0,2871.0,119.36,touch=16MiB row=8192B span=16MiB rows=2048 lanes/row=64 rows/req=1 traversal=walk loads/req=1 inflight=1024B stride_mod_4k=16
stride,rows1_xw,,0,8208,19049.678,0.0000,880.7086,2871.4,2871.0,2872.0,124.68,touch=16MiB row=8192B span=16MiB rows=2048 lanes/row=64 rows/req=1 traversal=xw loads/req=1 inflight=1024B stride_mod_4k=16
stride,rows4,,0,8208,17717.632,0.0000,946.9220,2871.1,2870.0,2872.0,128.17,touch=16MiB row=8192B span=16MiB rows=2048 lanes/row=16 rows/req=4 traversal=walk loads/req=1 inflight=256B stride_mod_4k=16
stride,rows4_xw,,0,8208,17903.199,0.0000,937.1071,2873.0,2872.0,2874.0,129.28,touch=16MiB row=8192B span=16MiB rows=2048 lanes/row=16 rows/req=4 traversal=xw loads/req=1 inflight=256B stride_mod_4k=16
stride,rows16,,0,8208,17813.319,0.0000,941.8355,2864.0,2863.0,2865.0,131.05,touch=16MiB row=8192B span=16MiB rows=2048 lanes/row=4 rows/req=16 traversal=walk loads/req=1 inflight=64B stride_mod_4k=16
stride,rows16_xw,,0,8208,18187.762,0.0000,922.4453,2874.6,2874.0,2875.0,135.40,touch=16MiB row=8192B span=16MiB rows=2048 lanes/row=4 rows/req=16 traversal=xw loads/req=1 inflight=64B stride_mod_4k=16
stride,rows32,,0,8208,17716.733,0.0000,946.9701,2877.6,2877.0,2878.0,137.12,touch=16MiB row=8192B span=16MiB rows=2048 lanes/row=2 rows/req=32 traversal=walk loads/req=1 inflight=32B stride_mod_4k=16
stride,rows32_xw,,0,8208,19165.470,0.0000,875.3876,2880.4,2880.0,2881.0,138.61,touch=16MiB row=8192B span=16MiB rows=2048 lanes/row=2 rows/req=32 traversal=xw loads/req=1 inflight=32B stride_mod_4k=16
stride,rows64,,0,8208,20165.784,0.0000,831.9645,2884.0,2884.0,2884.0,141.28,touch=16MiB row=8192B span=16MiB rows=2048 lanes/row=1 rows/req=64 traversal=walk loads/req=1 inflight=16B stride_mod_4k=16
stride,rows64_xw,,0,8208,27962.240,0.0000,599.9954,2885.4,2885.0,2886.0,141.98,touch=16MiB row=8192B span=16MiB rows=2048 lanes/row=1 rows/req=64 traversal=xw loads/req=1 inflight=16B stride_mod_4k=16
stride,rows1_xw_l2,,0,8208,18534.361,0.0000,905.1953,2889.0,2889.0,2889.0,141.58,touch=16MiB row=8192B span=16MiB rows=2048 lanes/row=64 rows/req=1 traversal=xw loads/req=2 inflight=2048B stride_mod_4k=16
stride,rows1_xw_l4,,0,8208,18180.929,0.0000,922.7920,2884.0,2884.0,2884.0,139.61,touch=16MiB row=8192B span=16MiB rows=2048 lanes/row=64 rows/req=1 traversal=xw loads/req=4 inflight=4096B stride_mod_4k=16
stride,rows1_xw_l8,,0,8208,18046.443,0.0000,929.6689,2860.2,2859.0,2866.0,133.04,touch=16MiB row=8192B span=16MiB rows=2048 lanes/row=64 rows/req=1 traversal=xw loads/req=8 inflight=8192B stride_mod_4k=16
stride,rows1,,0,8256,19557.230,0.0000,857.8523,2862.0,2862.0,2862.0,132.82,touch=16MiB row=8192B span=16MiB rows=2048 lanes/row=64 rows/req=1 traversal=walk loads/req=1 inflight=1024B stride_mod_4k=64
stride,rows1_xw,,0,8256,18619.297,0.0000,901.0660,2868.4,2868.0,2869.0,134.08,touch=16MiB row=8192B span=16MiB rows=2048 lanes/row=64 rows/req=1 traversal=xw loads/req=1 inflight=1024B stride_mod_4k=64
stride,rows4,,0,8256,17834.351,0.0000,940.7248,2873.6,2873.0,2874.0,135.54,touch=16MiB row=8192B span=16MiB rows=2048 lanes/row=16 rows/req=4 traversal=walk loads/req=1 inflight=256B stride_mod_4k=64
stride,rows4_xw,,0,8256,18881.578,0.0000,888.5495,2880.1,2880.0,2881.0,137.38,touch=16MiB row=8192B span=16MiB rows=2048 lanes/row=16 rows/req=4 traversal=xw loads/req=1 inflight=256B stride_mod_4k=64
stride,rows16,,0,8256,17906.813,0.0000,936.9180,2881.5,2881.0,2882.0,137.79,touch=16MiB row=8192B span=16MiB rows=2048 lanes/row=4 rows/req=16 traversal=walk loads/req=1 inflight=64B stride_mod_4k=64
stride,rows16_xw,,0,8256,20126.128,0.0000,833.6038,2875.0,2875.0,2875.0,138.37,touch=16MiB row=8192B span=16MiB rows=2048 lanes/row=4 rows/req=16 traversal=xw loads/req=1 inflight=64B stride_mod_4k=64
stride,rows32,,0,8256,17929.617,0.0000,935.7264,2880.0,2879.0,2880.0,139.82,touch=16MiB row=8192B span=16MiB rows=2048 lanes/row=2 rows/req=32 traversal=walk loads/req=1 inflight=32B stride_mod_4k=64
stride,rows32_xw,,0,8256,24100.597,0.0000,696.1328,2882.4,2882.0,2883.0,140.68,touch=16MiB row=8192B span=16MiB rows=2048 lanes/row=2 rows/req=32 traversal=xw loads/req=1 inflight=32B stride_mod_4k=64
stride,rows64,,0,8256,19166.390,0.0000,875.3456,2886.0,2886.0,2886.0,140.84,touch=16MiB row=8192B span=16MiB rows=2048 lanes/row=1 rows/req=64 traversal=walk loads/req=1 inflight=16B stride_mod_4k=64
stride,rows64_xw,,0,8256,34874.702,0.0000,481.0712,2887.0,2887.0,2887.0,140.63,touch=16MiB row=8192B span=16MiB rows=2048 lanes/row=1 rows/req=64 traversal=xw loads/req=1 inflight=16B stride_mod_4k=64
stride,rows1_xw_l2,,0,8256,18219.352,0.0000,920.8459,2887.0,2886.0,2887.0,136.90,touch=16MiB row=8192B span=16MiB rows=2048 lanes/row=64 rows/req=1 traversal=xw loads/req=2 inflight=2048B stride_mod_4k=64
stride,rows1_xw_l4,,0,8256,18013.524,0.0000,931.3678,2874.7,2874.0,2875.0,133.73,touch=16MiB row=8192B span=16MiB rows=2048 lanes/row=64 rows/req=1 traversal=xw loads/req=4 inflight=4096B stride_mod_4k=64
stride,rows1_xw_l8,,0,8256,18013.458,0.0000,931.3712,2855.4,2854.0,2859.0,130.33,touch=16MiB row=8192B span=16MiB rows=2048 lanes/row=64 rows/req=1 traversal=xw loads/req=8 inflight=8192B stride_mod_4k=64
stride,rows1,,0,8320,18875.372,0.0000,888.8416,2855.5,2855.0,2856.0,130.09,touch=16MiB row=8192B span=16MiB rows=2048 lanes/row=64 rows/req=1 traversal=walk loads/req=1 inflight=1024B stride_mod_4k=128
stride,rows1_xw,,0,8320,17743.313,0.0000,945.5515,2855.9,2855.0,2857.0,132.38,touch=16MiB row=8192B span=16MiB rows=2048 lanes/row=64 rows/req=1 traversal=xw loads/req=1 inflight=1024B stride_mod_4k=128
stride,rows4,,0,8320,17765.472,0.0000,944.3721,2858.8,2858.0,2860.0,132.90,touch=16MiB row=8192B span=16MiB rows=2048 lanes/row=16 rows/req=4 traversal=walk loads/req=1 inflight=256B stride_mod_4k=128
stride,rows4_xw,,0,8320,17686.866,0.0000,948.5692,2865.0,2864.0,2866.0,134.13,touch=16MiB row=8192B span=16MiB rows=2048 lanes/row=16 rows/req=4 traversal=xw loads/req=1 inflight=256B stride_mod_4k=128
stride,rows16,,0,8320,17720.993,0.0000,946.7424,2869.4,2869.0,2870.0,135.44,touch=16MiB row=8192B span=16MiB rows=2048 lanes/row=4 rows/req=16 traversal=walk loads/req=1 inflight=64B stride_mod_4k=128
stride,rows16_xw,,0,8320,18094.866,0.0000,927.1810,2863.3,2862.0,2864.0,136.10,touch=16MiB row=8192B span=16MiB rows=2048 lanes/row=4 rows/req=16 traversal=xw loads/req=1 inflight=64B stride_mod_4k=128
stride,rows32,,0,8320,17637.167,0.0000,951.2421,2859.1,2858.0,2863.0,136.64,touch=16MiB row=8192B span=16MiB rows=2048 lanes/row=2 rows/req=32 traversal=walk loads/req=1 inflight=32B stride_mod_4k=128
stride,rows32_xw,,0,8320,22227.674,0.0000,754.7895,2858.0,2858.0,2858.0,137.25,touch=16MiB row=8192B span=16MiB rows=2048 lanes/row=2 rows/req=32 traversal=xw loads/req=1 inflight=32B stride_mod_4k=128
stride,rows64,,0,8320,18936.988,0.0000,885.9495,2862.8,2862.0,2864.0,138.09,touch=16MiB row=8192B span=16MiB rows=2048 lanes/row=1 rows/req=64 traversal=walk loads/req=1 inflight=16B stride_mod_4k=128
stride,rows64_xw,,0,8320,30091.313,0.0000,557.5435,2867.8,2867.0,2869.0,138.23,touch=16MiB row=8192B span=16MiB rows=2048 lanes/row=1 rows/req=64 traversal=xw loads/req=1 inflight=16B stride_mod_4k=128
stride,rows1_xw_l2,,0,8320,17659.645,0.0000,950.0313,2873.2,2873.0,2874.0,138.65,touch=16MiB row=8192B span=16MiB rows=2048 lanes/row=64 rows/req=1 traversal=xw loads/req=2 inflight=2048B stride_mod_4k=128
stride,rows1_xw_l4,,0,8320,17669.402,0.0000,949.5067,2851.9,2851.0,2853.0,133.68,touch=16MiB row=8192B span=16MiB rows=2048 lanes/row=64 rows/req=1 traversal=xw loads/req=4 inflight=4096B stride_mod_4k=128
stride,rows1_xw_l8,,0,8320,18305.774,0.0000,916.4986,2847.8,2846.0,2848.0,132.69,touch=16MiB row=8192B span=16MiB rows=2048 lanes/row=64 rows/req=1 traversal=xw loads/req=8 inflight=8192B stride_mod_4k=128
stride,rows1,,0,8448,18837.910,0.0000,890.6092,2849.7,2849.0,2850.0,132.90,touch=16MiB row=8192B span=16MiB rows=2048 lanes/row=64 rows/req=1 traversal=walk loads/req=1 inflight=1024B stride_mod_4k=256
stride,rows1_xw,,0,8448,17394.028,0.0000,964.5389,2858.2,2857.0,2859.0,134.71,touch=16MiB row=8192B span=16MiB rows=2048 lanes/row=64 rows/req=1 traversal=xw loads/req=1 inflight=1024B stride_mod_4k=256
stride,rows4,,0,8448,18094.623,0.0000,927.1934,2860.4,2860.0,2861.0,135.37,touch=16MiB row=8192B span=16MiB rows=2048 lanes/row=16 rows/req=4 traversal=walk loads/req=1 inflight=256B stride_mod_4k=256
stride,rows4_xw,,0,8448,17830.082,0.0000,940.9500,2866.2,2865.0,2867.0,136.29,touch=16MiB row=8192B span=16MiB rows=2048 lanes/row=16 rows/req=4 traversal=xw loads/req=1 inflight=256B stride_mod_4k=256
stride,rows16,,0,8448,17745.182,0.0000,945.4519,2854.3,2853.0,2855.0,136.62,touch=16MiB row=8192B span=16MiB rows=2048 lanes/row=4 rows/req=16 traversal=walk loads/req=1 inflight=64B stride_mod_4k=256
stride,rows16_xw,,0,8448,19695.803,0.0000,851.8168,2857.3,2856.0,2858.0,137.03,touch=16MiB row=8192B span=16MiB rows=2048 lanes/row=4 rows/req=16 traversal=xw loads/req=1 inflight=64B stride_mod_4k=256
stride,rows32,,0,8448,17695.524,0.0000,948.1051,2859.9,2859.0,2861.0,138.24,touch=16MiB row=8192B span=16MiB rows=2048 lanes/row=2 rows/req=32 traversal=walk loads/req=1 inflight=32B stride_mod_4k=256
stride,rows32_xw,,0,8448,27999.024,0.0000,599.2072,2861.5,2861.0,2862.0,137.73,touch=16MiB row=8192B span=16MiB rows=2048 lanes/row=2 rows/req=32 traversal=xw loads/req=1 inflight=32B stride_mod_4k=256
stride,rows64,,0,8448,19211.942,0.0000,873.2702,2866.0,2865.0,2867.0,138.07,touch=16MiB row=8192B span=16MiB rows=2048 lanes/row=1 rows/req=64 traversal=walk loads/req=1 inflight=16B stride_mod_4k=256
stride,rows64_xw,,0,8448,45537.861,0.0000,368.4235,2874.3,2874.0,2875.0,135.93,touch=16MiB row=8192B span=16MiB rows=2048 lanes/row=1 rows/req=64 traversal=xw loads/req=1 inflight=16B stride_mod_4k=256
stride,rows1_xw_l2,,0,8448,17731.617,0.0000,946.1752,2878.9,2878.0,2879.0,134.19,touch=16MiB row=8192B span=16MiB rows=2048 lanes/row=64 rows/req=1 traversal=xw loads/req=2 inflight=2048B stride_mod_4k=256
stride,rows1_xw_l4,,0,8448,17295.601,0.0000,970.0279,2869.3,2869.0,2870.0,132.07,touch=16MiB row=8192B span=16MiB rows=2048 lanes/row=64 rows/req=1 traversal=xw loads/req=4 inflight=4096B stride_mod_4k=256
stride,rows1_xw_l8,,0,8448,17408.810,0.0000,963.7199,2868.0,2868.0,2868.0,132.23,touch=16MiB row=8192B span=16MiB rows=2048 lanes/row=64 rows/req=1 traversal=xw loads/req=8 inflight=8192B stride_mod_4k=256
stride,rows1,,0,8704,18994.108,0.0000,883.2853,2868.1,2868.0,2869.0,133.23,touch=16MiB row=8192B span=17MiB rows=2048 lanes/row=64 rows/req=1 traversal=walk loads/req=1 inflight=1024B stride_mod_4k=512
stride,rows1_xw,,0,8704,17826.316,0.0000,941.1488,2871.0,2870.0,2872.0,133.82,touch=16MiB row=8192B span=17MiB rows=2048 lanes/row=64 rows/req=1 traversal=xw loads/req=1 inflight=1024B stride_mod_4k=512
stride,rows4,,0,8704,17747.009,0.0000,945.3545,2862.9,2862.0,2864.0,133.96,touch=16MiB row=8192B span=17MiB rows=2048 lanes/row=16 rows/req=4 traversal=walk loads/req=1 inflight=256B stride_mod_4k=512
stride,rows4_xw,,0,8704,18305.460,0.0000,916.5143,2866.2,2865.0,2867.0,134.46,touch=16MiB row=8192B span=17MiB rows=2048 lanes/row=16 rows/req=4 traversal=xw loads/req=1 inflight=256B stride_mod_4k=512
stride,rows16,,0,8704,17757.072,0.0000,944.8188,2872.6,2872.0,2873.0,135.21,touch=16MiB row=8192B span=17MiB rows=2048 lanes/row=4 rows/req=16 traversal=walk loads/req=1 inflight=64B stride_mod_4k=512
stride,rows16_xw,,0,8704,19288.348,0.0000,869.8109,2874.2,2874.0,2875.0,135.81,touch=16MiB row=8192B span=17MiB rows=2048 lanes/row=4 rows/req=16 traversal=xw loads/req=1 inflight=64B stride_mod_4k=512
stride,rows32,,0,8704,17694.415,0.0000,948.1645,2880.6,2880.0,2881.0,136.37,touch=16MiB row=8192B span=17MiB rows=2048 lanes/row=2 rows/req=32 traversal=walk loads/req=1 inflight=32B stride_mod_4k=512
stride,rows32_xw,,0,8704,27114.824,0.0000,618.7470,2883.0,2883.0,2883.0,136.20,touch=16MiB row=8192B span=17MiB rows=2048 lanes/row=2 rows/req=32 traversal=xw loads/req=1 inflight=32B stride_mod_4k=512
stride,rows64,,0,8704,19605.992,0.0000,855.7188,2888.0,2888.0,2888.0,137.32,touch=16MiB row=8192B span=17MiB rows=2048 lanes/row=1 rows/req=64 traversal=walk loads/req=1 inflight=16B stride_mod_4k=512
stride,rows64_xw,,0,8704,46003.771,0.0000,364.6922,2887.7,2887.0,2888.0,137.05,touch=16MiB row=8192B span=17MiB rows=2048 lanes/row=1 rows/req=64 traversal=xw loads/req=1 inflight=16B stride_mod_4k=512
stride,rows1_xw_l2,,0,8704,17849.061,0.0000,939.9495,2878.1,2877.0,2882.0,133.81,touch=16MiB row=8192B span=17MiB rows=2048 lanes/row=64 rows/req=1 traversal=xw loads/req=2 inflight=2048B stride_mod_4k=512
stride,rows1_xw_l4,,0,8704,17296.268,0.0000,969.9905,2879.1,2879.0,2880.0,133.63,touch=16MiB row=8192B span=17MiB rows=2048 lanes/row=64 rows/req=1 traversal=xw loads/req=4 inflight=4096B stride_mod_4k=512
stride,rows1_xw_l8,,0,8704,18273.494,0.0000,918.1176,2868.1,2868.0,2869.0,131.80,touch=16MiB row=8192B span=17MiB rows=2048 lanes/row=64 rows/req=1 traversal=xw loads/req=8 inflight=8192B stride_mod_4k=512
stride,rows1,,0,9216,17927.932,0.0000,935.8144,2871.8,2871.0,2872.0,132.05,touch=16MiB row=8192B span=18MiB rows=2048 lanes/row=64 rows/req=1 traversal=walk loads/req=1 inflight=1024B stride_mod_4k=1024
stride,rows1_xw,,0,9216,17786.898,0.0000,943.2345,2866.9,2866.0,2868.0,132.85,touch=16MiB row=8192B span=18MiB rows=2048 lanes/row=64 rows/req=1 traversal=xw loads/req=1 inflight=1024B stride_mod_4k=1024
stride,rows4,,0,9216,17716.128,0.0000,947.0024,2871.4,2871.0,2872.0,133.99,touch=16MiB row=8192B span=18MiB rows=2048 lanes/row=16 rows/req=4 traversal=walk loads/req=1 inflight=256B stride_mod_4k=1024
stride,rows4_xw,,0,9216,25871.579,0.0000,648.4806,2865.4,2864.0,2866.0,134.11,touch=16MiB row=8192B span=18MiB rows=2048 lanes/row=16 rows/req=4 traversal=xw loads/req=1 inflight=256B stride_mod_4k=1024
stride,rows16,,0,9216,18284.872,0.0000,917.5463,2850.6,2850.0,2851.0,132.67,touch=16MiB row=8192B span=18MiB rows=2048 lanes/row=4 rows/req=16 traversal=walk loads/req=1 inflight=64B stride_mod_4k=1024
stride,rows16_xw,,0,9216,34429.110,0.0000,487.2974,2853.6,2852.0,2855.0,132.52,touch=16MiB row=8192B span=18MiB rows=2048 lanes/row=4 rows/req=16 traversal=xw loads/req=1 inflight=64B stride_mod_4k=1024
stride,rows32,,0,9216,17361.341,0.0000,966.3548,2861.0,2861.0,2861.0,130.22,touch=16MiB row=8192B span=18MiB rows=2048 lanes/row=2 rows/req=32 traversal=walk loads/req=1 inflight=32B stride_mod_4k=1024
stride,rows32_xw,,0,9216,55445.805,0.0000,302.5877,2862.3,2861.0,2863.0,130.43,touch=16MiB row=8192B span=18MiB rows=2048 lanes/row=2 rows/req=32 traversal=xw loads/req=1 inflight=32B stride_mod_4k=1024
stride,rows64,,0,9216,20244.880,0.0000,828.7140,2871.5,2871.0,2872.0,127.71,touch=16MiB row=8192B span=18MiB rows=2048 lanes/row=1 rows/req=64 traversal=walk loads/req=1 inflight=16B stride_mod_4k=1024
stride,rows64_xw,,0,9216,96542.971,0.0000,173.7798,2873.2,2873.0,2874.0,128.58,touch=16MiB row=8192B span=18MiB rows=2048 lanes/row=1 rows/req=64 traversal=xw loads/req=1 inflight=16B stride_mod_4k=1024
stride,rows1_xw_l2,,0,9216,17623.822,0.0000,951.9624,2867.1,2866.0,2879.0,125.68,touch=16MiB row=8192B span=18MiB rows=2048 lanes/row=64 rows/req=1 traversal=xw loads/req=2 inflight=2048B stride_mod_4k=1024
stride,rows1_xw_l4,,0,9216,17862.978,0.0000,939.2172,2857.3,2856.0,2867.0,125.86,touch=16MiB row=8192B span=18MiB rows=2048 lanes/row=64 rows/req=1 traversal=xw loads/req=4 inflight=4096B stride_mod_4k=1024
stride,rows1_xw_l8,,0,9216,17790.657,0.0000,943.0352,2839.8,2838.0,2843.0,123.99,touch=16MiB row=8192B span=18MiB rows=2048 lanes/row=64 rows/req=1 traversal=xw loads/req=8 inflight=8192B stride_mod_4k=1024
stride,rows1,,0,10240,17884.786,0.0000,938.0719,2845.4,2844.0,2846.0,124.65,touch=16MiB row=8192B span=20MiB rows=2048 lanes/row=64 rows/req=1 traversal=walk loads/req=1 inflight=1024B stride_mod_4k=2048
stride,rows1_xw,,0,10240,31061.172,0.0000,540.1347,2848.1,2847.0,2849.0,125.14,touch=16MiB row=8192B span=20MiB rows=2048 lanes/row=64 rows/req=1 traversal=xw loads/req=1 inflight=1024B stride_mod_4k=2048
stride,rows4,,0,10240,17657.685,0.0000,950.1368,2858.4,2857.0,2859.0,126.42,touch=16MiB row=8192B span=20MiB rows=2048 lanes/row=16 rows/req=4 traversal=walk loads/req=1 inflight=256B stride_mod_4k=2048
stride,rows4_xw,,0,10240,48604.478,0.0000,345.1784,2864.0,2863.0,2865.0,126.95,touch=16MiB row=8192B span=20MiB rows=2048 lanes/row=16 rows/req=4 traversal=xw loads/req=1 inflight=256B stride_mod_4k=2048
stride,rows16,,0,10240,17663.416,0.0000,949.8285,2874.9,2874.0,2876.0,125.37,touch=16MiB row=8192B span=20MiB rows=2048 lanes/row=4 rows/req=16 traversal=walk loads/req=1 inflight=64B stride_mod_4k=2048
stride,rows16_xw,,0,10240,71110.898,0.0000,235.9303,2876.7,2876.0,2877.0,124.93,touch=16MiB row=8192B span=20MiB rows=2048 lanes/row=4 rows/req=16 traversal=xw loads/req=1 inflight=64B stride_mod_4k=2048
stride,rows32,,0,10240,18086.112,0.0000,927.6298,2883.0,2883.0,2883.0,122.34,touch=16MiB row=8192B span=20MiB rows=2048 lanes/row=2 rows/req=32 traversal=walk loads/req=1 inflight=32B stride_mod_4k=2048
stride,rows32_xw,,0,10240,107567.829,0.0000,155.9687,2884.0,2883.0,2884.0,122.05,touch=16MiB row=8192B span=20MiB rows=2048 lanes/row=2 rows/req=32 traversal=xw loads/req=1 inflight=32B stride_mod_4k=2048
stride,rows64,,0,10240,20736.102,0.0000,809.0824,2886.0,2886.0,2886.0,120.12,touch=16MiB row=8192B span=20MiB rows=2048 lanes/row=1 rows/req=64 traversal=walk loads/req=1 inflight=16B stride_mod_4k=2048
stride,rows64_xw,,0,10240,150264.101,0.0000,111.6515,2886.9,2886.0,2887.0,120.07,touch=16MiB row=8192B span=20MiB rows=2048 lanes/row=1 rows/req=64 traversal=xw loads/req=1 inflight=16B stride_mod_4k=2048
stride,rows1_xw_l2,,0,10240,17721.677,0.0000,946.7059,2872.2,2871.0,2873.0,117.37,touch=16MiB row=8192B span=20MiB rows=2048 lanes/row=64 rows/req=1 traversal=xw loads/req=2 inflight=2048B stride_mod_4k=2048
stride,rows1_xw_l4,,0,10240,18065.257,0.0000,928.7006,2873.8,2873.0,2874.0,118.15,touch=16MiB row=8192B span=20MiB rows=2048 lanes/row=64 rows/req=1 traversal=xw loads/req=4 inflight=4096B stride_mod_4k=2048
stride,rows1_xw_l8,,0,10240,17671.802,0.0000,949.3778,2880.2,2880.0,2881.0,119.18,touch=16MiB row=8192B span=20MiB rows=2048 lanes/row=64 rows/req=1 traversal=xw loads/req=8 inflight=8192B stride_mod_4k=2048
stride,rows1,,0,11264,17454.795,0.0000,961.1809,2879.3,2879.0,2880.0,121.13,touch=16MiB row=8192B span=22MiB rows=2048 lanes/row=64 rows/req=1 traversal=walk loads/req=1 inflight=1024B stride_mod_4k=3072
stride,rows1_xw,,0,11264,17711.213,0.0000,947.2652,2876.6,2876.0,2877.0,124.02,touch=16MiB row=8192B span=22MiB rows=2048 lanes/row=64 rows/req=1 traversal=xw loads/req=1 inflight=1024B stride_mod_4k=3072
stride,rows4,,0,11264,17644.083,0.0000,950.8692,2882.2,2882.0,2883.0,128.07,touch=16MiB row=8192B span=22MiB rows=2048 lanes/row=16 rows/req=4 traversal=walk loads/req=1 inflight=256B stride_mod_4k=3072
stride,rows4_xw,,0,11264,25833.887,0.0000,649.4267,2883.5,2883.0,2884.0,128.51,touch=16MiB row=8192B span=22MiB rows=2048 lanes/row=16 rows/req=4 traversal=xw loads/req=1 inflight=256B stride_mod_4k=3072
stride,rows16,,0,11264,17663.036,0.0000,949.8490,2888.3,2888.0,2889.0,129.76,touch=16MiB row=8192B span=22MiB rows=2048 lanes/row=4 rows/req=16 traversal=walk loads/req=1 inflight=64B stride_mod_4k=3072
stride,rows16_xw,,0,11264,35606.921,0.0000,471.1785,2889.0,2889.0,2889.0,129.93,touch=16MiB row=8192B span=22MiB rows=2048 lanes/row=4 rows/req=16 traversal=xw loads/req=1 inflight=64B stride_mod_4k=3072
stride,rows32,,0,11264,17681.307,0.0000,948.8674,2892.3,2890.0,2893.0,129.31,touch=16MiB row=8192B span=22MiB rows=2048 lanes/row=2 rows/req=32 traversal=walk loads/req=1 inflight=32B stride_mod_4k=3072
stride,rows32_xw,,0,11264,60371.936,0.0000,277.8976,2889.0,2889.0,2889.0,129.38,touch=16MiB row=8192B span=22MiB rows=2048 lanes/row=2 rows/req=32 traversal=xw loads/req=1 inflight=32B stride_mod_4k=3072
stride,rows64,,0,11264,19981.490,0.0000,839.6379,2888.7,2888.0,2889.0,132.09,touch=16MiB row=8192B span=22MiB rows=2048 lanes/row=1 rows/req=64 traversal=walk loads/req=1 inflight=16B stride_mod_4k=3072
stride,rows64_xw,,0,11264,100528.775,0.0000,166.8897,2891.0,2891.0,2891.0,128.03,touch=16MiB row=8192B span=22MiB rows=2048 lanes/row=1 rows/req=64 traversal=xw loads/req=1 inflight=16B stride_mod_4k=3072
stride,rows1_xw_l2,,0,11264,17805.035,0.0000,942.2737,2892.0,2892.0,2892.0,128.24,touch=16MiB row=8192B span=22MiB rows=2048 lanes/row=64 rows/req=1 traversal=xw loads/req=2 inflight=2048B stride_mod_4k=3072
stride,rows1_xw_l4,,0,11264,17827.641,0.0000,941.0789,2893.0,2893.0,2893.0,128.31,touch=16MiB row=8192B span=22MiB rows=2048 lanes/row=64 rows/req=1 traversal=xw loads/req=4 inflight=4096B stride_mod_4k=3072
stride,rows1_xw_l8,,0,11264,17614.966,0.0000,952.4410,2885.8,2885.0,2886.0,127.43,touch=16MiB row=8192B span=22MiB rows=2048 lanes/row=64 rows/req=1 traversal=xw loads/req=8 inflight=8192B stride_mod_4k=3072
stride,rows1,,0,12288,18005.242,0.0000,931.7962,2883.9,2883.0,2884.0,127.14,touch=16MiB row=8192B span=24MiB rows=2048 lanes/row=64 rows/req=1 traversal=walk loads/req=1 inflight=1024B stride_mod_4k=0
stride,rows1_xw,,0,12288,30471.874,0.0000,550.5804,2884.6,2884.0,2885.0,127.35,touch=16MiB row=8192B span=24MiB rows=2048 lanes/row=64 rows/req=1 traversal=xw loads/req=1 inflight=1024B stride_mod_4k=0
stride,rows4,,0,12288,17713.671,0.0000,947.1338,2888.3,2888.0,2889.0,126.87,touch=16MiB row=8192B span=24MiB rows=2048 lanes/row=16 rows/req=4 traversal=walk loads/req=1 inflight=256B stride_mod_4k=0
stride,rows4_xw,,0,12288,50017.815,0.0000,335.4248,2875.3,2875.0,2877.0,126.60,touch=16MiB row=8192B span=24MiB rows=2048 lanes/row=16 rows/req=4 traversal=xw loads/req=1 inflight=256B stride_mod_4k=0
stride,rows16,,0,12288,17814.270,0.0000,941.7852,2872.5,2872.0,2873.0,124.77,touch=16MiB row=8192B span=24MiB rows=2048 lanes/row=4 rows/req=16 traversal=walk loads/req=1 inflight=64B stride_mod_4k=0
stride,rows16_xw,,0,12288,73662.495,0.0000,227.7579,2872.2,2871.0,2874.0,124.52,touch=16MiB row=8192B span=24MiB rows=2048 lanes/row=4 rows/req=16 traversal=xw loads/req=1 inflight=64B stride_mod_4k=0
stride,rows32,,0,12288,17720.161,0.0000,946.7869,2879.3,2879.0,2880.0,122.30,touch=16MiB row=8192B span=24MiB rows=2048 lanes/row=2 rows/req=32 traversal=walk loads/req=1 inflight=32B stride_mod_4k=0
stride,rows32_xw,,0,12288,108810.748,0.0000,154.1871,2882.1,2882.0,2883.0,123.14,touch=16MiB row=8192B span=24MiB rows=2048 lanes/row=2 rows/req=32 traversal=xw loads/req=1 inflight=32B stride_mod_4k=0
stride,rows64,,0,12288,19705.755,0.0000,851.3866,2887.6,2887.0,2888.0,122.56,touch=16MiB row=8192B span=24MiB rows=2048 lanes/row=1 rows/req=64 traversal=walk loads/req=1 inflight=16B stride_mod_4k=0
stride,rows64_xw,,0,12288,150503.758,0.0000,111.4737,2888.5,2888.0,2889.0,122.29,touch=16MiB row=8192B span=24MiB rows=2048 lanes/row=1 rows/req=64 traversal=xw loads/req=1 inflight=16B stride_mod_4k=0
stride,rows1_xw_l2,,0,12288,19401.356,0.0000,864.7445,2891.0,2891.0,2891.0,119.60,touch=16MiB row=8192B span=24MiB rows=2048 lanes/row=64 rows/req=1 traversal=xw loads/req=2 inflight=2048B stride_mod_4k=0
stride,rows1_xw_l4,,0,12288,17639.751,0.0000,951.1028,2892.0,2892.0,2892.0,120.45,touch=16MiB row=8192B span=24MiB rows=2048 lanes/row=64 rows/req=1 traversal=xw loads/req=4 inflight=4096B stride_mod_4k=0
stride,rows1_xw_l8,,0,12288,17650.988,0.0000,950.4972,2891.0,2891.0,2891.0,120.48,touch=16MiB row=8192B span=24MiB rows=2048 lanes/row=64 rows/req=1 traversal=xw loads/req=8 inflight=8192B stride_mod_4k=0
stride,rows1,,0,14336,18826.020,0.0000,891.1717,2891.0,2891.0,2891.0,121.47,touch=16MiB row=8192B span=28MiB rows=2048 lanes/row=64 rows/req=1 traversal=walk loads/req=1 inflight=1024B stride_mod_4k=2048
stride,rows1_xw,,0,14336,30240.062,0.0000,554.8010,2891.7,2891.0,2892.0,122.28,touch=16MiB row=8192B span=28MiB rows=2048 lanes/row=64 rows/req=1 traversal=xw loads/req=1 inflight=1024B stride_mod_4k=2048
stride,rows4,,0,14336,17875.667,0.0000,938.5505,2881.1,2880.0,2892.0,124.00,touch=16MiB row=8192B span=28MiB rows=2048 lanes/row=16 rows/req=4 traversal=walk loads/req=1 inflight=256B stride_mod_4k=2048
stride,rows4_xw,,0,14336,48427.441,0.0000,346.4403,2882.1,2882.0,2883.0,123.97,touch=16MiB row=8192B span=28MiB rows=2048 lanes/row=16 rows/req=4 traversal=xw loads/req=1 inflight=256B stride_mod_4k=2048
stride,rows16,,0,14336,17727.362,0.0000,946.4023,2886.6,2886.0,2887.0,122.16,touch=16MiB row=8192B span=28MiB rows=2048 lanes/row=4 rows/req=16 traversal=walk loads/req=1 inflight=64B stride_mod_4k=2048
stride,rows16_xw,,0,14336,69837.520,0.0000,240.2321,2888.3,2888.0,2889.0,123.36,touch=16MiB row=8192B span=28MiB rows=2048 lanes/row=4 rows/req=16 traversal=xw loads/req=1 inflight=64B stride_mod_4k=2048
stride,rows32,,0,14336,17704.436,0.0000,947.6278,2891.2,2891.0,2892.0,122.01,touch=16MiB row=8192B span=28MiB rows=2048 lanes/row=2 rows/req=32 traversal=walk loads/req=1 inflight=32B stride_mod_4k=2048
stride,rows32_xw,,0,14336,114193.151,0.0000,146.9196,2892.0,2892.0,2892.0,123.41,touch=16MiB row=8192B span=28MiB rows=2048 lanes/row=2 rows/req=32 traversal=xw loads/req=1 inflight=32B stride_mod_4k=2048
stride,rows64,,0,14336,19164.204,0.0000,875.4455,2894.0,2894.0,2894.0,124.77,touch=16MiB row=8192B span=28MiB rows=2048 lanes/row=1 rows/req=64 traversal=walk loads/req=1 inflight=16B stride_mod_4k=2048
stride,rows64_xw,,0,14336,155582.578,0.0000,107.8348,2894.0,2894.0,2894.0,124.99,touch=16MiB row=8192B span=28MiB rows=2048 lanes/row=1 rows/req=64 traversal=xw loads/req=1 inflight=16B stride_mod_4k=2048
stride,rows1_xw_l2,,0,14336,17716.675,0.0000,946.9732,2895.5,2895.0,2896.0,123.19,touch=16MiB row=8192B span=28MiB rows=2048 lanes/row=64 rows/req=1 traversal=xw loads/req=2 inflight=2048B stride_mod_4k=2048
stride,rows1_xw_l4,,0,14336,17666.511,0.0000,949.6621,2887.0,2887.0,2887.0,123.58,touch=16MiB row=8192B span=28MiB rows=2048 lanes/row=64 rows/req=1 traversal=xw loads/req=4 inflight=4096B stride_mod_4k=2048
stride,rows1_xw_l8,,0,14336,18169.237,0.0000,923.3858,2888.0,2888.0,2888.0,124.22,touch=16MiB row=8192B span=28MiB rows=2048 lanes/row=64 rows/req=1 traversal=xw loads/req=8 inflight=8192B stride_mod_4k=2048
stride,rows1,,0,16384,18940.957,0.0000,885.7639,2887.0,2887.0,2887.0,124.51,touch=16MiB row=8192B span=32MiB rows=2048 lanes/row=64 rows/req=1 traversal=walk loads/req=1 inflight=1024B stride_mod_4k=0
stride,rows1_xw,,0,16384,29834.502,0.0000,562.3428,2889.0,2889.0,2889.0,125.65,touch=16MiB row=8192B span=32MiB rows=2048 lanes/row=64 rows/req=1 traversal=xw loads/req=1 inflight=1024B stride_mod_4k=0
stride,rows4,,0,16384,20513.384,0.0000,817.8668,2890.0,2890.0,2890.0,126.03,touch=16MiB row=8192B span=32MiB rows=2048 lanes/row=16 rows/req=4 traversal=walk loads/req=1 inflight=256B stride_mod_4k=0
stride,rows4_xw,,0,16384,48998.928,0.0000,342.3997,2892.0,2892.0,2892.0,123.61,touch=16MiB row=8192B span=32MiB rows=2048 lanes/row=16 rows/req=4 traversal=xw loads/req=1 inflight=256B stride_mod_4k=0
stride,rows16,,0,16384,17735.338,0.0000,945.9767,2893.1,2893.0,2894.0,126.22,touch=16MiB row=8192B span=32MiB rows=2048 lanes/row=4 rows/req=16 traversal=walk loads/req=1 inflight=64B stride_mod_4k=0
stride,rows16_xw,,0,16384,73388.214,0.0000,228.6091,2894.0,2894.0,2894.0,126.05,touch=16MiB row=8192B span=32MiB rows=2048 lanes/row=4 rows/req=16 traversal=xw loads/req=1 inflight=64B stride_mod_4k=0
stride,rows32,,0,16384,17725.850,0.0000,946.4830,2895.1,2895.0,2896.0,123.44,touch=16MiB row=8192B span=32MiB rows=2048 lanes/row=2 rows/req=32 traversal=walk loads/req=1 inflight=32B stride_mod_4k=0
stride,rows32_xw,,0,16384,122426.514,0.0000,137.0391,2892.0,2892.0,2892.0,124.81,touch=16MiB row=8192B span=32MiB rows=2048 lanes/row=2 rows/req=32 traversal=xw loads/req=1 inflight=32B stride_mod_4k=0
stride,rows64,,0,16384,19301.172,0.0000,869.2330,2893.0,2893.0,2893.0,125.83,touch=16MiB row=8192B span=32MiB rows=2048 lanes/row=1 rows/req=64 traversal=walk loads/req=1 inflight=16B stride_mod_4k=0
stride,rows64_xw,,0,16384,142466.465,0.0000,117.7626,2894.0,2894.0,2894.0,126.43,touch=16MiB row=8192B span=32MiB rows=2048 lanes/row=1 rows/req=64 traversal=xw loads/req=1 inflight=16B stride_mod_4k=0
stride,rows1_xw_l2,,0,16384,18142.548,0.0000,924.7442,2896.0,2896.0,2896.0,122.41,touch=16MiB row=8192B span=32MiB rows=2048 lanes/row=64 rows/req=1 traversal=xw loads/req=2 inflight=2048B stride_mod_4k=0
stride,rows1_xw_l4,,0,16384,17609.706,0.0000,952.7255,2896.0,2896.0,2896.0,122.97,touch=16MiB row=8192B span=32MiB rows=2048 lanes/row=64 rows/req=1 traversal=xw loads/req=4 inflight=4096B stride_mod_4k=0
stride,rows1_xw_l8,,0,16384,17667.628,0.0000,949.6021,2895.0,2895.0,2895.0,123.55,touch=16MiB row=8192B span=32MiB rows=2048 lanes/row=64 rows/req=1 traversal=xw loads/req=8 inflight=8192B stride_mod_4k=0
stride,rows1,,0,8192,276543.614,0.0000,242.6701,2846.8,2845.0,2848.0,118.64,touch=64MiB row=8192B span=64MiB rows=8192 lanes/row=64 rows/req=1 traversal=walk loads/req=1 inflight=1024B stride_mod_4k=0
stride,rows1_xw,,0,8192,1071038.132,0.0000,62.6578,2862.4,2862.0,2863.0,112.63,touch=64MiB row=8192B span=64MiB rows=8192 lanes/row=64 rows/req=1 traversal=xw loads/req=1 inflight=1024B stride_mod_4k=0
stride,rows4,,0,8192,290016.526,0.0000,231.3967,2864.7,2864.0,2866.0,111.53,touch=64MiB row=8192B span=64MiB rows=8192 lanes/row=16 rows/req=4 traversal=walk loads/req=1 inflight=256B stride_mod_4k=0
stride,rows4_xw,,0,8192,3376286.950,0.0000,19.8765,2864.2,2863.0,2865.0,107.98,touch=64MiB row=8192B span=64MiB rows=8192 lanes/row=16 rows/req=4 traversal=xw loads/req=1 inflight=256B stride_mod_4k=0
stride,rows16,,0,8192,328020.854,0.0000,204.5872,2874.8,2874.0,2876.0,100.53,touch=64MiB row=8192B span=64MiB rows=8192 lanes/row=4 rows/req=16 traversal=walk loads/req=1 inflight=64B stride_mod_4k=0
stride,rows16_xw,,0,8192,4815493.450,0.0000,13.9360,2881.9,2881.0,2883.0,94.00,touch=64MiB row=8192B span=64MiB rows=8192 lanes/row=4 rows/req=16 traversal=xw loads/req=1 inflight=64B stride_mod_4k=0
stride,rows32,,0,8192,328940.382,0.0000,204.0153,2887.0,2887.0,2887.0,91.95,touch=64MiB row=8192B span=64MiB rows=8192 lanes/row=2 rows/req=32 traversal=walk loads/req=1 inflight=32B stride_mod_4k=0
stride,rows32_xw,,0,8192,7440336.700,0.0000,9.0196,2890.7,2890.0,2891.0,84.77,touch=64MiB row=8192B span=64MiB rows=8192 lanes/row=2 rows/req=32 traversal=xw loads/req=1 inflight=32B stride_mod_4k=0
stride,rows64,,0,8192,369523.145,0.0000,181.6094,2893.0,2893.0,2893.0,80.28,touch=64MiB row=8192B span=64MiB rows=8192 lanes/row=1 rows/req=64 traversal=walk loads/req=1 inflight=16B stride_mod_4k=0
stride,rows64_xw,,0,8192,12865366.350,0.0000,5.2162,2895.3,2895.0,2896.0,79.27,touch=64MiB row=8192B span=64MiB rows=8192 lanes/row=1 rows/req=64 traversal=xw loads/req=1 inflight=16B stride_mod_4k=0
stride,rows1_xw_l2,,0,8192,552194.500,0.0000,121.5312,2897.0,2897.0,2897.0,71.33,touch=64MiB row=8192B span=64MiB rows=8192 lanes/row=64 rows/req=1 traversal=xw loads/req=2 inflight=2048B stride_mod_4k=0
stride,rows1_xw_l4,,0,8192,281228.797,0.0000,238.6273,2898.0,2898.0,2898.0,75.75,touch=64MiB row=8192B span=64MiB rows=8192 lanes/row=64 rows/req=1 traversal=xw loads/req=4 inflight=4096B stride_mod_4k=0
stride,rows1_xw_l8,,0,8192,281952.661,0.0000,238.0147,2898.0,2898.0,2898.0,80.80,touch=64MiB row=8192B span=64MiB rows=8192 lanes/row=64 rows/req=1 traversal=xw loads/req=8 inflight=8192B stride_mod_4k=0
stride,rows1,,0,8208,282294.596,0.0000,237.7264,2885.9,2885.0,2886.0,84.88,touch=64MiB row=8192B span=64MiB rows=8192 lanes/row=64 rows/req=1 traversal=walk loads/req=1 inflight=1024B stride_mod_4k=16
stride,rows1_xw,,0,8208,322976.260,0.0000,207.7827,2887.4,2887.0,2888.0,87.45,touch=64MiB row=8192B span=64MiB rows=8192 lanes/row=64 rows/req=1 traversal=xw loads/req=1 inflight=1024B stride_mod_4k=16
stride,rows4,,0,8208,296921.536,0.0000,226.0155,2891.0,2891.0,2891.0,91.96,touch=64MiB row=8192B span=64MiB rows=8192 lanes/row=16 rows/req=4 traversal=walk loads/req=1 inflight=256B stride_mod_4k=16
stride,rows4_xw,,0,8208,331059.715,0.0000,202.7092,2892.3,2892.0,2893.0,93.50,touch=64MiB row=8192B span=64MiB rows=8192 lanes/row=16 rows/req=4 traversal=xw loads/req=1 inflight=256B stride_mod_4k=16
stride,rows16,,0,8208,320194.022,0.0000,209.5881,2893.6,2893.0,2894.0,94.72,touch=64MiB row=8192B span=64MiB rows=8192 lanes/row=4 rows/req=16 traversal=walk loads/req=1 inflight=64B stride_mod_4k=16
stride,rows16_xw,,0,8208,354243.577,0.0000,189.4427,2895.0,2895.0,2895.0,96.78,touch=64MiB row=8192B span=64MiB rows=8192 lanes/row=4 rows/req=16 traversal=xw loads/req=1 inflight=64B stride_mod_4k=16
stride,rows32,,0,8208,327192.455,0.0000,205.1052,2896.0,2896.0,2896.0,98.55,touch=64MiB row=8192B span=64MiB rows=8192 lanes/row=2 rows/req=32 traversal=walk loads/req=1 inflight=32B stride_mod_4k=16
stride,rows32_xw,,0,8208,309664.668,0.0000,216.7146,2896.0,2896.0,2896.0,99.44,touch=64MiB row=8192B span=64MiB rows=8192 lanes/row=2 rows/req=32 traversal=xw loads/req=1 inflight=32B stride_mod_4k=16
stride,rows64,,0,8208,337792.329,0.0000,198.6690,2897.0,2897.0,2897.0,100.99,touch=64MiB row=8192B span=64MiB rows=8192 lanes/row=1 rows/req=64 traversal=walk loads/req=1 inflight=16B stride_mod_4k=16
stride,rows64_xw,,0,8208,301846.514,0.0000,222.3278,2897.0,2897.0,2897.0,104.49,touch=64MiB row=8192B span=64MiB rows=8192 lanes/row=1 rows/req=64 traversal=xw loads/req=1 inflight=16B stride_mod_4k=16
stride,rows1_xw_l2,,0,8208,304444.055,0.0000,220.4309,2897.0,2897.0,2897.0,104.57,touch=64MiB row=8192B span=64MiB rows=8192 lanes/row=64 rows/req=1 traversal=xw loads/req=2 inflight=2048B stride_mod_4k=16
stride,rows1_xw_l4,,0,8208,280915.557,0.0000,238.8934,2898.0,2898.0,2898.0,103.89,touch=64MiB row=8192B span=64MiB rows=8192 lanes/row=64 rows/req=1 traversal=xw loads/req=4 inflight=4096B stride_mod_4k=16
stride,rows1_xw_l8,,0,8208,287561.341,0.0000,233.3723,2898.0,2898.0,2898.0,104.09,touch=64MiB row=8192B span=64MiB rows=8192 lanes/row=64 rows/req=1 traversal=xw loads/req=8 inflight=8192B stride_mod_4k=16
stride,rows1,,0,8256,281571.789,0.0000,238.3366,2885.5,2885.0,2886.0,103.62,touch=64MiB row=8192B span=64MiB rows=8192 lanes/row=64 rows/req=1 traversal=walk loads/req=1 inflight=1024B stride_mod_4k=64
stride,rows1_xw,,0,8256,305329.461,0.0000,219.7916,2888.2,2888.0,2889.0,103.70,touch=64MiB row=8192B span=64MiB rows=8192 lanes/row=64 rows/req=1 traversal=xw loads/req=1 inflight=1024B stride_mod_4k=64
stride,rows4,,0,8256,294742.076,0.0000,227.6867,2889.1,2889.0,2890.0,104.35,touch=64MiB row=8192B span=64MiB rows=8192 lanes/row=16 rows/req=4 traversal=walk loads/req=1 inflight=256B stride_mod_4k=64
stride,rows4_xw,,0,8256,313836.972,0.0000,213.8335,2891.1,2891.0,2892.0,104.27,touch=64MiB row=8192B span=64MiB rows=8192 lanes/row=16 rows/req=4 traversal=xw loads/req=1 inflight=256B stride_mod_4k=64
stride,rows16,,0,8256,310143.772,0.0000,216.3799,2892.6,2892.0,2893.0,104.02,touch=64MiB row=8192B span=64MiB rows=8192 lanes/row=4 rows/req=16 traversal=walk loads/req=1 inflight=64B stride_mod_4k=64
stride,rows16_xw,,0,8256,311148.088,0.0000,215.6814,2894.7,2894.0,2895.0,104.12,touch=64MiB row=8192B span=64MiB rows=8192 lanes/row=4 rows/req=16 traversal=xw loads/req=1 inflight=64B stride_mod_4k=64
stride,rows32,,0,8256,310845.609,0.0000,215.8913,2894.0,2894.0,2894.0,104.30,touch=64MiB row=8192B span=64MiB rows=8192 lanes/row=2 rows/req=32 traversal=walk loads/req=1 inflight=32B stride_mod_4k=64
stride,rows32_xw,,0,8256,391749.179,0.0000,171.3057,2894.1,2894.0,2895.0,104.48,touch=64MiB row=8192B span=64MiB rows=8192 lanes/row=2 rows/req=32 traversal=xw loads/req=1 inflight=32B stride_mod_4k=64
stride,rows64,,0,8256,291471.172,0.0000,230.2419,2896.0,2896.0,2896.0,104.59,touch=64MiB row=8192B span=64MiB rows=8192 lanes/row=1 rows/req=64 traversal=walk loads/req=1 inflight=16B stride_mod_4k=64
stride,rows64_xw,,0,8256,553067.379,0.0000,121.3394,2896.6,2896.0,2897.0,104.80,touch=64MiB row=8192B span=64MiB rows=8192 lanes/row=1 rows/req=64 traversal=xw loads/req=1 inflight=16B stride_mod_4k=64
stride,rows1_xw_l2,,0,8256,302997.673,0.0000,221.4831,2897.0,2897.0,2897.0,104.10,touch=64MiB row=8192B span=64MiB rows=8192 lanes/row=64 rows/req=1 traversal=xw loads/req=2 inflight=2048B stride_mod_4k=64
stride,rows1_xw_l4,,0,8256,288730.699,0.0000,232.4272,2896.3,2896.0,2897.0,104.42,touch=64MiB row=8192B span=64MiB rows=8192 lanes/row=64 rows/req=1 traversal=xw loads/req=4 inflight=4096B stride_mod_4k=64
stride,rows1_xw_l8,,0,8256,290246.158,0.0000,231.2136,2896.0,2896.0,2896.0,104.43,touch=64MiB row=8192B span=64MiB rows=8192 lanes/row=64 rows/req=1 traversal=xw loads/req=8 inflight=8192B stride_mod_4k=64
stride,rows1,,0,8320,279357.824,0.0000,240.2255,2884.3,2884.0,2885.0,104.22,touch=64MiB row=8192B span=65MiB rows=8192 lanes/row=64 rows/req=1 traversal=walk loads/req=1 inflight=1024B stride_mod_4k=128
stride,rows1_xw,,0,8320,308882.741,0.0000,217.2632,2884.0,2884.0,2886.0,103.77,touch=64MiB row=8192B span=65MiB rows=8192 lanes/row=64 rows/req=1 traversal=xw loads/req=1 inflight=1024B stride_mod_4k=128
stride,rows4,,0,8320,290399.593,0.0000,231.0915,2887.1,2887.0,2888.0,104.13,touch=64MiB row=8192B span=65MiB rows=8192 lanes/row=16 rows/req=4 traversal=walk loads/req=1 inflight=256B stride_mod_4k=128
stride,rows4_xw,,0,8320,326640.242,0.0000,205.4519,2890.0,2890.0,2890.0,103.30,touch=64MiB row=8192B span=65MiB rows=8192 lanes/row=16 rows/req=4 traversal=xw loads/req=1 inflight=256B stride_mod_4k=128
stride,rows16,,0,8320,292253.648,0.0000,229.6254,2891.0,2891.0,2891.0,103.33,touch=64MiB row=8192B span=65MiB rows=8192 lanes/row=4 rows/req=16 traversal=walk loads/req=1 inflight=64B stride_mod_4k=128
stride,rows16_xw,,0,8320,326889.794,0.0000,205.2951,2893.0,2893.0,2893.0,104.10,touch=64MiB row=8192B span=65MiB rows=8192 lanes/row=4 rows/req=16 traversal=xw loads/req=1 inflight=64B stride_mod_4k=128
stride,rows32,,0,8320,281830.650,0.0000,238.1177,2894.0,2894.0,2894.0,104.04,touch=64MiB row=8192B span=65MiB rows=8192 lanes/row=2 rows/req=32 traversal=walk loads/req=1 inflight=32B stride_mod_4k=128
stride,rows32_xw,,0,8320,325870.173,0.0000,205.9374,2895.0,2895.0,2895.0,105.16,touch=64MiB row=8192B span=65MiB rows=8192 lanes/row=2 rows/req=32 traversal=xw loads/req=1 inflight=32B stride_mod_4k=128
stride,rows64,,0,8320,283142.525,0.0000,237.0144,2895.1,2895.0,2896.0,105.40,touch=64MiB row=8192B span=65MiB rows=8192 lanes/row=1 rows/req=64 traversal=walk loads/req=1 inflight=16B stride_mod_4k=128
stride,rows64_xw,,0,8320,331931.633,0.0000,202.1768,2896.4,2896.0,2897.0,107.62,touch=64MiB row=8192B span=65MiB rows=8192 lanes/row=1 rows/req=64 traversal=xw loads/req=1 inflight=16B stride_mod_4k=128
stride,rows1_xw_l2,,0,8320,305839.994,0.0000,219.4247,2897.0,2897.0,2897.0,107.26,touch=64MiB row=8192B span=65MiB rows=8192 lanes/row=64 rows/req=1 traversal=xw loads/req=2 inflight=2048B stride_mod_4k=128
stride,rows1_xw_l4,,0,8320,286441.253,0.0000,234.2849,2897.8,2897.0,2898.0,106.37,touch=64MiB row=8192B span=65MiB rows=8192 lanes/row=64 rows/req=1 traversal=xw loads/req=4 inflight=4096B stride_mod_4k=128
stride,rows1_xw_l8,,0,8320,286556.011,0.0000,234.1911,2898.0,2898.0,2898.0,104.81,touch=64MiB row=8192B span=65MiB rows=8192 lanes/row=64 rows/req=1 traversal=xw loads/req=8 inflight=8192B stride_mod_4k=128
stride,rows1,,0,8448,277106.164,0.0000,242.1774,2885.0,2885.0,2886.0,104.06,touch=64MiB row=8192B span=66MiB rows=8192 lanes/row=64 rows/req=1 traversal=walk loads/req=1 inflight=1024B stride_mod_4k=256
stride,rows1_xw,,0,8448,292556.534,0.0000,229.3877,2886.0,2885.0,2888.0,103.98,touch=64MiB row=8192B span=66MiB rows=8192 lanes/row=64 rows/req=1 traversal=xw loads/req=1 inflight=1024B stride_mod_4k=256
stride,rows4,,0,8448,284181.345,0.0000,236.1480,2888.0,2887.0,2888.0,103.93,touch=64MiB row=8192B span=66MiB rows=8192 lanes/row=16 rows/req=4 traversal=walk loads/req=1 inflight=256B stride_mod_4k=256
stride,rows4_xw,,0,8448,285291.427,0.0000,235.2292,2889.6,2889.0,2890.0,105.03,touch=64MiB row=8192B span=66MiB rows=8192 lanes/row=16 rows/req=4 traversal=xw loads/req=1 inflight=256B stride_mod_4k=256
stride,rows16,,0,8448,284019.637,0.0000,236.2825,2891.0,2891.0,2891.0,105.14,touch=64MiB row=8192B span=66MiB rows=8192 lanes/row=4 rows/req=16 traversal=walk loads/req=1 inflight=64B stride_mod_4k=256
stride,rows16_xw,,0,8448,299500.693,0.0000,224.0691,2893.0,2893.0,2894.0,104.61,touch=64MiB row=8192B span=66MiB rows=8192 lanes/row=4 rows/req=16 traversal=xw loads/req=1 inflight=64B stride_mod_4k=256
stride,rows32,,0,8448,285922.667,0.0000,234.7098,2895.0,2895.0,2895.0,104.72,touch=64MiB row=8192B span=66MiB rows=8192 lanes/row=2 rows/req=32 traversal=walk loads/req=1 inflight=32B stride_mod_4k=256
stride,rows32_xw,,0,8448,329808.542,0.0000,203.4782,2895.3,2895.0,2896.0,104.79,touch=64MiB row=8192B span=66MiB rows=8192 lanes/row=2 rows/req=32 traversal=xw loads/req=1 inflight=32B stride_mod_4k=256
stride,rows64,,0,8448,291287.863,0.0000,230.3867,2897.0,2897.0,2897.0,104.94,touch=64MiB row=8192B span=66MiB rows=8192 lanes/row=1 rows/req=64 traversal=walk loads/req=1 inflight=16B stride_mod_4k=256
stride,rows64_xw,,0,8448,399079.437,0.0000,168.1592,2897.0,2897.0,2897.0,105.23,touch=64MiB row=8192B span=66MiB rows=8192 lanes/row=1 rows/req=64 traversal=xw loads/req=1 inflight=16B stride_mod_4k=256
stride,rows1_xw_l2,,0,8448,293655.124,0.0000,228.5295,2898.0,2898.0,2898.0,105.64,touch=64MiB row=8192B span=66MiB rows=8192 lanes/row=64 rows/req=1 traversal=xw loads/req=2 inflight=2048B stride_mod_4k=256
stride,rows1_xw_l4,,0,8448,281506.164,0.0000,238.3922,2898.0,2898.0,2898.0,105.12,touch=64MiB row=8192B span=66MiB rows=8192 lanes/row=64 rows/req=1 traversal=xw loads/req=4 inflight=4096B stride_mod_4k=256
stride,rows1_xw_l8,,0,8448,281875.562,0.0000,238.0798,2897.0,2897.0,2897.0,105.26,touch=64MiB row=8192B span=66MiB rows=8192 lanes/row=64 rows/req=1 traversal=xw loads/req=8 inflight=8192B stride_mod_4k=256
stride,rows1,,0,8704,276354.287,0.0000,242.8363,2879.1,2879.0,2880.0,104.77,touch=64MiB row=8192B span=68MiB rows=8192 lanes/row=64 rows/req=1 traversal=walk loads/req=1 inflight=1024B stride_mod_4k=512
stride,rows1_xw,,0,8704,284067.728,0.0000,236.2425,2881.9,2881.0,2882.0,105.01,touch=64MiB row=8192B span=68MiB rows=8192 lanes/row=64 rows/req=1 traversal=xw loads/req=1 inflight=1024B stride_mod_4k=512
stride,rows4,,0,8704,278399.523,0.0000,241.0524,2886.8,2886.0,2887.0,105.44,touch=64MiB row=8192B span=68MiB rows=8192 lanes/row=16 rows/req=4 traversal=walk loads/req=1 inflight=256B stride_mod_4k=512
stride,rows4_xw,,0,8704,428341.984,0.0000,156.6712,2890.0,2890.0,2890.0,103.97,touch=64MiB row=8192B span=68MiB rows=8192 lanes/row=16 rows/req=4 traversal=xw loads/req=1 inflight=256B stride_mod_4k=512
stride,rows16,,0,8704,282858.826,0.0000,237.2521,2892.0,2892.0,2892.0,103.73,touch=64MiB row=8192B span=68MiB rows=8192 lanes/row=4 rows/req=16 traversal=walk loads/req=1 inflight=64B stride_mod_4k=512
stride,rows16_xw,,0,8704,554460.827,0.0000,121.0345,2893.0,2893.0,2893.0,103.48,touch=64MiB row=8192B span=68MiB rows=8192 lanes/row=4 rows/req=16 traversal=xw loads/req=1 inflight=64B stride_mod_4k=512
stride,rows32,,0,8704,284683.494,0.0000,235.7315,2894.0,2894.0,2894.0,101.88,touch=64MiB row=8192B span=68MiB rows=8192 lanes/row=2 rows/req=32 traversal=walk loads/req=1 inflight=32B stride_mod_4k=512
stride,rows32_xw,,0,8704,640898.640,0.0000,104.7106,2894.7,2894.0,2895.0,101.48,touch=64MiB row=8192B span=68MiB rows=8192 lanes/row=2 rows/req=32 traversal=xw loads/req=1 inflight=32B stride_mod_4k=512
stride,rows64,,0,8704,288343.238,0.0000,232.7395,2895.0,2895.0,2895.0,101.56,touch=64MiB row=8192B span=68MiB rows=8192 lanes/row=1 rows/req=64 traversal=walk loads/req=1 inflight=16B stride_mod_4k=512
stride,rows64_xw,,0,8704,845323.697,0.0000,79.3884,2895.5,2895.0,2896.0,102.87,touch=64MiB row=8192B span=68MiB rows=8192 lanes/row=1 rows/req=64 traversal=xw loads/req=1 inflight=16B stride_mod_4k=512
stride,rows1_xw_l2,,0,8704,285469.937,0.0000,235.0821,2896.0,2896.0,2897.0,100.82,touch=64MiB row=8192B span=68MiB rows=8192 lanes/row=64 rows/req=1 traversal=xw loads/req=2 inflight=2048B stride_mod_4k=512
stride,rows1_xw_l4,,0,8704,282218.034,0.0000,237.7908,2897.0,2897.0,2897.0,101.23,touch=64MiB row=8192B span=68MiB rows=8192 lanes/row=64 rows/req=1 traversal=xw loads/req=4 inflight=4096B stride_mod_4k=512
stride,rows1_xw_l8,,0,8704,282464.728,0.0000,237.5832,2898.0,2898.0,2898.0,101.35,touch=64MiB row=8192B span=68MiB rows=8192 lanes/row=64 rows/req=1 traversal=xw loads/req=8 inflight=8192B stride_mod_4k=512
stride,rows1,,0,9216,275433.836,0.0000,243.6479,2886.0,2886.0,2886.0,101.03,touch=64MiB row=8192B span=72MiB rows=8192 lanes/row=64 rows/req=1 traversal=walk loads/req=1 inflight=1024B stride_mod_4k=1024
stride,rows1_xw,,0,9216,281434.121,0.0000,238.4532,2888.8,2888.0,2889.0,101.43,touch=64MiB row=8192B span=72MiB rows=8192 lanes/row=64 rows/req=1 traversal=xw loads/req=1 inflight=1024B stride_mod_4k=1024
stride,rows4,,0,9216,275871.292,0.0000,243.2615,2891.5,2891.0,2892.0,103.04,touch=64MiB row=8192B span=72MiB rows=8192 lanes/row=16 rows/req=4 traversal=walk loads/req=1 inflight=256B stride_mod_4k=1024
stride,rows4_xw,,0,9216,858500.656,0.0000,78.1698,2892.0,2892.0,2892.0,102.60,touch=64MiB row=8192B span=72MiB rows=8192 lanes/row=16 rows/req=4 traversal=xw loads/req=1 inflight=256B stride_mod_4k=1024
stride,rows16,,0,9216,282819.380,0.0000,237.2852,2894.0,2894.0,2894.0,100.63,touch=64MiB row=8192B span=72MiB rows=8192 lanes/row=4 rows/req=16 traversal=walk loads/req=1 inflight=64B stride_mod_4k=1024
stride,rows16_xw,,0,9216,1129159.000,0.0000,59.4326,2895.0,2895.0,2895.0,99.22,touch=64MiB row=8192B span=72MiB rows=8192 lanes/row=4 rows/req=16 traversal=xw loads/req=1 inflight=64B stride_mod_4k=1024
stride,rows32,,0,9216,282350.583,0.0000,237.6792,2896.5,2896.0,2897.0,99.03,touch=64MiB row=8192B span=72MiB rows=8192 lanes/row=2 rows/req=32 traversal=walk loads/req=1 inflight=32B stride_mod_4k=1024
stride,rows32_xw,,0,9216,1461766.350,0.0000,45.9094,2897.0,2897.0,2897.0,97.33,touch=64MiB row=8192B span=72MiB rows=8192 lanes/row=2 rows/req=32 traversal=xw loads/req=1 inflight=32B stride_mod_4k=1024
stride,rows64,,0,9216,280273.259,0.0000,239.4408,2898.0,2898.0,2898.0,96.91,touch=64MiB row=8192B span=72MiB rows=8192 lanes/row=1 rows/req=64 traversal=walk loads/req=1 inflight=16B stride_mod_4k=1024
stride,rows64_xw,,0,9216,1972979.000,0.0000,34.0140,2892.0,2892.0,2892.0,95.18,touch=64MiB row=8192B span=72MiB rows=8192 lanes/row=1 rows/req=64 traversal=xw loads/req=1 inflight=16B stride_mod_4k=1024
stride,rows1_xw_l2,,0,9216,286947.730,0.0000,233.8714,2892.9,2892.0,2893.0,95.08,touch=64MiB row=8192B span=72MiB rows=8192 lanes/row=64 rows/req=1 traversal=xw loads/req=2 inflight=2048B stride_mod_4k=1024
stride,rows1_xw_l4,,0,9216,282713.062,0.0000,237.3745,2894.0,2894.0,2894.0,96.46,touch=64MiB row=8192B span=72MiB rows=8192 lanes/row=64 rows/req=1 traversal=xw loads/req=4 inflight=4096B stride_mod_4k=1024
stride,rows1_xw_l8,,0,9216,282681.182,0.0000,237.4012,2884.0,2883.0,2895.0,97.23,touch=64MiB row=8192B span=72MiB rows=8192 lanes/row=64 rows/req=1 traversal=xw loads/req=8 inflight=8192B stride_mod_4k=1024
stride,rows1,,0,10240,275386.966,0.0000,243.6893,2872.6,2872.0,2873.0,98.05,touch=64MiB row=8192B span=80MiB rows=8192 lanes/row=64 rows/req=1 traversal=walk loads/req=1 inflight=1024B stride_mod_4k=2048
stride,rows1_xw,,0,10240,543363.990,0.0000,123.5063,2878.1,2877.0,2879.0,98.07,touch=64MiB row=8192B span=80MiB rows=8192 lanes/row=64 rows/req=1 traversal=xw loads/req=1 inflight=1024B stride_mod_4k=2048
stride,rows4,,0,10240,273844.752,0.0000,245.0617,2881.0,2881.0,2881.0,97.86,touch=64MiB row=8192B span=80MiB rows=8192 lanes/row=16 rows/req=4 traversal=walk loads/req=1 inflight=256B stride_mod_4k=2048
stride,rows4_xw,,0,10240,1711200.633,0.0000,39.2174,2884.5,2884.0,2885.0,98.72,touch=64MiB row=8192B span=80MiB rows=8192 lanes/row=16 rows/req=4 traversal=xw loads/req=1 inflight=256B stride_mod_4k=2048
stride,rows16,,0,10240,281577.685,0.0000,238.3316,2887.8,2887.0,2888.0,96.16,touch=64MiB row=8192B span=80MiB rows=8192 lanes/row=4 rows/req=16 traversal=walk loads/req=1 inflight=64B stride_mod_4k=2048
stride,rows16_xw,,0,10240,2317307.875,0.0000,28.9598,2890.0,2890.0,2890.0,96.94,touch=64MiB row=8192B span=80MiB rows=8192 lanes/row=4 rows/req=16 traversal=xw loads/req=1 inflight=64B stride_mod_4k=2048
stride,rows32,,0,10240,281548.526,0.0000,238.3563,2892.0,2892.0,2892.0,94.44,touch=64MiB row=8192B span=80MiB rows=8192 lanes/row=2 rows/req=32 traversal=walk loads/req=1 inflight=32B stride_mod_4k=2048
stride,rows32_xw,,0,10240,3133008.750,0.0000,21.4199,2894.1,2894.0,2895.0,93.93,touch=64MiB row=8192B span=80MiB rows=8192 lanes/row=2 rows/req=32 traversal=xw loads/req=1 inflight=32B stride_mod_4k=2048
stride,rows64,,0,10240,283612.321,0.0000,236.6218,2895.0,2895.0,2895.0,95.07,touch=64MiB row=8192B span=80MiB rows=8192 lanes/row=1 rows/req=64 traversal=walk loads/req=1 inflight=16B stride_mod_4k=2048
stride,rows64_xw,,0,10240,4231762.400,0.0000,15.8584,2890.2,2890.0,2891.0,91.86,touch=64MiB row=8192B span=80MiB rows=8192 lanes/row=1 rows/req=64 traversal=xw loads/req=1 inflight=16B stride_mod_4k=2048
stride,rows1_xw_l2,,0,10240,288444.598,0.0000,232.6577,2893.0,2893.0,2893.0,91.54,touch=64MiB row=8192B span=80MiB rows=8192 lanes/row=64 rows/req=1 traversal=xw loads/req=2 inflight=2048B stride_mod_4k=2048
stride,rows1_xw_l4,,0,10240,285843.105,0.0000,234.7752,2893.9,2893.0,2894.0,92.33,touch=64MiB row=8192B span=80MiB rows=8192 lanes/row=64 rows/req=1 traversal=xw loads/req=4 inflight=4096B stride_mod_4k=2048
stride,rows1_xw_l8,,0,10240,285938.531,0.0000,234.6968,2895.0,2895.0,2895.0,95.18,touch=64MiB row=8192B span=80MiB rows=8192 lanes/row=64 rows/req=1 traversal=xw loads/req=8 inflight=8192B stride_mod_4k=2048
stride,rows1,,0,11264,276076.162,0.0000,243.0810,2884.9,2884.0,2885.0,97.30,touch=64MiB row=8192B span=88MiB rows=8192 lanes/row=64 rows/req=1 traversal=walk loads/req=1 inflight=1024B stride_mod_4k=3072
stride,rows1_xw,,0,11264,282171.000,0.0000,237.8305,2887.0,2887.0,2887.0,98.49,touch=64MiB row=8192B span=88MiB rows=8192 lanes/row=64 rows/req=1 traversal=xw loads/req=1 inflight=1024B stride_mod_4k=3072
stride,rows4,,0,11264,276783.317,0.0000,242.4599,2890.2,2890.0,2891.0,100.50,touch=64MiB row=8192B span=88MiB rows=8192 lanes/row=16 rows/req=4 traversal=walk loads/req=1 inflight=256B stride_mod_4k=3072
stride,rows4_xw,,0,11264,860971.183,0.0000,77.9455,2891.0,2891.0,2891.0,100.25,touch=64MiB row=8192B span=88MiB rows=8192 lanes/row=16 rows/req=4 traversal=xw loads/req=1 inflight=256B stride_mod_4k=3072
stride,rows16,,0,11264,284680.503,0.0000,235.7340,2893.0,2893.0,2893.0,99.73,touch=64MiB row=8192B span=88MiB rows=8192 lanes/row=4 rows/req=16 traversal=walk loads/req=1 inflight=64B stride_mod_4k=3072
stride,rows16_xw,,0,11264,1158811.750,0.0000,57.9118,2894.0,2894.0,2894.0,99.92,touch=64MiB row=8192B span=88MiB rows=8192 lanes/row=4 rows/req=16 traversal=xw loads/req=1 inflight=64B stride_mod_4k=3072
stride,rows32,,0,11264,284659.894,0.0000,235.7510,2896.0,2896.0,2896.0,98.72,touch=64MiB row=8192B span=88MiB rows=8192 lanes/row=2 rows/req=32 traversal=walk loads/req=1 inflight=32B stride_mod_4k=3072
stride,rows32_xw,,0,11264,1410833.410,0.0000,47.5668,2896.0,2896.0,2896.0,98.40,touch=64MiB row=8192B span=88MiB rows=8192 lanes/row=2 rows/req=32 traversal=xw loads/req=1 inflight=32B stride_mod_4k=3072
stride,rows64,,0,11264,281872.453,0.0000,238.0824,2897.0,2897.0,2897.0,98.04,touch=64MiB row=8192B span=88MiB rows=8192 lanes/row=1 rows/req=64 traversal=walk loads/req=1 inflight=16B stride_mod_4k=3072
stride,rows64_xw,,0,11264,1912722.167,0.0000,35.0855,2897.5,2897.0,2898.0,97.61,touch=64MiB row=8192B span=88MiB rows=8192 lanes/row=1 rows/req=64 traversal=xw loads/req=1 inflight=16B stride_mod_4k=3072
stride,rows1_xw_l2,,0,11264,287561.310,0.0000,233.3724,2898.0,2898.0,2898.0,94.84,touch=64MiB row=8192B span=88MiB rows=8192 lanes/row=64 rows/req=1 traversal=xw loads/req=2 inflight=2048B stride_mod_4k=3072
stride,rows1_xw_l4,,0,11264,283919.448,0.0000,236.3659,2898.0,2898.0,2898.0,95.69,touch=64MiB row=8192B span=88MiB rows=8192 lanes/row=64 rows/req=1 traversal=xw loads/req=4 inflight=4096B stride_mod_4k=3072
stride,rows1_xw_l8,,0,11264,283638.033,0.0000,236.6004,2898.0,2898.0,2898.0,98.10,touch=64MiB row=8192B span=88MiB rows=8192 lanes/row=64 rows/req=1 traversal=xw loads/req=8 inflight=8192B stride_mod_4k=3072
stride,rows1,,0,12288,276663.740,0.0000,242.5647,2887.0,2887.0,2887.0,98.98,touch=64MiB row=8192B span=96MiB rows=8192 lanes/row=64 rows/req=1 traversal=walk loads/req=1 inflight=1024B stride_mod_4k=0
stride,rows1_xw,,0,12288,1070527.333,0.0000,62.6877,2888.0,2888.0,2888.0,98.84,touch=64MiB row=8192B span=96MiB rows=8192 lanes/row=64 rows/req=1 traversal=xw loads/req=1 inflight=1024B stride_mod_4k=0
stride,rows4,,0,12288,289248.899,0.0000,232.0108,2891.8,2891.0,2892.0,98.45,touch=64MiB row=8192B span=96MiB rows=8192 lanes/row=16 rows/req=4 traversal=walk loads/req=1 inflight=256B stride_mod_4k=0
stride,rows4_xw,,0,12288,3381520.900,0.0000,19.8458,2893.0,2893.0,2893.0,95.38,touch=64MiB row=8192B span=96MiB rows=8192 lanes/row=16 rows/req=4 traversal=xw loads/req=1 inflight=256B stride_mod_4k=0
stride,rows16,,0,12288,332581.843,0.0000,201.7815,2895.0,2895.0,2895.0,94.08,touch=64MiB row=8192B span=96MiB rows=8192 lanes/row=4 rows/req=16 traversal=walk loads/req=1 inflight=64B stride_mod_4k=0
stride,rows16_xw,,0,12288,4665899.250,0.0000,14.3828,2896.6,2896.0,2897.0,88.26,touch=64MiB row=8192B span=96MiB rows=8192 lanes/row=4 rows/req=16 traversal=xw loads/req=1 inflight=64B stride_mod_4k=0
stride,rows32,,0,12288,333383.829,0.0000,201.2961,2897.0,2897.0,2897.0,88.12,touch=64MiB row=8192B span=96MiB rows=8192 lanes/row=2 rows/req=32 traversal=walk loads/req=1 inflight=32B stride_mod_4k=0
stride,rows32_xw,,0,12288,6210305.650,0.0000,10.8060,2898.0,2898.0,2898.0,86.06,touch=64MiB row=8192B span=96MiB rows=8192 lanes/row=2 rows/req=32 traversal=xw loads/req=1 inflight=32B stride_mod_4k=0
stride,rows64,,0,12288,385545.784,0.0000,174.0620,2894.4,2894.0,2895.0,82.74,touch=64MiB row=8192B span=96MiB rows=8192 lanes/row=1 rows/req=64 traversal=walk loads/req=1 inflight=16B stride_mod_4k=0
stride,rows64_xw,,0,12288,8051189.350,0.0000,8.3353,2896.9,2896.0,2897.0,79.91,touch=64MiB row=8192B span=96MiB rows=8192 lanes/row=1 rows/req=64 traversal=xw loads/req=1 inflight=16B stride_mod_4k=0
stride,rows1_xw_l2,,0,12288,553087.352,0.0000,121.3350,2898.0,2898.0,2898.0,76.98,touch=64MiB row=8192B span=96MiB rows=8192 lanes/row=64 rows/req=1 traversal=xw loads/req=2 inflight=2048B stride_mod_4k=0
stride,rows1_xw_l4,,0,12288,281965.506,0.0000,238.0038,2898.0,2898.0,2898.0,80.99,touch=64MiB row=8192B span=96MiB rows=8192 lanes/row=64 rows/req=1 traversal=xw loads/req=4 inflight=4096B stride_mod_4k=0
stride,rows1_xw_l8,,0,12288,282705.402,0.0000,237.3809,2898.0,2898.0,2898.0,83.72,touch=64MiB row=8192B span=96MiB rows=8192 lanes/row=64 rows/req=1 traversal=xw loads/req=8 inflight=8192B stride_mod_4k=0
stride,rows1,,0,14336,276460.312,0.0000,242.7432,2886.0,2886.0,2886.0,89.92,touch=64MiB row=8192B span=112MiB rows=8192 lanes/row=64 rows/req=1 traversal=walk loads/req=1 inflight=1024B stride_mod_4k=2048
stride,rows1_xw,,0,14336,544070.845,0.0000,123.3458,2887.0,2887.0,2887.0,90.57,touch=64MiB row=8192B span=112MiB rows=8192 lanes/row=64 rows/req=1 traversal=xw loads/req=1 inflight=1024B stride_mod_4k=2048
stride,rows4,,0,14336,274144.510,0.0000,244.7938,2890.4,2890.0,2891.0,92.13,touch=64MiB row=8192B span=112MiB rows=8192 lanes/row=16 rows/req=4 traversal=walk loads/req=1 inflight=256B stride_mod_4k=2048
stride,rows4_xw,,0,14336,1716097.250,0.0000,39.1055,2892.0,2892.0,2892.0,93.76,touch=64MiB row=8192B span=112MiB rows=8192 lanes/row=16 rows/req=4 traversal=xw loads/req=1 inflight=256B stride_mod_4k=2048
stride,rows16,,0,14336,283625.316,0.0000,236.6110,2893.0,2893.0,2893.0,93.26,touch=64MiB row=8192B span=112MiB rows=8192 lanes/row=4 rows/req=16 traversal=walk loads/req=1 inflight=64B stride_mod_4k=2048
stride,rows16_xw,,0,14336,2299787.958,0.0000,29.1805,2891.2,2891.0,2892.0,92.56,touch=64MiB row=8192B span=112MiB rows=8192 lanes/row=4 rows/req=16 traversal=xw loads/req=1 inflight=64B stride_mod_4k=2048
stride,rows32,,0,14336,284435.620,0.0000,235.9369,2890.4,2890.0,2891.0,93.02,touch=64MiB row=8192B span=112MiB rows=8192 lanes/row=2 rows/req=32 traversal=walk loads/req=1 inflight=32B stride_mod_4k=2048
stride,rows32_xw,,0,14336,3007732.700,0.0000,22.3121,2892.9,2892.0,2893.0,92.08,touch=64MiB row=8192B span=112MiB rows=8192 lanes/row=2 rows/req=32 traversal=xw loads/req=1 inflight=32B stride_mod_4k=2048
stride,rows64,,0,14336,282356.662,0.0000,237.6741,2894.0,2894.0,2894.0,91.05,touch=64MiB row=8192B span=112MiB rows=8192 lanes/row=1 rows/req=64 traversal=walk loads/req=1 inflight=16B stride_mod_4k=2048
stride,rows64_xw,,0,14336,4198901.950,0.0000,15.9825,2894.8,2894.0,2895.0,91.30,touch=64MiB row=8192B span=112MiB rows=8192 lanes/row=1 rows/req=64 traversal=xw loads/req=1 inflight=16B stride_mod_4k=2048
stride,rows1_xw_l2,,0,14336,288311.047,0.0000,232.7655,2891.0,2891.0,2893.0,88.83,touch=64MiB row=8192B span=112MiB rows=8192 lanes/row=64 rows/req=1 traversal=xw loads/req=2 inflight=2048B stride_mod_4k=2048
stride,rows1_xw_l4,,0,14336,286307.006,0.0000,234.3948,2894.0,2894.0,2894.0,93.05,touch=64MiB row=8192B span=112MiB rows=8192 lanes/row=64 rows/req=1 traversal=xw loads/req=4 inflight=4096B stride_mod_4k=2048
stride,rows1_xw_l8,,0,14336,286376.117,0.0000,234.3382,2894.0,2894.0,2894.0,93.76,touch=64MiB row=8192B span=112MiB rows=8192 lanes/row=64 rows/req=1 traversal=xw loads/req=8 inflight=8192B stride_mod_4k=2048
stride,rows1,,0,16384,276187.808,0.0000,242.9827,2882.9,2882.0,2883.0,95.58,touch=64MiB row=8192B span=128MiB rows=8192 lanes/row=64 rows/req=1 traversal=walk loads/req=1 inflight=1024B stride_mod_4k=0
stride,rows1_xw,,0,16384,1076419.109,0.0000,62.3445,2880.0,2880.0,2881.0,93.54,touch=64MiB row=8192B span=128MiB rows=8192 lanes/row=64 rows/req=1 traversal=xw loads/req=1 inflight=1024B stride_mod_4k=0
stride,rows4,,0,16384,288696.272,0.0000,232.4549,2884.0,2884.0,2884.0,94.88,touch=64MiB row=8192B span=128MiB rows=8192 lanes/row=16 rows/req=4 traversal=walk loads/req=1 inflight=256B stride_mod_4k=0
stride,rows4_xw,,0,16384,3411882.600,0.0000,19.6692,2886.7,2886.0,2887.0,92.02,touch=64MiB row=8192B span=128MiB rows=8192 lanes/row=16 rows/req=4 traversal=xw loads/req=1 inflight=256B stride_mod_4k=0
stride,rows16,,0,16384,332372.806,0.0000,201.9084,2887.0,2887.0,2887.0,91.45,touch=64MiB row=8192B span=128MiB rows=8192 lanes/row=4 rows/req=16 traversal=walk loads/req=1 inflight=64B stride_mod_4k=0
stride,rows16_xw,,0,16384,6899941.950,0.0000,9.7260,2889.5,2889.0,2890.0,89.82,touch=64MiB row=8192B span=128MiB rows=8192 lanes/row=4 rows/req=16 traversal=xw loads/req=1 inflight=64B stride_mod_4k=0
stride,rows32,,0,16384,334594.649,0.0000,200.5677,2894.0,2894.0,2894.0,85.61,touch=64MiB row=8192B span=128MiB rows=8192 lanes/row=2 rows/req=32 traversal=walk loads/req=1 inflight=32B stride_mod_4k=0
stride,rows32_xw,,0,16384,12406033.600,0.0000,5.4094,2895.4,2895.0,2896.0,81.95,touch=64MiB row=8192B span=128MiB rows=8192 lanes/row=2 rows/req=32 traversal=xw loads/req=1 inflight=32B stride_mod_4k=0
stride,rows64,,0,16384,372764.648,0.0000,180.0301,2897.0,2897.0,2897.0,77.78,touch=64MiB row=8192B span=128MiB rows=8192 lanes/row=1 rows/req=64 traversal=walk loads/req=1 inflight=16B stride_mod_4k=0
stride,rows64_xw,,0,16384,22193131.200,0.0000,3.0239,2899.0,2899.0,2899.0,63.35,touch=64MiB row=8192B span=128MiB rows=8192 lanes/row=1 rows/req=64 traversal=xw loads/req=1 inflight=16B stride_mod_4k=0
stride,rows1_xw_l2,,0,16384,556243.863,0.0000,120.6465,2899.0,2899.0,2899.0,63.70,touch=64MiB row=8192B span=128MiB rows=8192 lanes/row=64 rows/req=1 traversal=xw loads/req=2 inflight=2048B stride_mod_4k=0
stride,rows1_xw_l4,,0,16384,283623.181,0.0000,236.6128,2899.0,2899.0,2899.0,73.85,touch=64MiB row=8192B span=128MiB rows=8192 lanes/row=64 rows/req=1 traversal=xw loads/req=4 inflight=4096B stride_mod_4k=0
stride,rows1_xw_l8,,0,16384,282849.688,0.0000,237.2598,2899.0,2899.0,2899.0,79.03,touch=64MiB row=8192B span=128MiB rows=8192 lanes/row=64 rows/req=1 traversal=xw loads/req=8 inflight=8192B stride_mod_4k=0
stride,rows1,,0,2048,17695.458,0.0000,948.1086,2877.9,2877.0,2878.0,93.12,touch=16MiB row=2048B span=16MiB rows=8192 lanes/row=64 rows/req=1 traversal=walk loads/req=1 inflight=1024B stride_mod_4k=2048
stride,rows1_xw,,0,2048,34994.365,0.0000,479.4262,2875.2,2874.0,2879.0,95.44,touch=16MiB row=2048B span=16MiB rows=8192 lanes/row=64 rows/req=1 traversal=xw loads/req=1 inflight=1024B stride_mod_4k=2048
stride,rows4,,0,2048,18018.133,0.0000,931.1295,2877.0,2877.0,2878.0,103.40,touch=16MiB row=2048B span=16MiB rows=8192 lanes/row=16 rows/req=4 traversal=walk loads/req=1 inflight=256B stride_mod_4k=2048
stride,rows4_xw,,0,2048,131064.138,0.0000,128.0077,2878.6,2878.0,2879.0,103.88,touch=16MiB row=2048B span=16MiB rows=8192 lanes/row=16 rows/req=4 traversal=xw loads/req=1 inflight=256B stride_mod_4k=2048
stride,rows16,,0,2048,17843.854,0.0000,940.2238,2885.0,2885.0,2885.0,106.79,touch=16MiB row=2048B span=16MiB rows=8192 lanes/row=4 rows/req=16 traversal=walk loads/req=1 inflight=64B stride_mod_4k=2048
stride,rows16_xw,,0,2048,256515.837,0.0000,65.4042,2885.3,2885.0,2886.0,105.12,touch=16MiB row=2048B span=16MiB rows=8192 lanes/row=4 rows/req=16 traversal=xw loads/req=1 inflight=64B stride_mod_4k=2048
stride,rows32,,0,2048,17981.803,0.0000,933.0108,2882.6,2882.0,2883.0,108.44,touch=16MiB row=2048B span=16MiB rows=8192 lanes/row=2 rows/req=32 traversal=walk loads/req=1 inflight=32B stride_mod_4k=2048
stride,rows32_xw,,0,2048,462962.874,0.0000,36.2388,2886.0,2886.0,2886.0,105.84,touch=16MiB row=2048B span=16MiB rows=8192 lanes/row=2 rows/req=32 traversal=xw loads/req=1 inflight=32B stride_mod_4k=2048
stride,rows64,,0,2048,19248.338,0.0000,871.6190,2884.0,2884.0,2884.0,110.51,touch=16MiB row=2048B span=16MiB rows=8192 lanes/row=1 rows/req=64 traversal=walk loads/req=1 inflight=16B stride_mod_4k=2048
stride,rows64_xw,,0,2048,860572.549,0.0000,19.4954,2886.4,2886.0,2887.0,108.00,touch=16MiB row=2048B span=16MiB rows=8192 lanes/row=1 rows/req=64 traversal=xw loads/req=1 inflight=16B stride_mod_4k=2048
stride,rows1_xw_l2,,0,2048,17772.796,0.0000,943.9829,2887.8,2887.0,2888.0,108.92,touch=16MiB row=2048B span=16MiB rows=8192 lanes/row=64 rows/req=1 traversal=xw loads/req=2 inflight=2048B stride_mod_4k=2048
stride,rows1,,0,2064,18959.038,0.0000,884.9191,2884.0,2884.0,2884.0,111.23,touch=16MiB row=2048B span=16MiB rows=8192 lanes/row=64 rows/req=1 traversal=walk loads/req=1 inflight=1024B stride_mod_4k=2064
stride,rows1_xw,,0,2064,19845.218,0.0000,845.4035,2882.0,2882.0,2882.0,115.66,touch=16MiB row=2048B span=16MiB rows=8192 lanes/row=64 rows/req=1 traversal=xw loads/req=1 inflight=1024B stride_mod_4k=2064
stride,rows4,,0,2064,17852.417,0.0000,939.7728,2883.0,2883.0,2883.0,120.31,touch=16MiB row=2048B span=16MiB rows=8192 lanes/row=16 rows/req=4 traversal=walk loads/req=1 inflight=256B stride_mod_4k=2064
stride,rows4_xw,,0,2064,24682.736,0.0000,679.7146,2869.9,2869.0,2878.0,122.09,touch=16MiB row=2048B span=16MiB rows=8192 lanes/row=16 rows/req=4 traversal=xw loads/req=1 inflight=256B stride_mod_4k=2064
stride,rows16,,0,2064,17987.421,0.0000,932.7194,2867.6,2867.0,2868.0,124.31,touch=16MiB row=2048B span=16MiB rows=8192 lanes/row=4 rows/req=16 traversal=walk loads/req=1 inflight=64B stride_mod_4k=2064
stride,rows16_xw,,0,2064,31588.574,0.0000,531.1166,2858.9,2858.0,2860.0,128.22,touch=16MiB row=2048B span=16MiB rows=8192 lanes/row=4 rows/req=16 traversal=xw loads/req=1 inflight=64B stride_mod_4k=2064
stride,rows32,,0,2064,18664.808,0.0000,898.8689,2856.4,2856.0,2857.0,129.59,touch=16MiB row=2048B span=16MiB rows=8192 lanes/row=2 rows/req=32 traversal=walk loads/req=1 inflight=32B stride_mod_4k=2064
stride,rows32_xw,,0,2064,38156.410,0.0000,439.6959,2856.8,2856.0,2858.0,130.94,touch=16MiB row=2048B span=16MiB rows=8192 lanes/row=2 rows/req=32 traversal=xw loads/req=1 inflight=32B stride_mod_4k=2064
stride,rows64,,0,2064,19385.773,0.0000,865.4396,2859.5,2859.0,2860.0,131.66,touch=16MiB row=2048B span=16MiB rows=8192 lanes/row=1 rows/req=64 traversal=walk loads/req=1 inflight=16B stride_mod_4k=2064
stride,rows64_xw,,0,2064,53876.289,0.0000,311.4026,2869.3,2868.0,2870.0,133.56,touch=16MiB row=2048B span=16MiB rows=8192 lanes/row=1 rows/req=64 traversal=xw loads/req=1 inflight=16B stride_mod_4k=2064
stride,rows1_xw_l2,,0,2064,17806.205,0.0000,942.2118,2875.2,2875.0,2876.0,133.52,touch=16MiB row=2048B span=16MiB rows=8192 lanes/row=64 rows/req=1 traversal=xw loads/req=2 inflight=2048B stride_mod_4k=2064
stride,rows1,,0,2112,19900.442,0.0000,843.0574,2876.0,2876.0,2876.0,133.65,touch=16MiB row=2048B span=16MiB rows=8192 lanes/row=64 rows/req=1 traversal=walk loads/req=1 inflight=1024B stride_mod_4k=2112
stride,rows1_xw,,0,2112,18881.473,0.0000,888.5544,2875.8,2875.0,2876.0,134.43,touch=16MiB row=2048B span=16MiB rows=8192 lanes/row=64 rows/req=1 traversal=xw loads/req=1 inflight=1024B stride_mod_4k=2112
stride,rows4,,0,2112,18487.274,0.0000,907.5008,2859.2,2858.0,2865.0,135.06,touch=16MiB row=2048B span=16MiB rows=8192 lanes/row=16 rows/req=4 traversal=walk loads/req=1 inflight=256B stride_mod_4k=2112
stride,rows4_xw,,0,2112,21560.162,0.0000,778.1582,2850.2,2849.0,2851.0,135.59,touch=16MiB row=2048B span=16MiB rows=8192 lanes/row=16 rows/req=4 traversal=xw loads/req=1 inflight=256B stride_mod_4k=2112
stride,rows16,,0,2112,18419.849,0.0000,910.8227,2848.7,2847.0,2852.0,136.27,touch=16MiB row=2048B span=16MiB rows=8192 lanes/row=4 rows/req=16 traversal=walk loads/req=1 inflight=64B stride_mod_4k=2112
stride,rows16_xw,,0,2112,18698.469,0.0000,897.2508,2851.5,2851.0,2852.0,137.39,touch=16MiB row=2048B span=16MiB rows=8192 lanes/row=4 rows/req=16 traversal=xw loads/req=1 inflight=64B stride_mod_4k=2112
stride,rows32,,0,2112,18470.771,0.0000,908.3116,2853.8,2853.0,2855.0,138.04,touch=16MiB row=2048B span=16MiB rows=8192 lanes/row=2 rows/req=32 traversal=walk loads/req=1 inflight=32B stride_mod_4k=2112
stride,rows32_xw,,0,2112,33471.163,0.0000,501.2439,2837.1,2835.0,2842.0,137.66,touch=16MiB row=2048B span=16MiB rows=8192 lanes/row=2 rows/req=32 traversal=xw loads/req=1 inflight=32B stride_mod_4k=2112
stride,rows64,,0,2112,18933.409,0.0000,886.1170,2847.3,2846.0,2849.0,137.41,touch=16MiB row=2048B span=16MiB rows=8192 lanes/row=1 rows/req=64 traversal=walk loads/req=1 inflight=16B stride_mod_4k=2112
stride,rows64_xw,,0,2112,66875.941,0.0000,250.8707,2847.3,2846.0,2849.0,135.68,touch=16MiB row=2048B span=16MiB rows=8192 lanes/row=1 rows/req=64 traversal=xw loads/req=1 inflight=16B stride_mod_4k=2112
stride,rows1_xw_l2,,0,2112,18685.518,0.0000,897.8727,2857.3,2857.0,2858.0,134.11,touch=16MiB row=2048B span=16MiB rows=8192 lanes/row=64 rows/req=1 traversal=xw loads/req=2 inflight=2048B stride_mod_4k=2112
stride,rows1,,0,2176,18925.584,0.0000,886.4834,2855.0,2855.0,2855.0,134.01,touch=16MiB row=2048B span=17MiB rows=8192 lanes/row=64 rows/req=1 traversal=walk loads/req=1 inflight=1024B stride_mod_4k=2176
stride,rows1_xw,,0,2176,17843.412,0.0000,940.2471,2855.3,2854.0,2856.0,134.43,touch=16MiB row=2048B span=17MiB rows=8192 lanes/row=64 rows/req=1 traversal=xw loads/req=1 inflight=1024B stride_mod_4k=2176
stride,rows4,,0,2176,17872.428,0.0000,938.7206,2848.4,2847.0,2850.0,135.15,touch=16MiB row=2048B span=17MiB rows=8192 lanes/row=16 rows/req=4 traversal=walk loads/req=1 inflight=256B stride_mod_4k=2176
stride,rows4_xw,,0,2176,17901.526,0.0000,937.1948,2842.0,2841.0,2843.0,135.81,touch=16MiB row=2048B span=17MiB rows=8192 lanes/row=16 rows/req=4 traversal=xw loads/req=1 inflight=256B stride_mod_4k=2176
stride,rows16,,0,2176,17362.348,0.0000,966.2988,2834.6,2833.0,2836.0,136.96,touch=16MiB row=2048B span=17MiB rows=8192 lanes/row=4 rows/req=16 traversal=walk loads/req=1 inflight=64B stride_mod_4k=2176
stride,rows16_xw,,0,2176,19730.827,0.0000,850.3047,2830.2,2829.0,2832.0,137.18,touch=16MiB row=2048B span=17MiB rows=8192 lanes/row=4 rows/req=16 traversal=xw loads/req=1 inflight=64B stride_mod_4k=2176
stride,rows32,,0,2176,17781.279,0.0000,943.5326,2836.3,2835.0,2838.0,137.95,touch=16MiB row=2048B span=17MiB rows=8192 lanes/row=2 rows/req=32 traversal=walk loads/req=1 inflight=32B stride_mod_4k=2176
stride,rows32_xw,,0,2176,31944.018,0.0000,525.2068,2839.9,2839.0,2841.0,137.98,touch=16MiB row=2048B span=17MiB rows=8192 lanes/row=2 rows/req=32 traversal=xw loads/req=1 inflight=32B stride_mod_4k=2176
stride,rows64,,0,2176,18478.150,0.0000,907.9489,2852.9,2852.0,2854.0,137.89,touch=16MiB row=2048B span=17MiB rows=8192 lanes/row=1 rows/req=64 traversal=walk loads/req=1 inflight=16B stride_mod_4k=2176
stride,rows64_xw,,0,2176,59550.194,0.0000,281.7323,2851.4,2850.0,2853.0,136.56,touch=16MiB row=2048B span=17MiB rows=8192 lanes/row=1 rows/req=64 traversal=xw loads/req=1 inflight=16B stride_mod_4k=2176
stride,rows1_xw_l2,,0,2176,17805.710,0.0000,942.2380,2856.6,2855.0,2860.0,134.12,touch=16MiB row=2048B span=17MiB rows=8192 lanes/row=64 rows/req=1 traversal=xw loads/req=2 inflight=2048B stride_mod_4k=2176
stride,rows1,,0,2304,18876.570,0.0000,888.7852,2841.0,2841.0,2841.0,133.28,touch=16MiB row=2048B span=18MiB rows=8192 lanes/row=64 rows/req=1 traversal=walk loads/req=1 inflight=1024B stride_mod_4k=2304
stride,rows1_xw,,0,2304,17857.869,0.0000,939.4859,2840.4,2839.0,2842.0,134.65,touch=16MiB row=2048B span=18MiB rows=8192 lanes/row=64 rows/req=1 traversal=xw loads/req=1 inflight=1024B stride_mod_4k=2304
stride,rows4,,0,2304,17941.622,0.0000,935.1003,2837.5,2836.0,2839.0,134.77,touch=16MiB row=2048B span=18MiB rows=8192 lanes/row=16 rows/req=4 traversal=walk loads/req=1 inflight=256B stride_mod_4k=2304
stride,rows4_xw,,0,2304,17498.411,0.0000,958.7851,2832.2,2832.0,2833.0,136.16,touch=16MiB row=2048B span=18MiB rows=8192 lanes/row=16 rows/req=4 traversal=xw loads/req=1 inflight=256B stride_mod_4k=2304
stride,rows16,,0,2304,17969.727,0.0000,933.6378,2488.7,2482.0,2498.0,121.31,touch=16MiB row=2048B span=18MiB rows=8192 lanes/row=4 rows/req=16 traversal=walk loads/req=1 inflight=64B stride_mod_4k=2304
stride,rows16_xw,,0,2304,21201.579,0.0000,791.3192,2559.1,2552.0,2567.0,126.07,touch=16MiB row=2048B span=18MiB rows=8192 lanes/row=4 rows/req=16 traversal=xw loads/req=1 inflight=64B stride_mod_4k=2304
stride,rows32,,0,2304,17950.686,0.0000,934.6281,2591.9,2586.0,2599.0,128.56,touch=16MiB row=2048B span=18MiB rows=8192 lanes/row=2 rows/req=32 traversal=walk loads/req=1 inflight=32B stride_mod_4k=2304
stride,rows32_xw,,0,2304,33240.158,0.0000,504.7273,2668.6,2663.0,2674.0,131.70,touch=16MiB row=2048B span=18MiB rows=8192 lanes/row=2 rows/req=32 traversal=xw loads/req=1 inflight=32B stride_mod_4k=2304
stride,rows64,,0,2304,19131.154,0.0000,876.9579,2691.1,2687.0,2696.0,134.60,touch=16MiB row=2048B span=18MiB rows=8192 lanes/row=1 rows/req=64 traversal=walk loads/req=1 inflight=16B stride_mod_4k=2304
stride,rows64_xw,,0,2304,61212.961,0.0000,274.0795,2757.2,2755.0,2760.0,136.46,touch=16MiB row=2048B span=18MiB rows=8192 lanes/row=1 rows/req=64 traversal=xw loads/req=1 inflight=16B stride_mod_4k=2304
stride,rows1_xw_l2,,0,2304,17645.966,0.0000,950.7678,2821.4,2819.0,2823.0,135.45,touch=16MiB row=2048B span=18MiB rows=8192 lanes/row=64 rows/req=1 traversal=xw loads/req=2 inflight=2048B stride_mod_4k=2304
stride,rows1,,0,2560,18898.849,0.0000,887.7375,2823.9,2823.0,2824.0,135.16,touch=16MiB row=2048B span=20MiB rows=8192 lanes/row=64 rows/req=1 traversal=walk loads/req=1 inflight=1024B stride_mod_4k=2560
stride,rows1_xw,,0,2560,17710.201,0.0000,947.3194,2835.1,2833.0,2837.0,135.57,touch=16MiB row=2048B span=20MiB rows=8192 lanes/row=64 rows/req=1 traversal=xw loads/req=1 inflight=1024B stride_mod_4k=2560
stride,rows4,,0,2560,17685.970,0.0000,948.6172,2843.7,2842.0,2845.0,135.74,touch=16MiB row=2048B span=20MiB rows=8192 lanes/row=16 rows/req=4 traversal=walk loads/req=1 inflight=256B stride_mod_4k=2560
stride,rows4_xw,,0,2560,28532.938,0.0000,587.9947,2854.5,2853.0,2856.0,135.71,touch=16MiB row=2048B span=20MiB rows=8192 lanes/row=16 rows/req=4 traversal=xw loads/req=1 inflight=256B stride_mod_4k=2560
stride,rows16,,0,2560,17763.773,0.0000,944.4624,2865.6,2865.0,2866.0,133.65,touch=16MiB row=2048B span=20MiB rows=8192 lanes/row=4 rows/req=16 traversal=walk loads/req=1 inflight=64B stride_mod_4k=2560
stride,rows16_xw,,0,2560,42172.824,0.0000,397.8206,2863.0,2862.0,2864.0,129.71,touch=16MiB row=2048B span=20MiB rows=8192 lanes/row=4 rows/req=16 traversal=xw loads/req=1 inflight=64B stride_mod_4k=2560
stride,rows32,,0,2560,17667.254,0.0000,949.6222,2867.8,2867.0,2869.0,130.19,touch=16MiB row=2048B span=20MiB rows=8192 lanes/row=2 rows/req=32 traversal=walk loads/req=1 inflight=32B stride_mod_4k=2560
stride,rows32_xw,,0,2560,69583.124,0.0000,241.1104,2865.6,2865.0,2866.0,130.44,touch=16MiB row=2048B span=20MiB rows=8192 lanes/row=2 rows/req=32 traversal=xw loads/req=1 inflight=32B stride_mod_4k=2560
stride,rows64,,0,2560,19722.602,0.0000,850.6594,2874.7,2874.0,2875.0,130.35,touch=16MiB row=2048B span=20MiB rows=8192 lanes/row=1 rows/req=64 traversal=walk loads/req=1 inflight=16B stride_mod_4k=2560
stride,rows64_xw,,0,2560,126567.663,0.0000,132.5553,2876.0,2875.0,2877.0,127.84,touch=16MiB row=2048B span=20MiB rows=8192 lanes/row=1 rows/req=64 traversal=xw loads/req=1 inflight=16B stride_mod_4k=2560
stride,rows1_xw_l2,,0,2560,17645.091,0.0000,950.8149,2882.0,2881.0,2882.0,125.23,touch=16MiB row=2048B span=20MiB rows=8192 lanes/row=64 rows/req=1 traversal=xw loads/req=2 inflight=2048B stride_mod_4k=2560
stride,rows1,,0,3072,18075.376,0.0000,928.1808,2884.0,2884.0,2884.0,126.06,touch=16MiB row=2048B span=24MiB rows=8192 lanes/row=64 rows/req=1 traversal=walk loads/req=1 inflight=1024B stride_mod_4k=3072
stride,rows1_xw,,0,3072,17772.955,0.0000,943.9745,2885.3,2885.0,2886.0,127.51,touch=16MiB row=2048B span=24MiB rows=8192 lanes/row=64 rows/req=1 traversal=xw loads/req=1 inflight=1024B stride_mod_4k=3072
stride,rows4,,0,3072,17678.553,0.0000,949.0152,2882.1,2882.0,2883.0,129.14,touch=16MiB row=2048B span=24MiB rows=8192 lanes/row=16 rows/req=4 traversal=walk loads/req=1 inflight=256B stride_mod_4k=3072
stride,rows4_xw,,0,3072,54033.217,0.0000,310.4982,2872.7,2872.0,2873.0,129.57,touch=16MiB row=2048B span=24MiB rows=8192 lanes/row=16 rows/req=4 traversal=xw loads/req=1 inflight=256B stride_mod_4k=3072
stride,rows16,,0,3072,17644.751,0.0000,950.8332,2881.0,2881.0,2881.0,126.97,touch=16MiB row=2048B span=24MiB rows=8192 lanes/row=4 rows/req=16 traversal=walk loads/req=1 inflight=64B stride_mod_4k=3072
stride,rows16_xw,,0,3072,104810.592,0.0000,160.0718,2882.4,2882.0,2883.0,126.51,touch=16MiB row=2048B span=24MiB rows=8192 lanes/row=4 rows/req=16 traversal=xw loads/req=1 inflight=64B stride_mod_4k=3072
stride,rows32,,0,3072,17694.775,0.0000,948.1452,2887.0,2887.0,2887.0,122.86,touch=16MiB row=2048B span=24MiB rows=8192 lanes/row=2 rows/req=32 traversal=walk loads/req=1 inflight=32B stride_mod_4k=3072
stride,rows32_xw,,0,3072,178692.781,0.0000,93.8886,2888.7,2888.0,2889.0,123.20,touch=16MiB row=2048B span=24MiB rows=8192 lanes/row=2 rows/req=32 traversal=xw loads/req=1 inflight=32B stride_mod_4k=3072
stride,rows64,,0,3072,20095.946,0.0000,834.8558,2891.0,2891.0,2891.0,119.38,touch=16MiB row=2048B span=24MiB rows=8192 lanes/row=1 rows/req=64 traversal=walk loads/req=1 inflight=16B stride_mod_4k=3072
stride,rows64_xw,,0,3072,321204.373,0.0000,52.2322,2886.0,2886.0,2886.0,119.68,touch=16MiB row=2048B span=24MiB rows=8192 lanes/row=1 rows/req=64 traversal=xw loads/req=1 inflight=16B stride_mod_4k=3072
stride,rows1_xw_l2,,0,3072,17832.367,0.0000,940.8295,2885.2,2885.0,2889.0,115.34,touch=16MiB row=2048B span=24MiB rows=8192 lanes/row=64 rows/req=1 traversal=xw loads/req=2 inflight=2048B stride_mod_4k=3072
stride,rows1,,0,4096,20326.818,0.0000,825.3735,2878.0,2878.0,2878.0,116.80,touch=16MiB row=2048B span=32MiB rows=8192 lanes/row=64 rows/req=1 traversal=walk loads/req=1 inflight=1024B stride_mod_4k=0
stride,rows1_xw,,0,4096,35836.812,0.0000,468.1559,2881.8,2881.0,2882.0,118.02,touch=16MiB row=2048B span=32MiB rows=8192 lanes/row=64 rows/req=1 traversal=xw loads/req=1 inflight=1024B stride_mod_4k=0
stride,rows4,,0,4096,21519.649,0.0000,779.6231,2884.0,2884.0,2884.0,118.20,touch=16MiB row=2048B span=32MiB rows=8192 lanes/row=16 rows/req=4 traversal=walk loads/req=1 inflight=256B stride_mod_4k=0
stride,rows4_xw,,0,4096,134499.294,0.0000,124.7383,2882.8,2882.0,2883.0,112.59,touch=16MiB row=2048B span=32MiB rows=8192 lanes/row=16 rows/req=4 traversal=xw loads/req=1 inflight=256B stride_mod_4k=0
stride,rows16,,0,4096,18541.561,0.0000,904.8438,2886.0,2886.0,2886.0,114.55,touch=16MiB row=2048B span=32MiB rows=8192 lanes/row=4 rows/req=16 traversal=walk loads/req=1 inflight=64B stride_mod_4k=0
stride,rows16_xw,,0,4096,274739.730,0.0000,61.0659,2886.9,2886.0,2887.0,114.01,touch=16MiB row=2048B span=32MiB rows=8192 lanes/row=4 rows/req=16 traversal=xw loads/req=1 inflight=64B stride_mod_4k=0
stride,rows32,,0,4096,18246.650,0.0000,919.4683,2890.0,2890.0,2891.0,110.04,touch=16MiB row=2048B span=32MiB rows=8192 lanes/row=2 rows/req=32 traversal=walk loads/req=1 inflight=32B stride_mod_4k=0
stride,rows32_xw,,0,4096,476995.386,0.0000,35.1727,2886.0,2886.0,2886.0,111.73,touch=16MiB row=2048B span=32MiB rows=8192 lanes/row=2 rows/req=32 traversal=xw loads/req=1 inflight=32B stride_mod_4k=0
stride,rows64,,0,4096,19498.440,0.0000,860.4389,2882.1,2882.0,2883.0,114.68,touch=16MiB row=2048B span=32MiB rows=8192 lanes/row=1 rows/req=64 traversal=walk loads/req=1 inflight=16B stride_mod_4k=0
stride,rows64_xw,,0,4096,886725.357,0.0000,18.9204,2884.9,2884.0,2885.0,111.32,touch=16MiB row=2048B span=32MiB rows=8192 lanes/row=1 rows/req=64 traversal=xw loads/req=1 inflight=16B stride_mod_4k=0
stride,rows1_xw_l2,,0,4096,21164.881,0.0000,792.6913,2881.0,2881.0,2881.0,108.62,touch=16MiB row=2048B span=32MiB rows=8192 lanes/row=64 rows/req=1 traversal=xw loads/req=2 inflight=2048B stride_mod_4k=0
stride,rows1,,0,5120,19960.844,0.0000,840.5063,2881.0,2881.0,2881.0,112.11,touch=16MiB row=2048B span=40MiB rows=8192 lanes/row=64 rows/req=1 traversal=walk loads/req=1 inflight=1024B stride_mod_4k=1024
stride,rows1_xw,,0,5120,17777.471,0.0000,943.7347,2883.3,2883.0,2884.0,115.05,touch=16MiB row=2048B span=40MiB rows=8192 lanes/row=64 rows/req=1 traversal=xw loads/req=1 inflight=1024B stride_mod_4k=1024
stride,rows4,,0,5120,17361.367,0.0000,966.3534,2884.5,2884.0,2885.0,118.53,touch=16MiB row=2048B span=40MiB rows=8192 lanes/row=16 rows/req=4 traversal=walk loads/req=1 inflight=256B stride_mod_4k=1024
stride,rows4_xw,,0,5120,58103.260,0.0000,288.7483,2880.2,2880.0,2881.0,119.78,touch=16MiB row=2048B span=40MiB rows=8192 lanes/row=16 rows/req=4 traversal=xw loads/req=1 inflight=256B stride_mod_4k=1024
stride,rows16,,0,5120,17706.760,0.0000,947.5034,2885.2,2885.0,2886.0,117.89,touch=16MiB row=2048B span=40MiB rows=8192 lanes/row=4 rows/req=16 traversal=walk loads/req=1 inflight=64B stride_mod_4k=1024
stride,rows16_xw,,0,5120,105715.791,0.0000,158.7011,2883.1,2883.0,2884.0,118.98,touch=16MiB row=2048B span=40MiB rows=8192 lanes/row=4 rows/req=16 traversal=xw loads/req=1 inflight=64B stride_mod_4k=1024
stride,rows32,,0,5120,17716.517,0.0000,946.9816,2886.1,2886.0,2887.0,117.58,touch=16MiB row=2048B span=40MiB rows=8192 lanes/row=2 rows/req=32 traversal=walk loads/req=1 inflight=32B stride_mod_4k=1024
stride,rows32_xw,,0,5120,184746.554,0.0000,90.8121,2887.0,2887.0,2887.0,117.83,touch=16MiB row=2048B span=40MiB rows=8192 lanes/row=2 rows/req=32 traversal=xw loads/req=1 inflight=32B stride_mod_4k=1024
stride,rows64,,0,5120,20903.608,0.0000,802.5990,2890.8,2890.0,2891.0,117.60,touch=16MiB row=2048B span=40MiB rows=8192 lanes/row=1 rows/req=64 traversal=walk loads/req=1 inflight=16B stride_mod_4k=1024
stride,rows64_xw,,0,5120,318556.082,0.0000,52.6664,2891.0,2891.0,2891.0,117.23,touch=16MiB row=2048B span=40MiB rows=8192 lanes/row=1 rows/req=64 traversal=xw loads/req=1 inflight=16B stride_mod_4k=1024
stride,rows1_xw_l2,,0,5120,17716.003,0.0000,947.0091,2879.4,2879.0,2880.0,114.21,touch=16MiB row=2048B span=40MiB rows=8192 lanes/row=64 rows/req=1 traversal=xw loads/req=2 inflight=2048B stride_mod_4k=1024
stride,rows1,,0,6144,19018.553,0.0000,882.1500,2881.0,2881.0,2881.0,115.85,touch=16MiB row=2048B span=48MiB rows=8192 lanes/row=64 rows/req=1 traversal=walk loads/req=1 inflight=1024B stride_mod_4k=2048
stride,rows1_xw,,0,6144,33367.845,0.0000,502.7959,2881.8,2881.0,2882.0,117.37,touch=16MiB row=2048B span=48MiB rows=8192 lanes/row=64 rows/req=1 traversal=xw loads/req=1 inflight=1024B stride_mod_4k=2048
stride,rows4,,0,6144,17862.997,0.0000,939.2162,2885.0,2885.0,2886.0,117.83,touch=16MiB row=2048B span=48MiB rows=8192 lanes/row=16 rows/req=4 traversal=walk loads/req=1 inflight=256B stride_mod_4k=2048
stride,rows4_xw,,0,6144,131065.278,0.0000,128.0066,2881.5,2881.0,2882.0,113.89,touch=16MiB row=2048B span=48MiB rows=8192 lanes/row=16 rows/req=4 traversal=xw loads/req=1 inflight=256B stride_mod_4k=2048
stride,rows16,,0,6144,17844.121,0.0000,940.2097,2885.0,2884.0,2885.0,116.07,touch=16MiB row=2048B span=48MiB rows=8192 lanes/row=4 rows/req=16 traversal=walk loads/req=1 inflight=64B stride_mod_4k=2048
stride,rows16_xw,,0,6144,250212.618,0.0000,67.0518,2888.0,2888.0,2888.0,110.63,touch=16MiB row=2048B span=48MiB rows=8192 lanes/row=4 rows/req=16 traversal=xw loads/req=1 inflight=64B stride_mod_4k=2048
stride,rows32,,0,6144,17768.749,0.0000,944.1979,2884.0,2884.0,2884.0,113.27,touch=16MiB row=2048B span=48MiB rows=8192 lanes/row=2 rows/req=32 traversal=walk loads/req=1 inflight=32B stride_mod_4k=2048
stride,rows32_xw,,0,6144,463751.129,0.0000,36.1772,2885.0,2885.0,2885.0,112.85,touch=16MiB row=2048B span=48MiB rows=8192 lanes/row=2 rows/req=32 traversal=xw loads/req=1 inflight=32B stride_mod_4k=2048
stride,rows64,,0,6144,19590.678,0.0000,856.3877,2887.4,2887.0,2888.0,112.15,touch=16MiB row=2048B span=48MiB rows=8192 lanes/row=1 rows/req=64 traversal=walk loads/req=1 inflight=16B stride_mod_4k=2048
stride,rows64_xw,,0,6144,867193.028,0.0000,19.3466,2889.2,2889.0,2890.0,109.22,touch=16MiB row=2048B span=48MiB rows=8192 lanes/row=1 rows/req=64 traversal=xw loads/req=1 inflight=16B stride_mod_4k=2048
stride,rows1_xw_l2,,0,6144,17429.816,0.0000,962.5584,2890.0,2890.0,2890.0,106.56,touch=16MiB row=2048B span=48MiB rows=8192 lanes/row=64 rows/req=1 traversal=xw loads/req=2 inflight=2048B stride_mod_4k=2048
stride,rows1,,0,8192,138776.905,0.0000,120.8934,2889.1,2889.0,2890.0,108.84,touch=16MiB row=2048B span=64MiB rows=8192 lanes/row=64 rows/req=1 traversal=walk loads/req=1 inflight=1024B stride_mod_4k=0
stride,rows1_xw,,0,8192,275063.280,0.0000,60.9940,2892.0,2892.0,2892.0,103.67,touch=16MiB row=2048B span=64MiB rows=8192 lanes/row=64 rows/req=1 traversal=xw loads/req=1 inflight=1024B stride_mod_4k=0
stride,rows4,,0,8192,138493.109,0.0000,121.1412,2893.5,2893.0,2894.0,100.89,touch=16MiB row=2048B span=64MiB rows=8192 lanes/row=16 rows/req=4 traversal=walk loads/req=1 inflight=256B stride_mod_4k=0
stride,rows4_xw,,0,8192,871781.207,0.0000,19.2448,2895.0,2895.0,2895.0,96.69,touch=16MiB row=2048B span=64MiB rows=8192 lanes/row=16 rows/req=4 traversal=xw loads/req=1 inflight=256B stride_mod_4k=0
stride,rows16,,0,8192,142760.969,0.0000,117.5196,2896.0,2896.0,2896.0,96.23,touch=16MiB row=2048B span=64MiB rows=8192 lanes/row=4 rows/req=16 traversal=walk loads/req=1 inflight=64B stride_mod_4k=0
stride,rows16_xw,,0,8192,1355306.000,0.0000,12.3789,2896.0,2896.0,2896.0,95.68,touch=16MiB row=2048B span=64MiB rows=8192 lanes/row=4 rows/req=16 traversal=xw loads/req=1 inflight=64B stride_mod_4k=0
stride,rows32,,0,8192,142429.853,0.0000,117.7928,2897.0,2897.0,2897.0,93.41,touch=16MiB row=2048B span=64MiB rows=8192 lanes/row=2 rows/req=32 traversal=walk loads/req=1 inflight=32B stride_mod_4k=0
stride,rows32_xw,,0,8192,2185308.100,0.0000,7.6773,2898.0,2898.0,2898.0,91.07,touch=16MiB row=2048B span=64MiB rows=8192 lanes/row=2 rows/req=32 traversal=xw loads/req=1 inflight=32B stride_mod_4k=0
stride,rows64,,0,8192,141772.040,0.0000,118.3394,2898.0,2898.0,2898.0,90.95,touch=16MiB row=2048B span=64MiB rows=8192 lanes/row=1 rows/req=64 traversal=walk loads/req=1 inflight=16B stride_mod_4k=0
stride,rows64_xw,,0,8192,3733798.250,0.0000,4.4933,2897.4,2897.0,2898.0,88.23,touch=16MiB row=2048B span=64MiB rows=8192 lanes/row=1 rows/req=64 traversal=xw loads/req=1 inflight=16B stride_mod_4k=0
stride,rows1_xw_l2,,0,8192,140218.251,0.0000,119.6507,2898.0,2898.0,2898.0,85.31,touch=16MiB row=2048B span=64MiB rows=8192 lanes/row=64 rows/req=1 traversal=xw loads/req=2 inflight=2048B stride_mod_4k=0
stride,rows1,,0,10240,20850.859,0.0000,804.6295,2898.0,2898.0,2898.0,89.51,touch=16MiB row=2048B span=80MiB rows=8192 lanes/row=64 rows/req=1 traversal=walk loads/req=1 inflight=1024B stride_mod_4k=2048
stride,rows1_xw,,0,10240,35404.802,0.0000,473.8684,2898.0,2898.0,2898.0,92.59,touch=16MiB row=2048B span=80MiB rows=8192 lanes/row=64 rows/req=1 traversal=xw loads/req=1 inflight=1024B stride_mod_4k=2048
stride,rows4,,0,10240,18029.300,0.0000,930.5528,2899.0,2899.0,2899.0,96.28,touch=16MiB row=2048B span=80MiB rows=8192 lanes/row=16 rows/req=4 traversal=walk loads/req=1 inflight=256B stride_mod_4k=2048
stride,rows4_xw,,0,10240,131185.387,0.0000,127.8894,2885.3,2885.0,2886.0,100.49,touch=16MiB row=2048B span=80MiB rows=8192 lanes/row=16 rows/req=4 traversal=xw loads/req=1 inflight=256B stride_mod_4k=2048
stride,rows16,,0,10240,18106.551,0.0000,926.5827,2887.0,2887.0,2887.0,103.42,touch=16MiB row=2048B span=80MiB rows=8192 lanes/row=4 rows/req=16 traversal=walk loads/req=1 inflight=64B stride_mod_4k=2048
stride,rows16_xw,,0,10240,254384.118,0.0000,65.9523,2876.4,2876.0,2877.0,105.54,touch=16MiB row=2048B span=80MiB rows=8192 lanes/row=4 rows/req=16 traversal=xw loads/req=1 inflight=64B stride_mod_4k=2048
stride,rows32,,0,10240,17958.509,0.0000,934.2210,2880.1,2880.0,2881.0,107.76,touch=16MiB row=2048B span=80MiB rows=8192 lanes/row=2 rows/req=32 traversal=walk loads/req=1 inflight=32B stride_mod_4k=2048
stride,rows32_xw,,0,10240,393472.970,0.0000,42.6388,2882.6,2882.0,2883.0,110.28,touch=16MiB row=2048B span=80MiB rows=8192 lanes/row=2 rows/req=32 traversal=xw loads/req=1 inflight=32B stride_mod_4k=2048
stride,rows64,,0,10240,21786.568,0.0000,770.0715,2887.0,2887.0,2887.0,108.37,touch=16MiB row=2048B span=80MiB rows=8192 lanes/row=1 rows/req=64 traversal=walk loads/req=1 inflight=16B stride_mod_4k=2048
stride,rows64_xw,,0,10240,870229.329,0.0000,19.2791,2888.9,2888.0,2889.0,110.02,touch=16MiB row=2048B span=80MiB rows=8192 lanes/row=1 rows/req=64 traversal=xw loads/req=1 inflight=16B stride_mod_4k=2048
stride,rows1_xw_l2,,0,10240,18124.888,0.0000,925.6452,2892.0,2892.0,2892.0,107.06,touch=16MiB row=2048B span=80MiB rows=8192 lanes/row=64 rows/req=1 traversal=xw loads/req=2 inflight=2048B stride_mod_4k=2048
stride,rows1,,0,2048,276113.838,0.0000,243.0478,2820.9,2819.0,2823.0,112.25,touch=64MiB row=2048B span=64MiB rows=32768 lanes/row=64 rows/req=1 traversal=walk loads/req=1 inflight=1024B stride_mod_4k=2048
stride,rows1_xw,,0,2048,557038.146,0.0000,120.4744,2840.6,2839.0,2842.0,107.88,touch=64MiB row=2048B span=64MiB rows=32768 lanes/row=64 rows/req=1 traversal=xw loads/req=1 inflight=1024B stride_mod_4k=2048
stride,rows4,,0,2048,273326.571,0.0000,245.5263,2848.6,2847.0,2850.0,106.78,touch=64MiB row=2048B span=64MiB rows=32768 lanes/row=16 rows/req=4 traversal=walk loads/req=1 inflight=256B stride_mod_4k=2048
stride,rows4_xw,,0,2048,2136216.800,0.0000,31.4148,2858.3,2857.0,2859.0,104.93,touch=64MiB row=2048B span=64MiB rows=32768 lanes/row=16 rows/req=4 traversal=xw loads/req=1 inflight=256B stride_mod_4k=2048
stride,rows16,,0,2048,292241.376,0.0000,229.6351,2863.7,2863.0,2865.0,102.64,touch=64MiB row=2048B span=64MiB rows=32768 lanes/row=4 rows/req=16 traversal=walk loads/req=1 inflight=64B stride_mod_4k=2048
stride,rows16_xw,,0,2048,4572293.400,0.0000,14.6773,2871.8,2870.0,2873.0,99.96,touch=64MiB row=2048B span=64MiB rows=32768 lanes/row=4 rows/req=16 traversal=xw loads/req=1 inflight=64B stride_mod_4k=2048
stride,rows32,,0,2048,292859.627,0.0000,229.1503,2880.0,2879.0,2880.0,92.63,touch=64MiB row=2048B span=64MiB rows=32768 lanes/row=2 rows/req=32 traversal=walk loads/req=1 inflight=32B stride_mod_4k=2048
stride,rows32_xw,,0,2048,8544562.750,0.0000,7.8540,2881.5,2880.0,2883.0,89.97,touch=64MiB row=2048B span=64MiB rows=32768 lanes/row=2 rows/req=32 traversal=xw loads/req=1 inflight=32B stride_mod_4k=2048
stride,rows64,,0,2048,277848.438,0.0000,241.5305,2889.7,2889.0,2890.0,82.25,touch=64MiB row=2048B span=64MiB rows=32768 lanes/row=1 rows/req=64 traversal=walk loads/req=1 inflight=16B stride_mod_4k=2048
stride,rows64_xw,,0,2048,15989830.850,0.0000,4.1970,2896.3,2896.0,2897.0,66.94,touch=64MiB row=2048B span=64MiB rows=32768 lanes/row=1 rows/req=64 traversal=xw loads/req=1 inflight=16B stride_mod_4k=2048
stride,rows1_xw_l2,,0,2048,282954.603,0.0000,237.1718,2897.0,2897.0,2897.0,70.80,touch=64MiB row=2048B span=64MiB rows=32768 lanes/row=64 rows/req=1 traversal=xw loads/req=2 inflight=2048B stride_mod_4k=2048
stride,rows1,,0,2064,281781.592,0.0000,238.1591,2882.1,2882.0,2883.0,72.58,touch=64MiB row=2048B span=64MiB rows=32768 lanes/row=64 rows/req=1 traversal=walk loads/req=1 inflight=1024B stride_mod_4k=2064
stride,rows1_xw,,0,2064,281492.910,0.0000,238.4034,2887.2,2887.0,2888.0,81.70,touch=64MiB row=2048B span=64MiB rows=32768 lanes/row=64 rows/req=1 traversal=xw loads/req=1 inflight=1024B stride_mod_4k=2064
stride,rows4,,0,2064,284792.313,0.0000,235.6414,2890.0,2889.0,2890.0,85.99,touch=64MiB row=2048B span=64MiB rows=32768 lanes/row=16 rows/req=4 traversal=walk loads/req=1 inflight=256B stride_mod_4k=2064
stride,rows4_xw,,0,2064,303619.203,0.0000,221.0297,2886.4,2886.0,2887.0,90.24,touch=64MiB row=2048B span=64MiB rows=32768 lanes/row=16 rows/req=4 traversal=xw loads/req=1 inflight=256B stride_mod_4k=2064
stride,rows16,,0,2064,296811.611,0.0000,226.0992,2887.4,2887.0,2888.0,91.16,touch=64MiB row=2048B span=64MiB rows=32768 lanes/row=4 rows/req=16 traversal=walk loads/req=1 inflight=64B stride_mod_4k=2064
stride,rows16_xw,,0,2064,322712.690,0.0000,207.9524,2890.0,2890.0,2890.0,93.84,touch=64MiB row=2048B span=64MiB rows=32768 lanes/row=4 rows/req=16 traversal=xw loads/req=1 inflight=64B stride_mod_4k=2064
stride,rows32,,0,2064,286991.994,0.0000,233.8353,2892.0,2892.0,2892.0,98.39,touch=64MiB row=2048B span=64MiB rows=32768 lanes/row=2 rows/req=32 traversal=walk loads/req=1 inflight=32B stride_mod_4k=2064
stride,rows32_xw,,0,2064,361751.275,0.0000,185.5111,2893.7,2893.0,2894.0,100.98,touch=64MiB row=2048B span=64MiB rows=32768 lanes/row=2 rows/req=32 traversal=xw loads/req=1 inflight=32B stride_mod_4k=2064
stride,rows64,,0,2064,290285.477,0.0000,231.1823,2887.0,2887.0,2887.0,102.47,touch=64MiB row=2048B span=64MiB rows=32768 lanes/row=1 rows/req=64 traversal=walk loads/req=1 inflight=16B stride_mod_4k=2064
stride,rows64_xw,,0,2064,554358.611,0.0000,121.0568,2883.3,2883.0,2884.0,103.25,touch=64MiB row=2048B span=64MiB rows=32768 lanes/row=1 rows/req=64 traversal=xw loads/req=1 inflight=16B stride_mod_4k=2064
stride,rows1_xw_l2,,0,2064,288187.947,0.0000,232.8649,2887.0,2886.0,2887.0,102.70,touch=64MiB row=2048B span=64MiB rows=32768 lanes/row=64 rows/req=1 traversal=xw loads/req=2 inflight=2048B stride_mod_4k=2064
stride,rows1,,0,2112,288968.100,0.0000,232.2362,2876.5,2876.0,2877.0,101.64,touch=64MiB row=2048B span=66MiB rows=32768 lanes/row=64 rows/req=1 traversal=walk loads/req=1 inflight=1024B stride_mod_4k=2112
stride,rows1_xw,,0,2112,292077.565,0.0000,229.7638,2879.6,2879.0,2880.0,101.40,touch=64MiB row=2048B span=66MiB rows=32768 lanes/row=64 rows/req=1 traversal=xw loads/req=1 inflight=1024B stride_mod_4k=2112
stride,rows4,,0,2112,292954.151,0.0000,229.0763,2884.2,2884.0,2885.0,102.28,touch=64MiB row=2048B span=66MiB rows=32768 lanes/row=16 rows/req=4 traversal=walk loads/req=1 inflight=256B stride_mod_4k=2112
stride,rows4_xw,,0,2112,304529.717,0.0000,220.3689,2887.2,2887.0,2888.0,102.11,touch=64MiB row=2048B span=66MiB rows=32768 lanes/row=16 rows/req=4 traversal=xw loads/req=1 inflight=256B stride_mod_4k=2112
stride,rows16,,0,2112,292786.561,0.0000,229.2075,2890.8,2890.0,2891.0,102.43,touch=64MiB row=2048B span=66MiB rows=32768 lanes/row=4 rows/req=16 traversal=walk loads/req=1 inflight=64B stride_mod_4k=2112
stride,rows16_xw,,0,2112,313727.034,0.0000,213.9085,2892.0,2892.0,2892.0,102.68,touch=64MiB row=2048B span=66MiB rows=32768 lanes/row=4 rows/req=16 traversal=xw loads/req=1 inflight=64B stride_mod_4k=2112
stride,rows32,,0,2112,292657.523,0.0000,229.3085,2893.0,2893.0,2893.0,103.40,touch=64MiB row=2048B span=66MiB rows=32768 lanes/row=2 rows/req=32 traversal=walk loads/req=1 inflight=32B stride_mod_4k=2112
stride,rows32_xw,,0,2112,406232.440,0.0000,165.1982,2895.0,2895.0,2895.0,104.41,touch=64MiB row=2048B span=66MiB rows=32768 lanes/row=2 rows/req=32 traversal=xw loads/req=1 inflight=32B stride_mod_4k=2112
stride,rows64,,0,2112,290902.034,0.0000,230.6923,2896.0,2896.0,2896.0,105.16,touch=64MiB row=2048B span=66MiB rows=32768 lanes/row=1 rows/req=64 traversal=walk loads/req=1 inflight=16B stride_mod_4k=2112
stride,rows64_xw,,0,2112,619103.530,0.0000,108.3968,2896.0,2896.0,2896.0,105.83,touch=64MiB row=2048B span=66MiB rows=32768 lanes/row=1 rows/req=64 traversal=xw loads/req=1 inflight=16B stride_mod_4k=2112
stride,rows1_xw_l2,,0,2112,294726.255,0.0000,227.6990,2894.0,2894.0,2894.0,105.75,touch=64MiB row=2048B span=66MiB rows=32768 lanes/row=64 rows/req=1 traversal=xw loads/req=2 inflight=2048B stride_mod_4k=2112
stride,rows1,,0,2176,279689.364,0.0000,239.9407,2883.0,2883.0,2884.0,103.86,touch=64MiB row=2048B span=68MiB rows=32768 lanes/row=64 rows/req=1 traversal=walk loads/req=1 inflight=1024B stride_mod_4k=2176
stride,rows1_xw,,0,2176,284145.624,0.0000,236.1777,2885.3,2885.0,2886.0,103.81,touch=64MiB row=2048B span=68MiB rows=32768 lanes/row=64 rows/req=1 traversal=xw loads/req=1 inflight=1024B stride_mod_4k=2176
stride,rows4,,0,2176,280843.811,0.0000,238.9544,2889.0,2889.0,2889.0,103.43,touch=64MiB row=2048B span=68MiB rows=32768 lanes/row=16 rows/req=4 traversal=walk loads/req=1 inflight=256B stride_mod_4k=2176
stride,rows4_xw,,0,2176,287503.607,0.0000,233.4192,2891.8,2891.0,2892.0,103.15,touch=64MiB row=2048B span=68MiB rows=32768 lanes/row=16 rows/req=4 traversal=xw loads/req=1 inflight=256B stride_mod_4k=2176
stride,rows16,,0,2176,283441.961,0.0000,236.7640,2892.0,2892.0,2892.0,103.31,touch=64MiB row=2048B span=68MiB rows=32768 lanes/row=4 rows/req=16 traversal=walk loads/req=1 inflight=64B stride_mod_4k=2176
stride,rows16_xw,,0,2176,355077.707,0.0000,188.9977,2894.5,2894.0,2895.0,103.77,touch=64MiB row=2048B span=68MiB rows=32768 lanes/row=4 rows/req=16 traversal=xw loads/req=1 inflight=64B stride_mod_4k=2176
stride,rows32,,0,2176,285088.148,0.0000,235.3969,2895.9,2895.0,2896.0,103.50,touch=64MiB row=2048B span=68MiB rows=32768 lanes/row=2 rows/req=32 traversal=walk loads/req=1 inflight=32B stride_mod_4k=2176
stride,rows32_xw,,0,2176,475340.017,0.0000,141.1808,2896.0,2896.0,2896.0,103.35,touch=64MiB row=2048B span=68MiB rows=32768 lanes/row=2 rows/req=32 traversal=xw loads/req=1 inflight=32B stride_mod_4k=2176
stride,rows64,,0,2176,279652.068,0.0000,239.9727,2888.2,2888.0,2889.0,104.32,touch=64MiB row=2048B span=68MiB rows=32768 lanes/row=1 rows/req=64 traversal=walk loads/req=1 inflight=16B stride_mod_4k=2176
stride,rows64_xw,,0,2176,696069.200,0.0000,96.4112,2890.0,2890.0,2890.0,104.94,touch=64MiB row=2048B span=68MiB rows=32768 lanes/row=1 rows/req=64 traversal=xw loads/req=1 inflight=16B stride_mod_4k=2176
stride,rows1_xw_l2,,0,2176,285155.680,0.0000,235.3411,2892.5,2892.0,2893.0,103.84,touch=64MiB row=2048B span=68MiB rows=32768 lanes/row=64 rows/req=1 traversal=xw loads/req=2 inflight=2048B stride_mod_4k=2176
stride,rows1,,0,2304,276320.239,0.0000,242.8663,2877.7,2877.0,2878.0,103.11,touch=64MiB row=2048B span=72MiB rows=32768 lanes/row=64 rows/req=1 traversal=walk loads/req=1 inflight=1024B stride_mod_4k=2304
stride,rows1_xw,,0,2304,279842.641,0.0000,239.8093,2884.4,2884.0,2885.0,103.27,touch=64MiB row=2048B span=72MiB rows=32768 lanes/row=64 rows/req=1 traversal=xw loads/req=1 inflight=1024B stride_mod_4k=2304
stride,rows4,,0,2304,276615.353,0.0000,242.6072,2885.6,2885.0,2886.0,103.34,touch=64MiB row=2048B span=72MiB rows=32768 lanes/row=16 rows/req=4 traversal=walk loads/req=1 inflight=256B stride_mod_4k=2304
stride,rows4_xw,,0,2304,281450.898,0.0000,238.4390,2888.3,2888.0,2889.0,103.00,touch=64MiB row=2048B span=72MiB rows=32768 lanes/row=16 rows/req=4 traversal=xw loads/req=1 inflight=256B stride_mod_4k=2304
stride,rows16,,0,2304,281473.993,0.0000,238.4194,2891.4,2891.0,2892.0,103.54,touch=64MiB row=2048B span=72MiB rows=32768 lanes/row=4 rows/req=16 traversal=walk loads/req=1 inflight=64B stride_mod_4k=2304
stride,rows16_xw,,0,2304,352052.696,0.0000,190.6216,2892.0,2892.0,2892.0,103.70,touch=64MiB row=2048B span=72MiB rows=32768 lanes/row=4 rows/req=16 traversal=xw loads/req=1 inflight=64B stride_mod_4k=2304
stride,rows32,,0,2304,281432.371,0.0000,238.4547,2885.0,2885.0,2885.0,103.78,touch=64MiB row=2048B span=72MiB rows=32768 lanes/row=2 rows/req=32 traversal=walk loads/req=1 inflight=32B stride_mod_4k=2304
stride,rows32_xw,,0,2304,473769.991,0.0000,141.6486,2887.8,2887.0,2888.0,104.16,touch=64MiB row=2048B span=72MiB rows=32768 lanes/row=2 rows/req=32 traversal=xw loads/req=1 inflight=32B stride_mod_4k=2304
stride,rows64,,0,2304,279408.282,0.0000,240.1821,2891.0,2891.0,2891.0,104.88,touch=64MiB row=2048B span=72MiB rows=32768 lanes/row=1 rows/req=64 traversal=walk loads/req=1 inflight=16B stride_mod_4k=2304
stride,rows64_xw,,0,2304,696584.307,0.0000,96.3399,2892.0,2892.0,2892.0,105.42,touch=64MiB row=2048B span=72MiB rows=32768 lanes/row=1 rows/req=64 traversal=xw loads/req=1 inflight=16B stride_mod_4k=2304
stride,rows1_xw_l2,,0,2304,282498.602,0.0000,237.5547,2894.1,2894.0,2895.0,104.43,touch=64MiB row=2048B span=72MiB rows=32768 lanes/row=64 rows/req=1 traversal=xw loads/req=2 inflight=2048B stride_mod_4k=2304
stride,rows1,,0,2560,277239.977,0.0000,242.0606,2884.0,2884.0,2884.0,102.69,touch=64MiB row=2048B span=80MiB rows=32768 lanes/row=64 rows/req=1 traversal=walk loads/req=1 inflight=1024B stride_mod_4k=2560
stride,rows1_xw,,0,2560,277612.356,0.0000,241.7359,2885.2,2885.0,2886.0,102.37,touch=64MiB row=2048B span=80MiB rows=32768 lanes/row=64 rows/req=1 traversal=xw loads/req=1 inflight=1024B stride_mod_4k=2560
stride,rows4,,0,2560,276953.232,0.0000,242.3112,2888.0,2888.0,2888.0,103.10,touch=64MiB row=2048B span=80MiB rows=32768 lanes/row=16 rows/req=4 traversal=walk loads/req=1 inflight=256B stride_mod_4k=2560
stride,rows4_xw,,0,2560,540744.220,0.0000,124.1046,2890.0,2890.0,2890.0,102.12,touch=64MiB row=2048B span=80MiB rows=32768 lanes/row=16 rows/req=4 traversal=xw loads/req=1 inflight=256B stride_mod_4k=2560
stride,rows16,,0,2560,282789.671,0.0000,237.3102,2893.0,2893.0,2893.0,100.48,touch=64MiB row=2048B span=80MiB rows=32768 lanes/row=4 rows/req=16 traversal=walk loads/req=1 inflight=64B stride_mod_4k=2560
stride,rows16_xw,,0,2560,735529.773,0.0000,91.2388,2893.6,2893.0,2894.0,100.04,touch=64MiB row=2048B span=80MiB rows=32768 lanes/row=4 rows/req=16 traversal=xw loads/req=1 inflight=64B stride_mod_4k=2560
stride,rows32,,0,2560,281898.495,0.0000,238.0604,2896.0,2896.0,2896.0,98.22,touch=64MiB row=2048B span=80MiB rows=32768 lanes/row=2 rows/req=32 traversal=walk loads/req=1 inflight=32B stride_mod_4k=2560
stride,rows32_xw,,0,2560,1030354.722,0.0000,65.1318,2896.0,2896.0,2896.0,97.59,touch=64MiB row=2048B span=80MiB rows=32768 lanes/row=2 rows/req=32 traversal=xw loads/req=1 inflight=32B stride_mod_4k=2560
stride,rows64,,0,2560,278659.316,0.0000,240.8276,2897.0,2897.0,2897.0,97.64,touch=64MiB row=2048B span=80MiB rows=32768 lanes/row=1 rows/req=64 traversal=walk loads/req=1 inflight=16B stride_mod_4k=2560
stride,rows64_xw,,0,2560,1498076.361,0.0000,44.7967,2897.3,2897.0,2898.0,97.74,touch=64MiB row=2048B span=80MiB rows=32768 lanes/row=1 rows/req=64 traversal=xw loads/req=1 inflight=16B stride_mod_4k=2560
stride,rows1_xw_l2,,0,2560,280690.707,0.0000,239.0847,2898.0,2898.0,2898.0,97.85,touch=64MiB row=2048B span=80MiB rows=32768 lanes/row=64 rows/req=1 traversal=xw loads/req=2 inflight=2048B stride_mod_4k=2560
stride,rows1,,0,3072,278999.753,0.0000,240.5338,2887.0,2887.0,2887.0,97.52,touch=64MiB row=2048B span=96MiB rows=32768 lanes/row=64 rows/req=1 traversal=walk loads/req=1 inflight=1024B stride_mod_4k=3072
stride,rows1_xw,,0,3072,278252.529,0.0000,241.1797,2886.8,2886.0,2887.0,99.31,touch=64MiB row=2048B span=96MiB rows=32768 lanes/row=64 rows/req=1 traversal=xw loads/req=1 inflight=1024B stride_mod_4k=3072
stride,rows4,,0,3072,275690.224,0.0000,243.4213,2888.2,2888.0,2889.0,99.62,touch=64MiB row=2048B span=96MiB rows=32768 lanes/row=16 rows/req=4 traversal=walk loads/req=1 inflight=256B stride_mod_4k=3072
stride,rows4_xw,,0,3072,1068841.625,0.0000,62.7865,2890.7,2890.0,2891.0,98.03,touch=64MiB row=2048B span=96MiB rows=32768 lanes/row=16 rows/req=4 traversal=xw loads/req=1 inflight=256B stride_mod_4k=3072
stride,rows16,,0,3072,284868.066,0.0000,235.5788,2892.2,2892.0,2893.0,97.30,touch=64MiB row=2048B span=96MiB rows=32768 lanes/row=4 rows/req=16 traversal=walk loads/req=1 inflight=64B stride_mod_4k=3072
stride,rows16_xw,,0,3072,1585553.152,0.0000,42.3252,2894.0,2894.0,2894.0,96.19,touch=64MiB row=2048B span=96MiB rows=32768 lanes/row=4 rows/req=16 traversal=xw loads/req=1 inflight=64B stride_mod_4k=3072
stride,rows32,,0,3072,285671.328,0.0000,234.9163,2895.0,2895.0,2895.0,96.19,touch=64MiB row=2048B span=96MiB rows=32768 lanes/row=2 rows/req=32 traversal=walk loads/req=1 inflight=32B stride_mod_4k=3072
stride,rows32_xw,,0,3072,2247728.087,0.0000,29.8563,2896.0,2896.0,2896.0,93.85,touch=64MiB row=2048B span=96MiB rows=32768 lanes/row=2 rows/req=32 traversal=xw loads/req=1 inflight=32B stride_mod_4k=3072
stride,rows64,,0,3072,281458.392,0.0000,238.4326,2897.0,2897.0,2897.0,96.02,touch=64MiB row=2048B span=96MiB rows=32768 lanes/row=1 rows/req=64 traversal=walk loads/req=1 inflight=16B stride_mod_4k=3072
stride,rows64_xw,,0,3072,3434699.950,0.0000,19.5385,2897.0,2897.0,2897.0,95.37,touch=64MiB row=2048B span=96MiB rows=32768 lanes/row=1 rows/req=64 traversal=xw loads/req=1 inflight=16B stride_mod_4k=3072
stride,rows1_xw_l2,,0,3072,283692.080,0.0000,236.5553,2897.0,2897.0,2897.0,93.76,touch=64MiB row=2048B span=96MiB rows=32768 lanes/row=64 rows/req=1 traversal=xw loads/req=2 inflight=2048B stride_mod_4k=3072
stride,rows1,,0,4096,548031.033,0.0000,122.4545,2885.4,2885.0,2886.0,93.29,touch=64MiB row=2048B span=128MiB rows=32768 lanes/row=64 rows/req=1 traversal=walk loads/req=1 inflight=1024B stride_mod_4k=0
stride,rows1_xw,,0,4096,1100887.244,0.0000,60.9589,2887.4,2887.0,2888.0,92.72,touch=64MiB row=2048B span=128MiB rows=32768 lanes/row=64 rows/req=1 traversal=xw loads/req=1 inflight=1024B stride_mod_4k=0
stride,rows4,,0,4096,547410.187,0.0000,122.5934,2891.0,2891.0,2891.0,91.46,touch=64MiB row=2048B span=128MiB rows=32768 lanes/row=16 rows/req=4 traversal=walk loads/req=1 inflight=256B stride_mod_4k=0
stride,rows4_xw,,0,4096,4191415.700,0.0000,16.0110,2893.0,2893.0,2893.0,87.54,touch=64MiB row=2048B span=128MiB rows=32768 lanes/row=16 rows/req=4 traversal=xw loads/req=1 inflight=256B stride_mod_4k=0
stride,rows16,,0,4096,609887.679,0.0000,110.0348,2894.0,2894.0,2894.0,84.56,touch=64MiB row=2048B span=128MiB rows=32768 lanes/row=4 rows/req=16 traversal=walk loads/req=1 inflight=64B stride_mod_4k=0
stride,rows16_xw,,0,4096,9220102.300,0.0000,7.2785,2889.7,2889.0,2891.0,76.86,touch=64MiB row=2048B span=128MiB rows=32768 lanes/row=4 rows/req=16 traversal=xw loads/req=1 inflight=64B stride_mod_4k=0
stride,rows32,,0,4096,568008.571,0.0000,118.1476,2894.0,2894.0,2894.0,75.79,touch=64MiB row=2048B span=128MiB rows=32768 lanes/row=2 rows/req=32 traversal=walk loads/req=1 inflight=32B stride_mod_4k=0
stride,rows32_xw,,0,4096,17810371.900,0.0000,3.7680,2895.7,2895.0,2896.0,65.17,touch=64MiB row=2048B span=128MiB rows=32768 lanes/row=2 rows/req=32 traversal=xw loads/req=1 inflight=32B stride_mod_4k=0
stride,rows64,,0,4096,551060.346,0.0000,121.7813,2898.0,2898.0,2898.0,65.22,touch=64MiB row=2048B span=128MiB rows=32768 lanes/row=1 rows/req=64 traversal=walk loads/req=1 inflight=16B stride_mod_4k=0
stride,rows64_xw,,0,4096,35028168.214,0.0000,1.9159,2898.8,2898.0,2899.0,62.13,touch=64MiB row=2048B span=128MiB rows=32768 lanes/row=1 rows/req=64 traversal=xw loads/req=1 inflight=16B stride_mod_4k=0
stride,rows1_xw_l2,,0,4096,553166.012,0.0000,121.3178,2900.0,2900.0,2900.0,57.19,touch=64MiB row=2048B span=128MiB rows=32768 lanes/row=64 rows/req=1 traversal=xw loads/req=2 inflight=2048B stride_mod_4k=0
stride,rows1,,0,5120,277101.607,0.0000,242.1814,2884.0,2884.0,2885.0,63.10,touch=64MiB row=2048B span=160MiB rows=32768 lanes/row=64 rows/req=1 traversal=walk loads/req=1 inflight=1024B stride_mod_4k=1024
stride,rows1_xw,,0,5120,278997.993,0.0000,240.5353,2886.2,2886.0,2887.0,74.48,touch=64MiB row=2048B span=160MiB rows=32768 lanes/row=64 rows/req=1 traversal=xw loads/req=1 inflight=1024B stride_mod_4k=1024
stride,rows4,,0,5120,275887.590,0.0000,243.2471,2888.0,2888.0,2888.0,78.67,touch=64MiB row=2048B span=160MiB rows=32768 lanes/row=16 rows/req=4 traversal=walk loads/req=1 inflight=256B stride_mod_4k=1024
stride,rows4_xw,,0,5120,1068586.146,0.0000,62.8015,2890.4,2890.0,2891.0,81.72,touch=64MiB row=2048B span=160MiB rows=32768 lanes/row=16 rows/req=4 traversal=xw loads/req=1 inflight=256B stride_mod_4k=1024
stride,rows16,,0,5120,285372.978,0.0000,235.1619,2892.0,2892.0,2893.0,83.84,touch=64MiB row=2048B span=160MiB rows=32768 lanes/row=4 rows/req=16 traversal=walk loads/req=1 inflight=64B stride_mod_4k=1024
stride,rows16_xw,,0,5120,1505713.083,0.0000,44.5695,2894.0,2894.0,2894.0,85.30,touch=64MiB row=2048B span=160MiB rows=32768 lanes/row=4 rows/req=16 traversal=xw loads/req=1 inflight=64B stride_mod_4k=1024
stride,rows32,,0,5120,284808.069,0.0000,235.6284,2895.0,2895.0,2895.0,85.93,touch=64MiB row=2048B span=160MiB rows=32768 lanes/row=2 rows/req=32 traversal=walk loads/req=1 inflight=32B stride_mod_4k=1024
stride,rows32_xw,,0,5120,2142208.654,0.0000,31.3270,2896.5,2896.0,2897.0,86.47,touch=64MiB row=2048B span=160MiB rows=32768 lanes/row=2 rows/req=32 traversal=xw loads/req=1 inflight=32B stride_mod_4k=1024
stride,rows64,,0,5120,280744.412,0.0000,239.0390,2897.0,2897.0,2897.0,86.96,touch=64MiB row=2048B span=160MiB rows=32768 lanes/row=1 rows/req=64 traversal=walk loads/req=1 inflight=16B stride_mod_4k=1024
stride,rows64_xw,,0,5120,3112085.000,0.0000,21.5640,2897.2,2897.0,2898.0,90.07,touch=64MiB row=2048B span=160MiB rows=32768 lanes/row=1 rows/req=64 traversal=xw loads/req=1 inflight=16B stride_mod_4k=1024
stride,rows1_xw_l2,,0,5120,282971.657,0.0000,237.1575,2898.0,2898.0,2898.0,89.37,touch=64MiB row=2048B span=160MiB rows=32768 lanes/row=64 rows/req=1 traversal=xw loads/req=2 inflight=2048B stride_mod_4k=1024
stride,rows1,,0,6144,276577.611,0.0000,242.6403,2883.0,2883.0,2883.0,90.22,touch=64MiB row=2048B span=192MiB rows=32768 lanes/row=64 rows/req=1 traversal=walk loads/req=1 inflight=1024B stride_mod_4k=2048
stride,rows1_xw,,0,6144,562924.393,0.0000,119.2147,2888.0,2888.0,2888.0,92.12,touch=64MiB row=2048B span=192MiB rows=32768 lanes/row=64 rows/req=1 traversal=xw loads/req=1 inflight=1024B stride_mod_4k=2048
stride,rows4,,0,6144,275255.656,0.0000,243.8056,2890.2,2890.0,2891.0,93.99,touch=64MiB row=2048B span=192MiB rows=32768 lanes/row=16 rows/req=4 traversal=walk loads/req=1 inflight=256B stride_mod_4k=2048
stride,rows4_xw,,0,6144,2142697.217,0.0000,31.3198,2888.1,2888.0,2889.0,91.16,touch=64MiB row=2048B span=192MiB rows=32768 lanes/row=16 rows/req=4 traversal=xw loads/req=1 inflight=256B stride_mod_4k=2048
stride,rows16,,0,6144,286276.339,0.0000,234.4199,2889.0,2889.0,2889.0,91.38,touch=64MiB row=2048B span=192MiB rows=32768 lanes/row=4 rows/req=16 traversal=walk loads/req=1 inflight=64B stride_mod_4k=2048
stride,rows16_xw,,0,6144,3807905.050,0.0000,17.6236,2891.4,2891.0,2892.0,92.17,touch=64MiB row=2048B span=192MiB rows=32768 lanes/row=4 rows/req=16 traversal=xw loads/req=1 inflight=64B stride_mod_4k=2048
stride,rows32,,0,6144,286176.855,0.0000,234.5014,2893.7,2893.0,2894.0,90.73,touch=64MiB row=2048B span=192MiB rows=32768 lanes/row=2 rows/req=32 traversal=walk loads/req=1 inflight=32B stride_mod_4k=2048
stride,rows32_xw,,0,6144,6181609.100,0.0000,10.8562,2895.0,2895.0,2896.0,84.62,touch=64MiB row=2048B span=192MiB rows=32768 lanes/row=2 rows/req=32 traversal=xw loads/req=1 inflight=32B stride_mod_4k=2048
stride,rows64,,0,6144,281446.747,0.0000,238.4425,2896.0,2896.0,2896.0,81.44,touch=64MiB row=2048B span=192MiB rows=32768 lanes/row=1 rows/req=64 traversal=walk loads/req=1 inflight=16B stride_mod_4k=2048
stride,rows64_xw,,0,6144,9709590.300,0.0000,6.9116,2898.0,2898.0,2898.0,73.15,touch=64MiB row=2048B span=192MiB rows=32768 lanes/row=1 rows/req=64 traversal=xw loads/req=1 inflight=16B stride_mod_4k=2048
stride,rows1_xw_l2,,0,6144,285299.963,0.0000,235.2221,2899.0,2899.0,2899.0,76.45,touch=64MiB row=2048B span=192MiB rows=32768 lanes/row=64 rows/req=1 traversal=xw loads/req=2 inflight=2048B stride_mod_4k=2048
stride,rows1,,0,8192,552621.663,0.0000,121.4373,2879.0,2878.0,2879.0,77.47,touch=64MiB row=2048B span=256MiB rows=32768 lanes/row=64 rows/req=1 traversal=walk loads/req=1 inflight=1024B stride_mod_4k=0
stride,rows1_xw,,0,8192,1109291.073,0.0000,60.4971,2881.3,2881.0,2882.0,81.03,touch=64MiB row=2048B span=256MiB rows=32768 lanes/row=64 rows/req=1 traversal=xw loads/req=1 inflight=1024B stride_mod_4k=0
stride,rows4,,0,8192,550975.744,0.0000,121.8000,2882.6,2882.0,2883.0,81.76,touch=64MiB row=2048B span=256MiB rows=32768 lanes/row=16 rows/req=4 traversal=walk loads/req=1 inflight=256B stride_mod_4k=0
stride,rows4_xw,,0,8192,4224041.700,0.0000,15.8874,2887.9,2887.0,2888.0,81.03,touch=64MiB row=2048B span=256MiB rows=32768 lanes/row=16 rows/req=4 traversal=xw loads/req=1 inflight=256B stride_mod_4k=0
stride,rows16,,0,8192,571227.862,0.0000,117.4818,2890.0,2890.0,2890.0,79.47,touch=64MiB row=2048B span=256MiB rows=32768 lanes/row=4 rows/req=16 traversal=walk loads/req=1 inflight=64B stride_mod_4k=0
stride,rows16_xw,,0,8192,8896765.950,0.0000,7.5431,2895.3,2895.0,2896.0,71.94,touch=64MiB row=2048B span=256MiB rows=32768 lanes/row=4 rows/req=16 traversal=xw loads/req=1 inflight=64B stride_mod_4k=0
stride,rows32,,0,8192,571034.593,0.0000,117.5215,2896.1,2896.0,2897.0,73.59,touch=64MiB row=2048B span=256MiB rows=32768 lanes/row=2 rows/req=32 traversal=walk loads/req=1 inflight=32B stride_mod_4k=0
stride,rows32_xw,,0,8192,17798986.250,0.0000,3.7704,2898.0,2898.0,2899.0,64.95,touch=64MiB row=2048B span=256MiB rows=32768 lanes/row=2 rows/req=32 traversal=xw loads/req=1 inflight=32B stride_mod_4k=0
stride,rows64,,0,8192,555532.655,0.0000,120.8009,2899.0,2899.0,2899.0,62.26,touch=64MiB row=2048B span=256MiB rows=32768 lanes/row=1 rows/req=64 traversal=walk loads/req=1 inflight=16B stride_mod_4k=0
stride,rows64_xw,,0,8192,34895144.231,0.0000,1.9232,2900.0,2900.0,2900.0,59.22,touch=64MiB row=2048B span=256MiB rows=32768 lanes/row=1 rows/req=64 traversal=xw loads/req=1 inflight=16B stride_mod_4k=0
stride,rows1_xw_l2,,0,8192,557563.179,0.0000,120.3610,2900.0,2900.0,2900.0,57.78,touch=64MiB row=2048B span=256MiB rows=32768 lanes/row=64 rows/req=1 traversal=xw loads/req=2 inflight=2048B stride_mod_4k=0
stride,rows1,,0,10240,275473.103,0.0000,243.6131,2874.2,2874.0,2875.0,66.93,touch=64MiB row=2048B span=320MiB rows=32768 lanes/row=64 rows/req=1 traversal=walk loads/req=1 inflight=1024B stride_mod_4k=2048
stride,rows1_xw,,0,10240,557733.022,0.0000,120.3244,2880.4,2880.0,2881.0,73.60,touch=64MiB row=2048B span=320MiB rows=32768 lanes/row=64 rows/req=1 traversal=xw loads/req=1 inflight=1024B stride_mod_4k=2048
stride,rows4,,0,10240,273918.027,0.0000,244.9962,2883.7,2883.0,2884.0,79.76,touch=64MiB row=2048B span=320MiB rows=32768 lanes/row=16 rows/req=4 traversal=walk loads/req=1 inflight=256B stride_mod_4k=2048
stride,rows4_xw,,0,10240,2120104.739,0.0000,31.6536,2878.2,2878.0,2879.0,80.32,touch=64MiB row=2048B span=320MiB rows=32768 lanes/row=16 rows/req=4 traversal=xw loads/req=1 inflight=256B stride_mod_4k=2048
stride,rows16,,0,10240,282534.318,0.0000,237.5246,2879.7,2879.0,2880.0,80.97,touch=64MiB row=2048B span=320MiB rows=32768 lanes/row=4 rows/req=16 traversal=walk loads/req=1 inflight=64B stride_mod_4k=2048
stride,rows16_xw,,0,10240,3470860.650,0.0000,19.3349,2885.5,2885.0,2886.0,82.62,touch=64MiB row=2048B span=320MiB rows=32768 lanes/row=4 rows/req=16 traversal=xw loads/req=1 inflight=64B stride_mod_4k=2048
stride,rows32,,0,10240,281279.905,0.0000,238.5839,2888.0,2888.0,2888.0,81.66,touch=64MiB row=2048B span=320MiB rows=32768 lanes/row=2 rows/req=32 traversal=walk loads/req=1 inflight=32B stride_mod_4k=2048
stride,rows32_xw,,0,10240,5665524.550,0.0000,11.8451,2892.1,2892.0,2893.0,81.41,touch=64MiB row=2048B span=320MiB rows=32768 lanes/row=2 rows/req=32 traversal=xw loads/req=1 inflight=32B stride_mod_4k=2048
stride,rows64,,0,10240,280159.490,0.0000,239.5381,2894.7,2894.0,2895.0,82.94,touch=64MiB row=2048B span=320MiB rows=32768 lanes/row=1 rows/req=64 traversal=walk loads/req=1 inflight=16B stride_mod_4k=2048
stride,rows64_xw,,0,10240,9257934.150,0.0000,7.2488,2892.2,2891.0,2893.0,73.90,touch=64MiB row=2048B span=320MiB rows=32768 lanes/row=1 rows/req=64 traversal=xw loads/req=1 inflight=16B stride_mod_4k=2048
stride,rows1_xw_l2,,0,10240,282194.922,0.0000,237.8103,2893.0,2893.0,2893.0,73.83,touch=64MiB row=2048B span=320MiB rows=32768 lanes/row=64 rows/req=1 traversal=xw loads/req=2 inflight=2048B stride_mod_4k=2048
stride,rows1,,0,1024,17687.475,0.0000,948.5365,2865.4,2864.0,2866.0,87.96,touch=16MiB row=1024B span=16MiB rows=16384 lanes/row=64 rows/req=1 traversal=walk loads/req=1 inflight=1024B stride_mod_4k=1024
stride,rows1_xw,,0,1024,17861.308,0.0000,939.3050,2867.4,2867.0,2868.0,99.21,touch=16MiB row=1024B span=16MiB rows=16384 lanes/row=64 rows/req=1 traversal=xw loads/req=1 inflight=1024B stride_mod_4k=1024
stride,rows4,,0,1024,17707.092,0.0000,947.4857,2869.5,2869.0,2870.0,101.96,touch=16MiB row=1024B span=16MiB rows=16384 lanes/row=16 rows/req=4 traversal=walk loads/req=1 inflight=256B stride_mod_4k=1024
stride,rows4_xw,,0,1024,69481.741,0.0000,241.4622,2867.1,2866.0,2868.0,107.21,touch=16MiB row=1024B span=16MiB rows=16384 lanes/row=16 rows/req=4 traversal=xw loads/req=1 inflight=256B stride_mod_4k=1024
stride,rows16,,0,1024,17736.272,0.0000,945.9269,2875.6,2875.0,2876.0,109.04,touch=16MiB row=1024B span=16MiB rows=16384 lanes/row=4 rows/req=16 traversal=walk loads/req=1 inflight=64B stride_mod_4k=1024
stride,rows16_xw,,0,1024,127962.733,0.0000,131.1102,2875.7,2875.0,2876.0,110.37,touch=16MiB row=1024B span=16MiB rows=16384 lanes/row=4 rows/req=16 traversal=xw loads/req=1 inflight=64B stride_mod_4k=1024
stride,rows32,,0,1024,17779.554,0.0000,943.6241,2881.9,2881.0,2882.0,113.30,touch=16MiB row=1024B span=16MiB rows=16384 lanes/row=2 rows/req=32 traversal=walk loads/req=1 inflight=32B stride_mod_4k=1024
stride,rows32_xw,,0,1024,260344.187,0.0000,64.4424,2883.2,2883.0,2884.0,113.22,touch=16MiB row=1024B span=16MiB rows=16384 lanes/row=2 rows/req=32 traversal=xw loads/req=1 inflight=32B stride_mod_4k=1024
stride,rows64,,0,1024,21235.615,0.0000,790.0509,2885.0,2885.0,2885.0,111.43,touch=16MiB row=1024B span=16MiB rows=16384 lanes/row=1 rows/req=64 traversal=walk loads/req=1 inflight=16B stride_mod_4k=1024
stride,rows64_xw,,0,1024,477479.284,0.0000,35.1371,2886.4,2886.0,2887.0,112.52,touch=16MiB row=1024B span=16MiB rows=16384 lanes/row=1 rows/req=64 traversal=xw loads/req=1 inflight=16B stride_mod_4k=1024
stride,rows1,,0,1040,19028.750,0.0000,881.6772,2885.8,2885.0,2886.0,110.64,touch=16MiB row=1024B span=16MiB rows=16384 lanes/row=64 rows/req=1 traversal=walk loads/req=1 inflight=1024B stride_mod_4k=1040
stride,rows1_xw,,0,1040,17967.177,0.0000,933.7703,2888.0,2888.0,2888.0,115.78,touch=16MiB row=1024B span=16MiB rows=16384 lanes/row=64 rows/req=1 traversal=xw loads/req=1 inflight=1024B stride_mod_4k=1040
stride,rows4,,0,1040,17933.987,0.0000,935.4984,2889.9,2889.0,2890.0,119.45,touch=16MiB row=1024B span=16MiB rows=16384 lanes/row=16 rows/req=4 traversal=walk loads/req=1 inflight=256B stride_mod_4k=1040
stride,rows4_xw,,0,1040,25036.010,0.0000,670.1234,2883.6,2883.0,2884.0,122.90,touch=16MiB row=1024B span=16MiB rows=16384 lanes/row=16 rows/req=4 traversal=xw loads/req=1 inflight=256B stride_mod_4k=1040
stride,rows16,,0,1040,18098.916,0.0000,926.9735,2879.6,2879.0,2880.0,124.09,touch=16MiB row=1024B span=16MiB rows=16384 lanes/row=4 rows/req=16 traversal=walk loads/req=1 inflight=64B stride_mod_4k=1040
stride,rows16_xw,,0,1040,42261.755,0.0000,396.9834,2875.4,2875.0,2876.0,126.76,touch=16MiB row=1024B span=16MiB rows=16384 lanes/row=4 rows/req=16 traversal=xw loads/req=1 inflight=64B stride_mod_4k=1040
stride,rows32,,0,1040,18348.628,0.0000,914.3581,2876.9,2876.0,2877.0,127.30,touch=16MiB row=1024B span=16MiB rows=16384 lanes/row=2 rows/req=32 traversal=walk loads/req=1 inflight=32B stride_mod_4k=1040
stride,rows32_xw,,0,1040,44884.599,0.0000,373.7856,2869.5,2869.0,2870.0,129.18,touch=16MiB row=1024B span=16MiB rows=16384 lanes/row=2 rows/req=32 traversal=xw loads/req=1 inflight=32B stride_mod_4k=1040
stride,rows64,,0,1040,19882.303,0.0000,843.8266,2865.1,2865.0,2866.0,129.06,touch=16MiB row=1024B span=16MiB rows=16384 lanes/row=1 rows/req=64 traversal=walk loads/req=1 inflight=16B stride_mod_4k=1040
stride,rows64_xw,,0,1040,74837.600,0.0000,224.1816,2874.1,2873.0,2875.0,128.72,touch=16MiB row=1024B span=16MiB rows=16384 lanes/row=1 rows/req=64 traversal=xw loads/req=1 inflight=16B stride_mod_4k=1040
stride,rows1,,0,1088,20060.283,0.0000,836.3399,2874.0,2874.0,2874.0,128.88,touch=16MiB row=1024B span=17MiB rows=16384 lanes/row=64 rows/req=1 traversal=walk loads/req=1 inflight=1024B stride_mod_4k=1088
stride,rows1_xw,,0,1088,18807.177,0.0000,892.0645,2876.3,2876.0,2877.0,129.63,touch=16MiB row=1024B span=17MiB rows=16384 lanes/row=64 rows/req=1 traversal=xw loads/req=1 inflight=1024B stride_mod_4k=1088
stride,rows4,,0,1088,18741.874,0.0000,895.1728,2874.9,2874.0,2876.0,130.96,touch=16MiB row=1024B span=17MiB rows=16384 lanes/row=16 rows/req=4 traversal=walk loads/req=1 inflight=256B stride_mod_4k=1088
stride,rows4_xw,,0,1088,21873.303,0.0000,767.0180,2875.9,2875.0,2876.0,131.78,touch=16MiB row=1024B span=17MiB rows=16384 lanes/row=16 rows/req=4 traversal=xw loads/req=1 inflight=256B stride_mod_4k=1088
stride,rows16,,0,1088,18814.855,0.0000,891.7005,2871.4,2871.0,2872.0,132.41,touch=16MiB row=1024B span=17MiB rows=16384 lanes/row=4 rows/req=16 traversal=walk loads/req=1 inflight=64B stride_mod_4k=1088
stride,rows16_xw,,0,1088,24930.889,0.0000,672.9490,2874.5,2874.0,2875.0,133.61,touch=16MiB row=1024B span=17MiB rows=16384 lanes/row=4 rows/req=16 traversal=xw loads/req=1 inflight=64B stride_mod_4k=1088
stride,rows32,,0,1088,18908.152,0.0000,887.3007,2869.5,2869.0,2870.0,133.82,touch=16MiB row=1024B span=17MiB rows=16384 lanes/row=2 rows/req=32 traversal=walk loads/req=1 inflight=32B stride_mod_4k=1088
stride,rows32_xw,,0,1088,40825.233,0.0000,410.9521,2873.4,2873.0,2874.0,134.32,touch=16MiB row=1024B span=17MiB rows=16384 lanes/row=2 rows/req=32 traversal=xw loads/req=1 inflight=32B stride_mod_4k=1088
stride,rows64,,0,1088,19602.208,0.0000,855.8840,2876.8,2876.0,2877.0,134.67,touch=16MiB row=1024B span=17MiB rows=16384 lanes/row=1 rows/req=64 traversal=walk loads/req=1 inflight=16B stride_mod_4k=1088
stride,rows64_xw,,0,1088,76378.514,0.0000,219.6588,2878.4,2878.0,2879.0,134.34,touch=16MiB row=1024B span=17MiB rows=16384 lanes/row=1 rows/req=64 traversal=xw loads/req=1 inflight=16B stride_mod_4k=1088
stride,rows1,,0,1152,20138.263,0.0000,833.1015,2883.0,2883.0,2883.0,132.03,touch=16MiB row=1024B span=18MiB rows=16384 lanes/row=64 rows/req=1 traversal=walk loads/req=1 inflight=1024B stride_mod_4k=1152
stride,rows1_xw,,0,1152,17728.362,0.0000,946.3489,2885.1,2885.0,2886.0,133.00,touch=16MiB row=1024B span=18MiB rows=16384 lanes/row=64 rows/req=1 traversal=xw loads/req=1 inflight=1024B stride_mod_4k=1152
stride,rows4,,0,1152,17710.921,0.0000,947.2808,2885.1,2885.0,2886.0,134.69,touch=16MiB row=1024B span=18MiB rows=16384 lanes/row=16 rows/req=4 traversal=walk loads/req=1 inflight=256B stride_mod_4k=1152
stride,rows4_xw,,0,1152,17824.410,0.0000,941.2495,2886.0,2886.0,2887.0,135.13,touch=16MiB row=1024B span=18MiB rows=16384 lanes/row=16 rows/req=4 traversal=xw loads/req=1 inflight=256B stride_mod_4k=1152
stride,rows16,,0,1152,17749.105,0.0000,945.2430,2882.6,2882.0,2883.0,135.69,touch=16MiB row=1024B span=18MiB rows=16384 lanes/row=4 rows/req=16 traversal=walk loads/req=1 inflight=64B stride_mod_4k=1152
stride,rows16_xw,,0,1152,25524.319,0.0000,657.3032,2873.8,2873.0,2874.0,135.53,touch=16MiB row=1024B span=18MiB rows=16384 lanes/row=4 rows/req=16 traversal=xw loads/req=1 inflight=64B stride_mod_4k=1152
stride,rows32,,0,1152,17813.538,0.0000,941.8239,2877.0,2876.0,2878.0,135.39,touch=16MiB row=1024B span=18MiB rows=16384 lanes/row=2 rows/req=32 traversal=walk loads/req=1 inflight=32B stride_mod_4k=1152
stride,rows32_xw,,0,1152,43825.296,0.0000,382.8204,2867.5,2867.0,2868.0,134.84,touch=16MiB row=1024B span=18MiB rows=16384 lanes/row=2 rows/req=32 traversal=xw loads/req=1 inflight=32B stride_mod_4k=1152
stride,rows64,,0,1152,19327.939,0.0000,868.0292,2870.5,2870.0,2871.0,134.07,touch=16MiB row=1024B span=18MiB rows=16384 lanes/row=1 rows/req=64 traversal=walk loads/req=1 inflight=16B stride_mod_4k=1152
stride,rows64_xw,,0,1152,78435.498,0.0000,213.8983,2873.5,2873.0,2874.0,134.41,touch=16MiB row=1024B span=18MiB rows=16384 lanes/row=1 rows/req=64 traversal=xw loads/req=1 inflight=16B stride_mod_4k=1152
stride,rows1,,0,1280,19054.263,0.0000,880.4967,2877.9,2877.0,2878.0,132.21,touch=16MiB row=1024B span=20MiB rows=16384 lanes/row=64 rows/req=1 traversal=walk loads/req=1 inflight=1024B stride_mod_4k=1280
stride,rows1_xw,,0,1280,17809.868,0.0000,942.0180,2878.8,2878.0,2879.0,132.45,touch=16MiB row=1024B span=20MiB rows=16384 lanes/row=64 rows/req=1 traversal=xw loads/req=1 inflight=1024B stride_mod_4k=1280
stride,rows4,,0,1280,17762.498,0.0000,944.5302,2868.7,2868.0,2870.0,133.69,touch=16MiB row=1024B span=20MiB rows=16384 lanes/row=16 rows/req=4 traversal=walk loads/req=1 inflight=256B stride_mod_4k=1280
stride,rows4_xw,,0,1280,17835.942,0.0000,940.6409,2868.8,2868.0,2870.0,134.07,touch=16MiB row=1024B span=20MiB rows=16384 lanes/row=16 rows/req=4 traversal=xw loads/req=1 inflight=256B stride_mod_4k=1280
stride,rows16,,0,1280,17962.280,0.0000,934.0249,2855.0,2854.0,2860.0,134.61,touch=16MiB row=1024B span=20MiB rows=16384 lanes/row=4 rows/req=16 traversal=walk loads/req=1 inflight=64B stride_mod_4k=1280
stride,rows16_xw,,0,1280,25779.496,0.0000,650.7969,2841.8,2840.0,2853.0,134.60,touch=16MiB row=1024B span=20MiB rows=16384 lanes/row=4 rows/req=16 traversal=xw loads/req=1 inflight=64B stride_mod_4k=1280
stride,rows32,,0,1280,17815.780,0.0000,941.7054,2852.8,2852.0,2854.0,134.44,touch=16MiB row=1024B span=20MiB rows=16384 lanes/row=2 rows/req=32 traversal=walk loads/req=1 inflight=32B stride_mod_4k=1280
stride,rows32_xw,,0,1280,45201.015,0.0000,371.1690,2849.1,2848.0,2850.0,132.77,touch=16MiB row=1024B span=20MiB rows=16384 lanes/row=2 rows/req=32 traversal=xw loads/req=1 inflight=32B stride_mod_4k=1280
stride,rows64,,0,1280,19640.630,0.0000,854.2097,2853.4,2852.0,2854.0,132.44,touch=16MiB row=1024B span=20MiB rows=16384 lanes/row=1 rows/req=64 traversal=walk loads/req=1 inflight=16B stride_mod_4k=1280
stride,rows64_xw,,0,1280,80319.886,0.0000,208.8800,2856.5,2855.0,2858.0,132.33,touch=16MiB row=1024B span=20MiB rows=16384 lanes/row=1 rows/req=64 traversal=xw loads/req=1 inflight=16B stride_mod_4k=1280
stride,rows1,,0,1536,19100.631,0.0000,878.3592,2862.9,2862.0,2863.0,129.94,touch=16MiB row=1024B span=24MiB rows=16384 lanes/row=64 rows/req=1 traversal=walk loads/req=1 inflight=1024B stride_mod_4k=1536
stride,rows1_xw,,0,1536,17878.875,0.0000,938.3821,2864.6,2864.0,2866.0,130.24,touch=16MiB row=1024B span=24MiB rows=16384 lanes/row=64 rows/req=1 traversal=xw loads/req=1 inflight=1024B stride_mod_4k=1536
stride,rows4,,0,1536,17789.628,0.0000,943.0897,2857.3,2856.0,2858.0,131.18,touch=16MiB row=1024B span=24MiB rows=16384 lanes/row=16 rows/req=4 traversal=walk loads/req=1 inflight=256B stride_mod_4k=1536
stride,rows4_xw,,0,1536,34491.498,0.0000,486.4160,2856.6,2856.0,2857.0,130.23,touch=16MiB row=1024B span=24MiB rows=16384 lanes/row=16 rows/req=4 traversal=xw loads/req=1 inflight=256B stride_mod_4k=1536
stride,rows16,,0,1536,17969.595,0.0000,933.6446,2860.2,2859.0,2861.0,131.26,touch=16MiB row=1024B span=24MiB rows=16384 lanes/row=4 rows/req=16 traversal=walk loads/req=1 inflight=64B stride_mod_4k=1536
stride,rows16_xw,,0,1536,60902.283,0.0000,275.4776,2862.5,2862.0,2863.0,131.52,touch=16MiB row=1024B span=24MiB rows=16384 lanes/row=4 rows/req=16 traversal=xw loads/req=1 inflight=64B stride_mod_4k=1536
stride,rows32,,0,1536,17946.095,0.0000,934.8672,2854.9,2853.0,2871.0,128.14,touch=16MiB row=1024B span=24MiB rows=16384 lanes/row=2 rows/req=32 traversal=walk loads/req=1 inflight=32B stride_mod_4k=1536
stride,rows32_xw,,0,1536,114292.321,0.0000,146.7922,2858.3,2857.0,2859.0,125.05,touch=16MiB row=1024B span=24MiB rows=16384 lanes/row=2 rows/req=32 traversal=xw loads/req=1 inflight=32B stride_mod_4k=1536
stride,rows64,,0,1536,19874.687,0.0000,844.1500,2863.7,2863.0,2865.0,126.33,touch=16MiB row=1024B span=24MiB rows=16384 lanes/row=1 rows/req=64 traversal=walk loads/req=1 inflight=16B stride_mod_4k=1536
stride,rows64_xw,,0,1536,192442.585,0.0000,87.1804,2863.8,2863.0,2865.0,123.44,touch=16MiB row=1024B span=24MiB rows=16384 lanes/row=1 rows/req=64 traversal=xw loads/req=1 inflight=16B stride_mod_4k=1536
stride,rows1,,0,2048,40189.344,0.0000,417.4543,2866.3,2866.0,2867.0,122.22,touch=16MiB row=1024B span=32MiB rows=16384 lanes/row=64 rows/req=1 traversal=walk loads/req=1 inflight=1024B stride_mod_4k=2048
stride,rows1_xw,,0,2048,35757.726,0.0000,469.1914,2870.5,2870.0,2871.0,121.45,touch=16MiB row=1024B span=32MiB rows=16384 lanes/row=64 rows/req=1 traversal=xw loads/req=1 inflight=1024B stride_mod_4k=2048
stride,rows4,,0,2048,35750.515,0.0000,469.2860,2877.9,2877.0,2878.0,119.44,touch=16MiB row=1024B span=32MiB rows=16384 lanes/row=16 rows/req=4 traversal=walk loads/req=1 inflight=256B stride_mod_4k=2048
stride,rows4_xw,,0,2048,151672.217,0.0000,110.6150,2879.5,2879.0,2880.0,118.14,touch=16MiB row=1024B span=32MiB rows=16384 lanes/row=16 rows/req=4 traversal=xw loads/req=1 inflight=256B stride_mod_4k=2048
stride,rows16,,0,2048,36273.509,0.0000,462.5198,2885.8,2885.0,2886.0,112.86,touch=16MiB row=1024B span=32MiB rows=16384 lanes/row=4 rows/req=16 traversal=walk loads/req=1 inflight=64B stride_mod_4k=2048
stride,rows16_xw,,0,2048,301887.238,0.0000,55.5744,2887.0,2887.0,2887.0,112.71,touch=16MiB row=1024B span=32MiB rows=16384 lanes/row=4 rows/req=16 traversal=xw loads/req=1 inflight=64B stride_mod_4k=2048
stride,rows32,,0,2048,36358.866,0.0000,461.4340,2889.0,2889.0,2889.0,112.51,touch=16MiB row=1024B span=32MiB rows=16384 lanes/row=2 rows/req=32 traversal=walk loads/req=1 inflight=32B stride_mod_4k=2048
stride,rows32_xw,,0,2048,587897.009,0.0000,28.5377,2892.0,2892.0,2892.0,107.08,touch=16MiB row=1024B span=32MiB rows=16384 lanes/row=2 rows/req=32 traversal=xw loads/req=1 inflight=32B stride_mod_4k=2048
stride,rows64,,0,2048,47458.393,0.0000,353.5142,2893.0,2893.0,2893.0,107.03,touch=16MiB row=1024B span=32MiB rows=16384 lanes/row=1 rows/req=64 traversal=walk loads/req=1 inflight=16B stride_mod_4k=2048
stride,rows64_xw,,0,2048,1129479.109,0.0000,14.8539,2894.0,2894.0,2894.0,104.06,touch=16MiB row=1024B span=32MiB rows=16384 lanes/row=1 rows/req=64 traversal=xw loads/req=1 inflight=16B stride_mod_4k=2048
stride,rows1,,0,3072,19748.180,0.0000,849.5576,2893.0,2893.0,2893.0,104.01,touch=16MiB row=1024B span=48MiB rows=16384 lanes/row=64 rows/req=1 traversal=walk loads/req=1 inflight=1024B stride_mod_4k=3072
stride,rows1_xw,,0,3072,17753.689,0.0000,944.9989,2890.0,2890.0,2890.0,110.12,touch=16MiB row=1024B span=48MiB rows=16384 lanes/row=64 rows/req=1 traversal=xw loads/req=1 inflight=1024B stride_mod_4k=3072
stride,rows4,,0,3072,17679.854,0.0000,948.9454,2891.3,2891.0,2892.0,113.83,touch=16MiB row=1024B span=48MiB rows=16384 lanes/row=16 rows/req=4 traversal=walk loads/req=1 inflight=256B stride_mod_4k=3072
stride,rows4_xw,,0,3072,68203.118,0.0000,245.9890,2892.7,2892.0,2893.0,115.99,touch=16MiB row=1024B span=48MiB rows=16384 lanes/row=16 rows/req=4 traversal=xw loads/req=1 inflight=256B stride_mod_4k=3072
stride,rows16,,0,3072,17690.958,0.0000,948.3498,2894.4,2894.0,2895.0,115.27,touch=16MiB row=1024B span=48MiB rows=16384 lanes/row=4 rows/req=16 traversal=walk loads/req=1 inflight=64B stride_mod_4k=3072
stride,rows16_xw,,0,3072,144851.500,0.0000,115.8236,2884.0,2884.0,2884.0,117.42,touch=16MiB row=1024B span=48MiB rows=16384 lanes/row=4 rows/req=16 traversal=xw loads/req=1 inflight=64B stride_mod_4k=3072
stride,rows32,,0,3072,17728.783,0.0000,946.3264,2888.0,2888.0,2888.0,118.76,touch=16MiB row=1024B span=48MiB rows=16384 lanes/row=2 rows/req=32 traversal=walk loads/req=1 inflight=32B stride_mod_4k=3072
stride,rows32_xw,,0,3072,259975.628,0.0000,64.5338,2884.6,2884.0,2886.0,118.22,touch=16MiB row=1024B span=48MiB rows=16384 lanes/row=2 rows/req=32 traversal=xw loads/req=1 inflight=32B stride_mod_4k=3072
stride,rows64,,0,3072,20484.444,0.0000,819.0223,2885.4,2885.0,2886.0,117.25,touch=16MiB row=1024B span=48MiB rows=16384 lanes/row=1 rows/req=64 traversal=walk loads/req=1 inflight=16B stride_mod_4k=3072
stride,rows64_xw,,0,3072,477730.598,0.0000,35.1186,2886.5,2886.0,2887.0,116.99,touch=16MiB row=1024B span=48MiB rows=16384 lanes/row=1 rows/req=64 traversal=xw loads/req=1 inflight=16B stride_mod_4k=3072
stride,rows1,,0,4096,276429.783,0.0000,60.6925,2887.0,2887.0,2887.0,111.43,touch=16MiB row=1024B span=64MiB rows=16384 lanes/row=64 rows/req=1 traversal=walk loads/req=1 inflight=1024B stride_mod_4k=0
stride,rows1_xw,,0,4096,276492.450,0.0000,60.6787,2889.8,2889.0,2890.0,106.44,touch=16MiB row=1024B span=64MiB rows=16384 lanes/row=64 rows/req=1 traversal=xw loads/req=1 inflight=1024B stride_mod_4k=0
stride,rows4,,0,4096,276259.783,0.0000,60.7299,2892.7,2892.0,2893.0,100.24,touch=16MiB row=1024B span=64MiB rows=16384 lanes/row=16 rows/req=4 traversal=walk loads/req=1 inflight=256B stride_mod_4k=0
stride,rows4_xw,,0,4096,1009190.939,0.0000,16.6244,2893.0,2893.0,2893.0,99.17,touch=16MiB row=1024B span=64MiB rows=16384 lanes/row=16 rows/req=4 traversal=xw loads/req=1 inflight=256B stride_mod_4k=0
stride,rows16,,0,4096,306004.924,0.0000,54.8266,2895.0,2895.0,2895.0,95.49,touch=16MiB row=1024B span=64MiB rows=16384 lanes/row=4 rows/req=16 traversal=walk loads/req=1 inflight=64B stride_mod_4k=0
stride,rows16_xw,,0,4096,2098982.636,0.0000,7.9930,2896.0,2896.0,2896.0,92.77,touch=16MiB row=1024B span=64MiB rows=16384 lanes/row=4 rows/req=16 traversal=xw loads/req=1 inflight=64B stride_mod_4k=0
stride,rows32,,0,4096,286750.145,0.0000,58.5081,2896.0,2896.0,2896.0,91.32,touch=16MiB row=1024B span=64MiB rows=16384 lanes/row=2 rows/req=32 traversal=walk loads/req=1 inflight=32B stride_mod_4k=0
stride,rows32_xw,,0,4096,3410219.450,0.0000,4.9197,2895.4,2895.0,2896.0,87.37,touch=16MiB row=1024B span=64MiB rows=16384 lanes/row=2 rows/req=32 traversal=xw loads/req=1 inflight=32B stride_mod_4k=0
stride,rows64,,0,4096,286697.084,0.0000,58.5190,2896.0,2896.0,2896.0,87.04,touch=16MiB row=1024B span=64MiB rows=16384 lanes/row=1 rows/req=64 traversal=walk loads/req=1 inflight=16B stride_mod_4k=0
stride,rows64_xw,,0,4096,5826143.700,0.0000,2.8796,2897.0,2897.0,2897.0,85.28,touch=16MiB row=1024B span=64MiB rows=16384 lanes/row=1 rows/req=64 traversal=xw loads/req=1 inflight=16B stride_mod_4k=0
stride,rows1,,0,5120,20713.485,0.0000,809.9659,2898.0,2898.0,2898.0,83.66,touch=16MiB row=1024B span=80MiB rows=16384 lanes/row=64 rows/req=1 traversal=walk loads/req=1 inflight=1024B stride_mod_4k=1024
stride,rows1_xw,,0,5120,18077.586,0.0000,928.0673,2896.0,2896.0,2896.0,94.33,touch=16MiB row=1024B span=80MiB rows=16384 lanes/row=64 rows/req=1 traversal=xw loads/req=1 inflight=1024B stride_mod_4k=1024
stride,rows4,,0,5120,17936.581,0.0000,935.3631,2886.9,2886.0,2887.0,103.07,touch=16MiB row=1024B span=80MiB rows=16384 lanes/row=16 rows/req=4 traversal=walk loads/req=1 inflight=256B stride_mod_4k=1024
stride,rows4_xw,,0,5120,68904.218,0.0000,243.4861,2887.8,2887.0,2888.0,104.16,touch=16MiB row=1024B span=80MiB rows=16384 lanes/row=16 rows/req=4 traversal=xw loads/req=1 inflight=256B stride_mod_4k=1024
stride,rows16,,0,5120,18051.340,0.0000,929.4167,2891.0,2891.0,2891.0,106.45,touch=16MiB row=1024B span=80MiB rows=16384 lanes/row=4 rows/req=16 traversal=walk loads/req=1 inflight=64B stride_mod_4k=1024
stride,rows16_xw,,0,5120,151563.288,0.0000,110.6945,2885.9,2885.0,2886.0,109.48,touch=16MiB row=1024B span=80MiB rows=16384 lanes/row=4 rows/req=16 traversal=xw loads/req=1 inflight=64B stride_mod_4k=1024
stride,rows32,,0,5120,18139.846,0.0000,924.8819,2888.7,2888.0,2889.0,110.89,touch=16MiB row=1024B span=80MiB rows=16384 lanes/row=2 rows/req=32 traversal=walk loads/req=1 inflight=32B stride_mod_4k=1024
stride,rows32_xw,,0,5120,261206.338,0.0000,64.2297,2877.0,2876.0,2878.0,112.29,touch=16MiB row=1024B span=80MiB rows=16384 lanes/row=2 rows/req=32 traversal=xw loads/req=1 inflight=32B stride_mod_4k=1024
stride,rows64,,0,5120,21538.977,0.0000,778.9235,2883.0,2883.0,2883.0,111.06,touch=16MiB row=1024B span=80MiB rows=16384 lanes/row=1 rows/req=64 traversal=walk loads/req=1 inflight=16B stride_mod_4k=1024
stride,rows64_xw,,0,5120,478603.585,0.0000,35.0545,2885.1,2885.0,2886.0,113.26,touch=16MiB row=1024B span=80MiB rows=16384 lanes/row=1 rows/req=64 traversal=xw loads/req=1 inflight=16B stride_mod_4k=1024
stride,rows1,,0,7168,19763.088,0.0000,848.9167,2887.0,2887.0,2887.0,110.82,touch=16MiB row=1024B span=112MiB rows=16384 lanes/row=64 rows/req=1 traversal=walk loads/req=1 inflight=1024B stride_mod_4k=3072
stride,rows1_xw,,0,7168,17776.465,0.0000,943.7881,2888.0,2888.0,2888.0,114.15,touch=16MiB row=1024B span=112MiB rows=16384 lanes/row=64 rows/req=1 traversal=xw loads/req=1 inflight=1024B stride_mod_4k=3072
stride,rows4,,0,7168,17352.127,0.0000,966.8680,2887.4,2887.0,2888.0,117.71,touch=16MiB row=1024B span=112MiB rows=16384 lanes/row=16 rows/req=4 traversal=walk loads/req=1 inflight=256B stride_mod_4k=3072
stride,rows4_xw,,0,7168,68501.604,0.0000,244.9171,2879.9,2879.0,2880.0,120.56,touch=16MiB row=1024B span=112MiB rows=16384 lanes/row=16 rows/req=4 traversal=xw loads/req=1 inflight=256B stride_mod_4k=3072
stride,rows16,,0,7168,17799.742,0.0000,942.5539,2885.0,2885.0,2885.0,119.12,touch=16MiB row=1024B span=112MiB rows=16384 lanes/row=4 rows/req=16 traversal=walk loads/req=1 inflight=64B stride_mod_4k=3072
stride,rows16_xw,,0,7168,135053.752,0.0000,124.2262,2880.8,2880.0,2881.0,120.55,touch=16MiB row=1024B span=112MiB rows=16384 lanes/row=4 rows/req=16 traversal=xw loads/req=1 inflight=64B stride_mod_4k=3072
stride,rows32,,0,7168,17900.373,0.0000,937.2551,2884.9,2884.0,2885.0,116.69,touch=16MiB row=1024B span=112MiB rows=16384 lanes/row=2 rows/req=32 traversal=walk loads/req=1 inflight=32B stride_mod_4k=3072
stride,rows32_xw,,0,7168,254479.977,0.0000,65.9275,2877.8,2877.0,2878.0,119.40,touch=16MiB row=1024B span=112MiB rows=16384 lanes/row=2 rows/req=32 traversal=xw loads/req=1 inflight=32B stride_mod_4k=3072
stride,rows64,,0,7168,21244.737,0.0000,789.7116,2878.0,2878.0,2878.0,118.57,touch=16MiB row=1024B span=112MiB rows=16384 lanes/row=1 rows/req=64 traversal=walk loads/req=1 inflight=16B stride_mod_4k=3072
stride,rows64_xw,,0,7168,478487.248,0.0000,35.0630,2879.6,2879.0,2880.0,118.20,touch=16MiB row=1024B span=112MiB rows=16384 lanes/row=1 rows/req=64 traversal=xw loads/req=1 inflight=16B stride_mod_4k=3072
stride,rows1,,0,9216,20062.166,0.0000,836.2614,2882.0,2882.0,2882.0,113.75,touch=16MiB row=1024B span=144MiB rows=16384 lanes/row=64 rows/req=1 traversal=walk loads/req=1 inflight=1024B stride_mod_4k=1024
stride,rows1_xw,,0,9216,17386.049,0.0000,964.9815,2883.7,2883.0,2884.0,119.37,touch=16MiB row=1024B span=144MiB rows=16384 lanes/row=64 rows/req=1 traversal=xw loads/req=1 inflight=1024B stride_mod_4k=1024
stride,rows4,,0,9216,19555.482,0.0000,857.9290,2884.2,2884.0,2885.0,120.58,touch=16MiB row=1024B span=144MiB rows=16384 lanes/row=16 rows/req=4 traversal=walk loads/req=1 inflight=256B stride_mod_4k=1024
stride,rows4_xw,,0,9216,69383.114,0.0000,241.8055,2886.0,2886.0,2886.0,121.17,touch=16MiB row=1024B span=144MiB rows=16384 lanes/row=16 rows/req=4 traversal=xw loads/req=1 inflight=256B stride_mod_4k=1024
stride,rows16,,0,9216,17701.528,0.0000,947.7835,2882.0,2881.0,2882.0,119.72,touch=16MiB row=1024B span=144MiB rows=16384 lanes/row=4 rows/req=16 traversal=walk loads/req=1 inflight=64B stride_mod_4k=1024
stride,rows16_xw,,0,9216,149216.333,0.0000,112.4355,2878.7,2878.0,2883.0,119.82,touch=16MiB row=1024B span=144MiB rows=16384 lanes/row=4 rows/req=16 traversal=xw loads/req=1 inflight=64B stride_mod_4k=1024
stride,rows32,,0,9216,17700.210,0.0000,947.8541,2880.2,2880.0,2881.0,120.18,touch=16MiB row=1024B span=144MiB rows=16384 lanes/row=2 rows/req=32 traversal=walk loads/req=1 inflight=32B stride_mod_4k=1024
stride,rows32_xw,,0,9216,268886.006,0.0000,62.3953,2872.7,2872.0,2873.0,119.76,touch=16MiB row=1024B span=144MiB rows=16384 lanes/row=2 rows/req=32 traversal=xw loads/req=1 inflight=32B stride_mod_4k=1024
stride,rows64,,0,9216,21283.573,0.0000,788.2707,2880.6,2880.0,2881.0,119.55,touch=16MiB row=1024B span=144MiB rows=16384 lanes/row=1 rows/req=64 traversal=walk loads/req=1 inflight=16B stride_mod_4k=1024
stride,rows64_xw,,0,9216,478498.457,0.0000,35.0622,2881.9,2881.0,2882.0,119.20,touch=16MiB row=1024B span=144MiB rows=16384 lanes/row=1 rows/req=64 traversal=xw loads/req=1 inflight=16B stride_mod_4k=1024
stride,rows1,,0,1024,276322.983,0.0000,242.8639,2634.3,2629.0,2641.0,130.31,touch=64MiB row=1024B span=64MiB rows=65536 lanes/row=64 rows/req=1 traversal=walk loads/req=1 inflight=1024B stride_mod_4k=1024
stride,rows1_xw,,0,1024,276249.436,0.0000,242.9285,2702.0,2699.0,2706.0,133.29,touch=64MiB row=1024B span=64MiB rows=65536 lanes/row=64 rows/req=1 traversal=xw loads/req=1 inflight=1024B stride_mod_4k=1024
stride,rows4,,0,1024,275814.939,0.0000,243.3112,2744.7,2742.0,2748.0,134.94,touch=64MiB row=1024B span=64MiB rows=65536 lanes/row=16 rows/req=4 traversal=walk loads/req=1 inflight=256B stride_mod_4k=1024
stride,rows4_xw,,0,1024,1093547.956,0.0000,61.3680,2821.9,2820.0,2824.0,129.62,touch=64MiB row=1024B span=64MiB rows=65536 lanes/row=16 rows/req=4 traversal=xw loads/req=1 inflight=256B stride_mod_4k=1024
stride,rows16,,0,1024,287092.763,0.0000,233.7532,2832.4,2831.0,2834.0,124.32,touch=64MiB row=1024B span=64MiB rows=65536 lanes/row=4 rows/req=16 traversal=walk loads/req=1 inflight=64B stride_mod_4k=1024
stride,rows16_xw,,0,1024,2319561.476,0.0000,28.9317,2845.9,2845.0,2847.0,119.67,touch=64MiB row=1024B span=64MiB rows=65536 lanes/row=4 rows/req=16 traversal=xw loads/req=1 inflight=64B stride_mod_4k=1024
stride,rows32,,0,1024,291545.982,0.0000,230.1828,2859.6,2859.0,2861.0,112.84,touch=64MiB row=1024B span=64MiB rows=65536 lanes/row=2 rows/req=32 traversal=walk loads/req=1 inflight=32B stride_mod_4k=1024
stride,rows32_xw,,0,1024,4706127.700,0.0000,14.2599,2865.3,2864.0,2867.0,104.19,touch=64MiB row=1024B span=64MiB rows=65536 lanes/row=2 rows/req=32 traversal=xw loads/req=1 inflight=32B stride_mod_4k=1024
stride,rows64,,0,1024,289924.506,0.0000,231.4701,2875.0,2874.0,2876.0,100.83,touch=64MiB row=1024B span=64MiB rows=65536 lanes/row=1 rows/req=64 traversal=walk loads/req=1 inflight=16B stride_mod_4k=1024
stride,rows64_xw,,0,1024,9181376.700,0.0000,7.3092,2879.0,2877.0,2881.0,96.44,touch=64MiB row=1024B span=64MiB rows=65536 lanes/row=1 rows/req=64 traversal=xw loads/req=1 inflight=16B stride_mod_4k=1024
stride,rows1,,0,1040,284126.665,0.0000,236.1935,2875.4,2875.0,2876.0,83.46,touch=64MiB row=1024B span=65MiB rows=65536 lanes/row=64 rows/req=1 traversal=walk loads/req=1 inflight=1024B stride_mod_4k=1040
stride,rows1_xw,,0,1040,283963.165,0.0000,236.3295,2874.2,2874.0,2875.0,87.39,touch=64MiB row=1024B span=65MiB rows=65536 lanes/row=64 rows/req=1 traversal=xw loads/req=1 inflight=1024B stride_mod_4k=1040
stride,rows4,,0,1040,285050.960,0.0000,235.4276,2879.2,2879.0,2880.0,90.84,touch=64MiB row=1024B span=65MiB rows=65536 lanes/row=16 rows/req=4 traversal=walk loads/req=1 inflight=256B stride_mod_4k=1040
stride,rows4_xw,,0,1040,317776.671,0.0000,211.1825,2885.3,2885.0,2886.0,95.39,touch=64MiB row=1024B span=65MiB rows=65536 lanes/row=16 rows/req=4 traversal=xw loads/req=1 inflight=256B stride_mod_4k=1040
stride,rows16,,0,1040,291140.048,0.0000,230.5037,2887.4,2887.0,2888.0,96.56,touch=64MiB row=1024B span=65MiB rows=65536 lanes/row=4 rows/req=16 traversal=walk loads/req=1 inflight=64B stride_mod_4k=1040
stride,rows16_xw,,0,1040,337111.656,0.0000,199.0701,2889.9,2889.0,2890.0,100.68,touch=64MiB row=1024B span=65MiB rows=65536 lanes/row=4 rows/req=16 traversal=xw loads/req=1 inflight=64B stride_mod_4k=1040
stride,rows32,,0,1040,287161.294,0.0000,233.6975,2891.0,2891.0,2891.0,101.86,touch=64MiB row=1024B span=65MiB rows=65536 lanes/row=2 rows/req=32 traversal=walk loads/req=1 inflight=32B stride_mod_4k=1040
stride,rows32_xw,,0,1040,402969.122,0.0000,166.5360,2892.0,2892.0,2892.0,102.96,touch=64MiB row=1024B span=65MiB rows=65536 lanes/row=2 rows/req=32 traversal=xw loads/req=1 inflight=32B stride_mod_4k=1040
stride,rows64,,0,1040,288295.589,0.0000,232.7780,2894.2,2894.0,2895.0,105.58,touch=64MiB row=1024B span=65MiB rows=65536 lanes/row=1 rows/req=64 traversal=walk loads/req=1 inflight=16B stride_mod_4k=1040
stride,rows64_xw,,0,1040,544141.261,0.0000,123.3299,2888.5,2888.0,2889.0,106.80,touch=64MiB row=1024B span=65MiB rows=65536 lanes/row=1 rows/req=64 traversal=xw loads/req=1 inflight=16B stride_mod_4k=1040
stride,rows1,,0,1088,297279.457,0.0000,225.7434,2874.7,2874.0,2875.0,106.66,touch=64MiB row=1024B span=68MiB rows=65536 lanes/row=64 rows/req=1 traversal=walk loads/req=1 inflight=1024B stride_mod_4k=1088
stride,rows1_xw,,0,1088,297561.772,0.0000,225.5292,2876.6,2876.0,2877.0,106.50,touch=64MiB row=1024B span=68MiB rows=65536 lanes/row=64 rows/req=1 traversal=xw loads/req=1 inflight=1024B stride_mod_4k=1088
stride,rows4,,0,1088,298486.647,0.0000,224.8304,2883.5,2883.0,2884.0,106.23,touch=64MiB row=1024B span=68MiB rows=65536 lanes/row=16 rows/req=4 traversal=walk loads/req=1 inflight=256B stride_mod_4k=1088
stride,rows4_xw,,0,1088,304032.231,0.0000,220.7294,2885.9,2885.0,2886.0,105.82,touch=64MiB row=1024B span=68MiB rows=65536 lanes/row=16 rows/req=4 traversal=xw loads/req=1 inflight=256B stride_mod_4k=1088
stride,rows16,,0,1088,302132.007,0.0000,222.1177,2887.2,2887.0,2888.0,106.74,touch=64MiB row=1024B span=68MiB rows=65536 lanes/row=4 rows/req=16 traversal=walk loads/req=1 inflight=64B stride_mod_4k=1088
stride,rows16_xw,,0,1088,324900.904,0.0000,206.5518,2889.0,2889.0,2889.0,107.16,touch=64MiB row=1024B span=68MiB rows=65536 lanes/row=4 rows/req=16 traversal=xw loads/req=1 inflight=64B stride_mod_4k=1088
stride,rows32,,0,1088,304062.325,0.0000,220.7076,2891.7,2891.0,2892.0,107.22,touch=64MiB row=1024B span=68MiB rows=65536 lanes/row=2 rows/req=32 traversal=walk loads/req=1 inflight=32B stride_mod_4k=1088
stride,rows32_xw,,0,1088,440398.744,0.0000,152.3821,2893.0,2893.0,2893.0,107.54,touch=64MiB row=1024B span=68MiB rows=65536 lanes/row=2 rows/req=32 traversal=xw loads/req=1 inflight=32B stride_mod_4k=1088
stride,rows64,,0,1088,298433.559,0.0000,224.8704,2895.0,2895.0,2895.0,107.00,touch=64MiB row=1024B span=68MiB rows=65536 lanes/row=1 rows/req=64 traversal=walk loads/req=1 inflight=16B stride_mod_4k=1088
stride,rows64_xw,,0,1088,691788.605,0.0000,97.0078,2895.4,2895.0,2896.0,107.02,touch=64MiB row=1024B span=68MiB rows=65536 lanes/row=1 rows/req=64 traversal=xw loads/req=1 inflight=16B stride_mod_4k=1088
stride,rows1,,0,1152,280354.567,0.0000,239.3714,2883.6,2883.0,2884.0,106.01,touch=64MiB row=1024B span=72MiB rows=65536 lanes/row=64 rows/req=1 traversal=walk loads/req=1 inflight=1024B stride_mod_4k=1152
stride,rows1_xw,,0,1152,280032.884,0.0000,239.6464,2886.5,2886.0,2887.0,106.01,touch=64MiB row=1024B span=72MiB rows=65536 lanes/row=64 rows/req=1 traversal=xw loads/req=1 inflight=1024B stride_mod_4k=1152
stride,rows4,,0,1152,281808.847,0.0000,238.1361,2888.0,2888.0,2888.0,106.15,touch=64MiB row=1024B span=72MiB rows=65536 lanes/row=16 rows/req=4 traversal=walk loads/req=1 inflight=256B stride_mod_4k=1152
stride,rows4_xw,,0,1152,292634.589,0.0000,229.3265,2890.0,2890.0,2890.0,106.19,touch=64MiB row=1024B span=72MiB rows=65536 lanes/row=16 rows/req=4 traversal=xw loads/req=1 inflight=256B stride_mod_4k=1152
stride,rows16,,0,1152,285642.202,0.0000,234.9403,2891.0,2891.0,2891.0,105.99,touch=64MiB row=1024B span=72MiB rows=65536 lanes/row=4 rows/req=16 traversal=walk loads/req=1 inflight=64B stride_mod_4k=1152
stride,rows16_xw,,0,1152,358796.222,0.0000,187.0389,2892.3,2892.0,2893.0,105.73,touch=64MiB row=1024B span=72MiB rows=65536 lanes/row=4 rows/req=16 traversal=xw loads/req=1 inflight=64B stride_mod_4k=1152
stride,rows32,,0,1152,283356.972,0.0000,236.8351,2894.0,2894.0,2894.0,105.61,touch=64MiB row=1024B span=72MiB rows=65536 lanes/row=2 rows/req=32 traversal=walk loads/req=1 inflight=32B stride_mod_4k=1152
stride,rows32_xw,,0,1152,485332.134,0.0000,138.2741,2895.0,2895.0,2895.0,105.61,touch=64MiB row=1024B span=72MiB rows=65536 lanes/row=2 rows/req=32 traversal=xw loads/req=1 inflight=32B stride_mod_4k=1152
stride,rows64,,0,1152,280267.671,0.0000,239.4456,2894.0,2894.0,2894.0,107.20,touch=64MiB row=1024B span=72MiB rows=65536 lanes/row=1 rows/req=64 traversal=walk loads/req=1 inflight=16B stride_mod_4k=1152
stride,rows64_xw,,0,1152,733234.795,0.0000,91.5244,2895.0,2895.0,2895.0,107.45,touch=64MiB row=1024B span=72MiB rows=65536 lanes/row=1 rows/req=64 traversal=xw loads/req=1 inflight=16B stride_mod_4k=1152
stride,rows1,,0,1280,277479.975,0.0000,241.8512,2880.2,2880.0,2881.0,107.20,touch=64MiB row=1024B span=80MiB rows=65536 lanes/row=64 rows/req=1 traversal=walk loads/req=1 inflight=1024B stride_mod_4k=1280
stride,rows1_xw,,0,1280,277972.057,0.0000,241.4231,2885.3,2885.0,2886.0,106.96,touch=64MiB row=1024B span=80MiB rows=65536 lanes/row=64 rows/req=1 traversal=xw loads/req=1 inflight=1024B stride_mod_4k=1280
stride,rows4,,0,1280,277943.477,0.0000,241.4479,2887.0,2887.0,2887.0,107.24,touch=64MiB row=1024B span=80MiB rows=65536 lanes/row=16 rows/req=4 traversal=walk loads/req=1 inflight=256B stride_mod_4k=1280
stride,rows4_xw,,0,1280,279726.948,0.0000,239.9085,2888.7,2888.0,2889.0,107.14,touch=64MiB row=1024B span=80MiB rows=65536 lanes/row=16 rows/req=4 traversal=xw loads/req=1 inflight=256B stride_mod_4k=1280
stride,rows16,,0,1280,281104.461,0.0000,238.7328,2891.7,2891.0,2892.0,106.55,touch=64MiB row=1024B span=80MiB rows=65536 lanes/row=4 rows/req=16 traversal=walk loads/req=1 inflight=64B stride_mod_4k=1280
stride,rows16_xw,,0,1280,368071.000,0.0000,182.3259,2893.0,2893.0,2893.0,106.55,touch=64MiB row=1024B span=80MiB rows=65536 lanes/row=4 rows/req=16 traversal=xw loads/req=1 inflight=64B stride_mod_4k=1280
stride,rows32,,0,1280,280933.774,0.0000,238.8779,2894.0,2894.0,2894.0,106.34,touch=64MiB row=1024B span=80MiB rows=65536 lanes/row=2 rows/req=32 traversal=walk loads/req=1 inflight=32B stride_mod_4k=1280
stride,rows32_xw,,0,1280,517973.486,0.0000,129.5604,2896.0,2896.0,2896.0,105.58,touch=64MiB row=1024B span=80MiB rows=65536 lanes/row=2 rows/req=32 traversal=xw loads/req=1 inflight=32B stride_mod_4k=1280
stride,rows64,,0,1280,279383.542,0.0000,240.2034,2896.0,2896.0,2896.0,105.56,touch=64MiB row=1024B span=80MiB rows=65536 lanes/row=1 rows/req=64 traversal=walk loads/req=1 inflight=16B stride_mod_4k=1280
stride,rows64_xw,,0,1280,771525.029,0.0000,86.9821,2895.7,2895.0,2896.0,105.59,touch=64MiB row=1024B span=80MiB rows=65536 lanes/row=1 rows/req=64 traversal=xw loads/req=1 inflight=16B stride_mod_4k=1280
stride,rows1,,0,1536,278222.232,0.0000,241.2060,2885.0,2884.0,2885.0,105.08,touch=64MiB row=1024B span=96MiB rows=65536 lanes/row=64 rows/req=1 traversal=walk loads/req=1 inflight=1024B stride_mod_4k=1536
stride,rows1_xw,,0,1536,277881.699,0.0000,241.5016,2887.5,2887.0,2888.0,105.21,touch=64MiB row=1024B span=96MiB rows=65536 lanes/row=64 rows/req=1 traversal=xw loads/req=1 inflight=1024B stride_mod_4k=1536
stride,rows4,,0,1536,277103.833,0.0000,242.1795,2889.0,2889.0,2889.0,105.27,touch=64MiB row=1024B span=96MiB rows=65536 lanes/row=16 rows/req=4 traversal=walk loads/req=1 inflight=256B stride_mod_4k=1536
stride,rows4_xw,,0,1536,560211.793,0.0000,119.7920,2883.6,2883.0,2884.0,104.46,touch=64MiB row=1024B span=96MiB rows=65536 lanes/row=16 rows/req=4 traversal=xw loads/req=1 inflight=256B stride_mod_4k=1536
stride,rows16,,0,1536,284192.495,0.0000,236.1388,2886.8,2886.0,2887.0,103.50,touch=64MiB row=1024B span=96MiB rows=65536 lanes/row=4 rows/req=16 traversal=walk loads/req=1 inflight=64B stride_mod_4k=1536
stride,rows16_xw,,0,1536,811076.132,0.0000,82.7405,2890.0,2890.0,2890.0,102.50,touch=64MiB row=1024B span=96MiB rows=65536 lanes/row=4 rows/req=16 traversal=xw loads/req=1 inflight=64B stride_mod_4k=1536
stride,rows32,,0,1536,284361.230,0.0000,235.9986,2890.6,2890.0,2891.0,102.17,touch=64MiB row=1024B span=96MiB rows=65536 lanes/row=2 rows/req=32 traversal=walk loads/req=1 inflight=32B stride_mod_4k=1536
stride,rows32_xw,,0,1536,1197826.357,0.0000,56.0255,2892.5,2892.0,2893.0,102.24,touch=64MiB row=1024B span=96MiB rows=65536 lanes/row=2 rows/req=32 traversal=xw loads/req=1 inflight=32B stride_mod_4k=1536
stride,rows64,,0,1536,280679.617,0.0000,239.0942,2890.3,2890.0,2895.0,102.13,touch=64MiB row=1024B span=96MiB rows=65536 lanes/row=1 rows/req=64 traversal=walk loads/req=1 inflight=16B stride_mod_4k=1536
stride,rows64_xw,,0,1536,1798299.643,0.0000,37.3180,2891.0,2890.0,2891.0,101.98,touch=64MiB row=1024B span=96MiB rows=65536 lanes/row=1 rows/req=64 traversal=xw loads/req=1 inflight=16B stride_mod_4k=1536
stride,rows1,,0,2048,558794.462,0.0000,120.0958,2879.9,2879.0,2880.0,99.35,touch=64MiB row=1024B span=128MiB rows=65536 lanes/row=64 rows/req=1 traversal=walk loads/req=1 inflight=1024B stride_mod_4k=2048
stride,rows1_xw,,0,2048,559338.247,0.0000,119.9790,2882.6,2882.0,2883.0,98.46,touch=64MiB row=1024B span=128MiB rows=65536 lanes/row=64 rows/req=1 traversal=xw loads/req=1 inflight=1024B stride_mod_4k=2048
stride,rows4,,0,2048,550575.481,0.0000,121.8886,2887.0,2886.0,2887.0,97.43,touch=64MiB row=1024B span=128MiB rows=65536 lanes/row=16 rows/req=4 traversal=walk loads/req=1 inflight=256B stride_mod_4k=2048
stride,rows4_xw,,0,2048,2200213.136,0.0000,30.5011,2888.7,2888.0,2889.0,95.52,touch=64MiB row=1024B span=128MiB rows=65536 lanes/row=16 rows/req=4 traversal=xw loads/req=1 inflight=256B stride_mod_4k=2048
stride,rows16,,0,2048,595052.141,0.0000,112.7781,2891.0,2891.0,2891.0,94.24,touch=64MiB row=1024B span=128MiB rows=65536 lanes/row=4 rows/req=16 traversal=walk loads/req=1 inflight=64B stride_mod_4k=2048
stride,rows16_xw,,0,2048,4709325.750,0.0000,14.2502,2892.2,2892.0,2893.0,92.32,touch=64MiB row=1024B span=128MiB rows=65536 lanes/row=4 rows/req=16 traversal=xw loads/req=1 inflight=64B stride_mod_4k=2048
stride,rows32,,0,2048,594514.781,0.0000,112.8801,2895.0,2895.0,2895.0,87.97,touch=64MiB row=1024B span=128MiB rows=65536 lanes/row=2 rows/req=32 traversal=walk loads/req=1 inflight=32B stride_mod_4k=2048
stride,rows32_xw,,0,2048,9415569.650,0.0000,7.1274,2896.9,2896.0,2897.0,80.23,touch=64MiB row=1024B span=128MiB rows=65536 lanes/row=2 rows/req=32 traversal=xw loads/req=1 inflight=32B stride_mod_4k=2048
stride,rows64,,0,2048,561205.598,0.0000,119.5798,2898.0,2898.0,2898.0,77.16,touch=64MiB row=1024B span=128MiB rows=65536 lanes/row=1 rows/req=64 traversal=walk loads/req=1 inflight=16B stride_mod_4k=2048
stride,rows64_xw,,0,2048,18750167.550,0.0000,3.5791,2899.0,2899.0,2899.0,67.99,touch=64MiB row=1024B span=128MiB rows=65536 lanes/row=1 rows/req=64 traversal=xw loads/req=1 inflight=16B stride_mod_4k=2048
stride,rows1,,0,3072,276927.022,0.0000,242.3341,2887.0,2887.0,2887.0,67.12,touch=64MiB row=1024B span=192MiB rows=65536 lanes/row=64 rows/req=1 traversal=walk loads/req=1 inflight=1024B stride_mod_4k=3072
stride,rows1_xw,,0,3072,276640.225,0.0000,242.5853,2889.2,2889.0,2890.0,74.08,touch=64MiB row=1024B span=192MiB rows=65536 lanes/row=64 rows/req=1 traversal=xw loads/req=1 inflight=1024B stride_mod_4k=3072
stride,rows4,,0,3072,276356.856,0.0000,242.8341,2891.1,2891.0,2892.0,79.74,touch=64MiB row=1024B span=192MiB rows=65536 lanes/row=16 rows/req=4 traversal=walk loads/req=1 inflight=256B stride_mod_4k=3072
stride,rows4_xw,,0,3072,1098545.022,0.0000,61.0889,2893.0,2893.0,2893.0,82.46,touch=64MiB row=1024B span=192MiB rows=65536 lanes/row=16 rows/req=4 traversal=xw loads/req=1 inflight=256B stride_mod_4k=3072
stride,rows16,,0,3072,287538.490,0.0000,233.3909,2890.7,2890.0,2891.0,85.74,touch=64MiB row=1024B span=192MiB rows=65536 lanes/row=4 rows/req=16 traversal=walk loads/req=1 inflight=64B stride_mod_4k=3072
stride,rows16_xw,,0,3072,1932730.750,0.0000,34.7223,2891.0,2891.0,2891.0,86.13,touch=64MiB row=1024B span=192MiB rows=65536 lanes/row=4 rows/req=16 traversal=xw loads/req=1 inflight=64B stride_mod_4k=3072
stride,rows32,,0,3072,286686.401,0.0000,234.0846,2893.0,2893.0,2893.0,85.59,touch=64MiB row=1024B span=192MiB rows=65536 lanes/row=2 rows/req=32 traversal=walk loads/req=1 inflight=32B stride_mod_4k=3072
stride,rows32_xw,,0,3072,3308239.650,0.0000,20.2854,2894.5,2894.0,2895.0,87.71,touch=64MiB row=1024B span=192MiB rows=65536 lanes/row=2 rows/req=32 traversal=xw loads/req=1 inflight=32B stride_mod_4k=3072
stride,rows64,,0,3072,283760.749,0.0000,236.4981,2893.0,2893.0,2893.0,88.25,touch=64MiB row=1024B span=192MiB rows=65536 lanes/row=1 rows/req=64 traversal=walk loads/req=1 inflight=16B stride_mod_4k=3072
stride,rows64_xw,,0,3072,5575741.950,0.0000,12.0359,2894.0,2894.0,2894.0,87.26,touch=64MiB row=1024B span=192MiB rows=65536 lanes/row=1 rows/req=64 traversal=xw loads/req=1 inflight=16B stride_mod_4k=3072
stride,rows1,,0,4096,1103908.171,0.0000,60.7921,2885.0,2885.0,2885.0,81.95,touch=64MiB row=1024B span=256MiB rows=65536 lanes/row=64 rows/req=1 traversal=walk loads/req=1 inflight=1024B stride_mod_4k=0
stride,rows1_xw,,0,4096,1104285.711,0.0000,60.7713,2887.0,2887.0,2887.0,81.92,touch=64MiB row=1024B span=256MiB rows=65536 lanes/row=64 rows/req=1 traversal=xw loads/req=1 inflight=1024B stride_mod_4k=0
stride,rows4,,0,4096,1101549.844,0.0000,60.9222,2890.3,2890.0,2891.0,82.12,touch=64MiB row=1024B span=256MiB rows=65536 lanes/row=16 rows/req=4 traversal=walk loads/req=1 inflight=256B stride_mod_4k=0
stride,rows4_xw,,0,4096,4334078.800,0.0000,15.4840,2893.0,2893.0,2893.0,78.58,touch=64MiB row=1024B span=256MiB rows=65536 lanes/row=16 rows/req=4 traversal=xw loads/req=1 inflight=256B stride_mod_4k=0
stride,rows16,,0,4096,1223559.500,0.0000,54.8472,2894.8,2894.0,2895.0,78.96,touch=64MiB row=1024B span=256MiB rows=65536 lanes/row=4 rows/req=16 traversal=walk loads/req=1 inflight=64B stride_mod_4k=0
stride,rows16_xw,,0,4096,9536006.500,0.0000,7.0374,2896.4,2896.0,2897.0,72.92,touch=64MiB row=1024B span=256MiB rows=65536 lanes/row=4 rows/req=16 traversal=xw loads/req=1 inflight=64B stride_mod_4k=0
stride,rows32,,0,4096,1150423.854,0.0000,58.3340,2898.0,2898.0,2898.0,70.21,touch=64MiB row=1024B span=256MiB rows=65536 lanes/row=2 rows/req=32 traversal=walk loads/req=1 inflight=32B stride_mod_4k=0
stride,rows32_xw,,0,4096,18387019.550,0.0000,3.6498,2898.3,2898.0,2899.0,67.04,touch=64MiB row=1024B span=256MiB rows=65536 lanes/row=2 rows/req=32 traversal=xw loads/req=1 inflight=32B stride_mod_4k=0
stride,rows64,,0,4096,1129487.025,0.0000,59.4153,2899.0,2899.0,2899.0,61.01,touch=64MiB row=1024B span=256MiB rows=65536 lanes/row=1 rows/req=64 traversal=walk loads/req=1 inflight=16B stride_mod_4k=0
stride,rows64_xw,,0,4096,36613423.667,0.0000,1.8329,2900.0,2900.0,2900.0,56.80,touch=64MiB row=1024B span=256MiB rows=65536 lanes/row=1 rows/req=64 traversal=xw loads/req=1 inflight=16B stride_mod_4k=0
stride,rows1,,0,5120,274323.145,0.0000,244.6343,2890.0,2890.0,2890.0,60.92,touch=64MiB row=1024B span=320MiB rows=65536 lanes/row=64 rows/req=1 traversal=walk loads/req=1 inflight=1024B stride_mod_4k=1024
stride,rows1_xw,,0,5120,273852.626,0.0000,245.0547,2891.0,2891.0,2891.0,66.02,touch=64MiB row=1024B span=320MiB rows=65536 lanes/row=64 rows/req=1 traversal=xw loads/req=1 inflight=1024B stride_mod_4k=1024
stride,rows4,,0,5120,273798.864,0.0000,245.1028,2891.0,2891.0,2891.0,72.71,touch=64MiB row=1024B span=320MiB rows=65536 lanes/row=16 rows/req=4 traversal=walk loads/req=1 inflight=256B stride_mod_4k=1024
stride,rows4_xw,,0,5120,1084515.370,0.0000,61.8791,2892.7,2892.0,2893.0,76.52,touch=64MiB row=1024B span=320MiB rows=65536 lanes/row=16 rows/req=4 traversal=xw loads/req=1 inflight=256B stride_mod_4k=1024
stride,rows16,,0,5120,283361.795,0.0000,236.8310,2894.0,2894.0,2894.0,79.45,touch=64MiB row=1024B span=320MiB rows=65536 lanes/row=4 rows/req=16 traversal=walk loads/req=1 inflight=64B stride_mod_4k=1024
stride,rows16_xw,,0,5120,1775319.310,0.0000,37.8010,2895.0,2895.0,2895.0,81.63,touch=64MiB row=1024B span=320MiB rows=65536 lanes/row=4 rows/req=16 traversal=xw loads/req=1 inflight=64B stride_mod_4k=1024
stride,rows32,,0,5120,281763.011,0.0000,238.1749,2895.0,2895.0,2895.0,82.71,touch=64MiB row=1024B span=320MiB rows=65536 lanes/row=2 rows/req=32 traversal=walk loads/req=1 inflight=32B stride_mod_4k=1024
stride,rows32_xw,,0,5120,2900787.500,0.0000,23.1347,2896.2,2896.0,2897.0,84.56,touch=64MiB row=1024B span=320MiB rows=65536 lanes/row=2 rows/req=32 traversal=xw loads/req=1 inflight=32B stride_mod_4k=1024
stride,rows64,,0,5120,277991.857,0.0000,241.4059,2897.0,2897.0,2897.0,88.33,touch=64MiB row=1024B span=320MiB rows=65536 lanes/row=1 rows/req=64 traversal=walk loads/req=1 inflight=16B stride_mod_4k=1024
stride,rows64_xw,,0,5120,4926107.650,0.0000,13.6231,2897.0,2897.0,2897.0,87.90,touch=64MiB row=1024B span=320MiB rows=65536 lanes/row=1 rows/req=64 traversal=xw loads/req=1 inflight=16B stride_mod_4k=1024
stride,rows1,,0,7168,278809.971,0.0000,240.6975,2884.9,2884.0,2885.0,86.43,touch=64MiB row=1024B span=448MiB rows=65536 lanes/row=64 rows/req=1 traversal=walk loads/req=1 inflight=1024B stride_mod_4k=3072
stride,rows1_xw,,0,7168,278658.663,0.0000,240.8282,2886.9,2886.0,2887.0,88.97,touch=64MiB row=1024B span=448MiB rows=65536 lanes/row=64 rows/req=1 traversal=xw loads/req=1 inflight=1024B stride_mod_4k=3072
stride,rows4,,0,7168,278614.684,0.0000,240.8662,2889.0,2889.0,2889.0,92.02,touch=64MiB row=1024B span=448MiB rows=65536 lanes/row=16 rows/req=4 traversal=walk loads/req=1 inflight=256B stride_mod_4k=3072
stride,rows4_xw,,0,7168,1098662.578,0.0000,61.0823,2891.0,2891.0,2891.0,92.25,touch=64MiB row=1024B span=448MiB rows=65536 lanes/row=16 rows/req=4 traversal=xw loads/req=1 inflight=256B stride_mod_4k=3072
stride,rows16,,0,7168,287467.347,0.0000,233.4486,2892.3,2892.0,2893.0,91.85,touch=64MiB row=1024B span=448MiB rows=65536 lanes/row=4 rows/req=16 traversal=walk loads/req=1 inflight=64B stride_mod_4k=3072
stride,rows16_xw,,0,7168,1818927.261,0.0000,36.8947,2895.0,2894.0,2895.0,92.76,touch=64MiB row=1024B span=448MiB rows=65536 lanes/row=4 rows/req=16 traversal=xw loads/req=1 inflight=64B stride_mod_4k=3072
stride,rows32,,0,7168,285570.565,0.0000,234.9992,2895.0,2895.0,2895.0,92.88,touch=64MiB row=1024B span=448MiB rows=65536 lanes/row=2 rows/req=32 traversal=walk loads/req=1 inflight=32B stride_mod_4k=3072
stride,rows32_xw,,0,7168,2910215.400,0.0000,23.0598,2896.0,2896.0,2896.0,92.13,touch=64MiB row=1024B span=448MiB rows=65536 lanes/row=2 rows/req=32 traversal=xw loads/req=1 inflight=32B stride_mod_4k=3072
stride,rows64,,0,7168,280617.375,0.0000,239.1472,2897.0,2897.0,2897.0,93.13,touch=64MiB row=1024B span=448MiB rows=65536 lanes/row=1 rows/req=64 traversal=walk loads/req=1 inflight=16B stride_mod_4k=3072
stride,rows64_xw,,0,7168,4853766.200,0.0000,13.8261,2898.0,2898.0,2898.0,87.64,touch=64MiB row=1024B span=448MiB rows=65536 lanes/row=1 rows/req=64 traversal=xw loads/req=1 inflight=16B stride_mod_4k=3072
stride,rows1,,0,9216,281142.301,0.0000,238.7007,2885.6,2885.0,2886.0,88.21,touch=64MiB row=1024B span=576MiB rows=65536 lanes/row=64 rows/req=1 traversal=walk loads/req=1 inflight=1024B stride_mod_4k=1024
stride,rows1_xw,,0,9216,280916.926,0.0000,238.8922,2888.0,2888.0,2888.0,91.22,touch=64MiB row=1024B span=576MiB rows=65536 lanes/row=64 rows/req=1 traversal=xw loads/req=1 inflight=1024B stride_mod_4k=1024
stride,rows4,,0,9216,280857.469,0.0000,238.9428,2891.0,2891.0,2891.0,94.45,touch=64MiB row=1024B span=576MiB rows=65536 lanes/row=16 rows/req=4 traversal=walk loads/req=1 inflight=256B stride_mod_4k=1024
stride,rows4_xw,,0,9216,1108359.946,0.0000,60.5479,2893.0,2892.0,2893.0,93.73,touch=64MiB row=1024B span=576MiB rows=65536 lanes/row=16 rows/req=4 traversal=xw loads/req=1 inflight=256B stride_mod_4k=1024
stride,rows16,,0,9216,290525.333,0.0000,230.9914,2893.0,2893.0,2893.0,93.78,touch=64MiB row=1024B span=576MiB rows=65536 lanes/row=4 rows/req=16 traversal=walk loads/req=1 inflight=64B stride_mod_4k=1024
stride,rows16_xw,,0,9216,1745852.783,0.0000,38.4390,2891.1,2891.0,2892.0,95.41,touch=64MiB row=1024B span=576MiB rows=65536 lanes/row=4 rows/req=16 traversal=xw loads/req=1 inflight=64B stride_mod_4k=1024
stride,rows32,,0,9216,289027.576,0.0000,232.1884,2893.0,2893.0,2893.0,94.53,touch=64MiB row=1024B span=576MiB rows=65536 lanes/row=2 rows/req=32 traversal=walk loads/req=1 inflight=32B stride_mod_4k=1024
stride,rows32_xw,,0,9216,2670225.450,0.0000,25.1323,2895.0,2895.0,2895.0,92.45,touch=64MiB row=1024B span=576MiB rows=65536 lanes/row=2 rows/req=32 traversal=xw loads/req=1 inflight=32B stride_mod_4k=1024
stride,rows64,,0,9216,285155.256,0.0000,235.3415,2896.0,2896.0,2896.0,93.06,touch=64MiB row=1024B span=576MiB rows=65536 lanes/row=1 rows/req=64 traversal=walk loads/req=1 inflight=16B stride_mod_4k=1024
stride,rows64_xw,,0,9216,4240917.750,0.0000,15.8241,2897.0,2897.0,2897.0,90.41,touch=64MiB row=1024B span=576MiB rows=65536 lanes/row=1 rows/req=64 traversal=xw loads/req=1 inflight=16B stride_mod_4k=1024
